hnid,school,field_of_study,year
0505gonzalez,Oakland Military Institute,Computer Science,2010
0505gonzalez,"University of California, Berkeley",Computer Science,2013
0leksandra,Kharkiv National University,Computer Science,2015
0x4e53,Mississippi Gulf Coast Community College,Network Security,2016
0x63_Problems,"University of California, San Diego - Jacobs School of Engineering","Computer Science, Minor In Mathematics",2018
0xDA7A,Politecnico di Milano,Biomedical Engineering,2017
0xDA7A,The Hong Kong University of Science and Technology,Electrical Engineering,2018
0xDA7A,"University of California, Berkeley",Biorobotics,2019
0xshinigami,"Indian Institute of Technology, Guwahati",Electronics And Communications Engineering,2014
0xshinigami,"University of California, Irvine",Computer Networks,2017
100k,University of Minnesota,Computer Science,2001
100kristine,"University of California, Berkeley","History, Biology",2012
100kristine,"University of California, Berkeley",Information Science,2015
1080pieces,Stanford University,Computer Science,2025
10millerse,Duke University,Computer Science,2014
10millerse,Harvard Business School Online,Disruptive Strategy,2019
110,"Birla Institute of Technology and Science, Pilani",Electronics And Instrumentation,2014
110,Dartmouth College,Computer Science,2017
14perkinss,Princeton University,"Economics, Computer Science",2018
15baraniana,"University of California, Berkeley",Structural Engineering,2020
15baraniana,University of Michigan,Civil Engineering,2018
15mariams,Duke University,Computer Science,2019
2arrs2ells,Harvard University,"Human Evolutionary Biology, Computer Science",2009
3solarmasses,University of Colorado Boulder,"Biochemistry Biochemistry, Chemistry, Physics",2004
4growers,University of Pittsburgh Swanson School of Engineering,Electrical And Electronics Engineering,2017
4thstreet,University College London,Psychology,2014
5tan,Higher School of Economics,Computer Science,2020
64jinseo,Georgia Institute of Technology,Computer Science,2021
64jinseo,National University of Singapore,Computer Science,2019
747ab,Duke University,Public Policy Studies / International Relations,2000
747ab,"The Wharton School, University of Pennsylvania",Integrated Strategy,2007
747ab,University of Pennsylvania - The Lauder Institute,"International Studies, Focus On Brazil / Portuguese Language",2007
7cupsoftea,Carnegie Mellon University,Information Systems Management,2012
7cupsoftea,Coursera,Education,2014
7cupsoftea,Stanford University,American Poverty,2017
7cupsoftea,Y Combinator,Entrepreneurship,2014
99minutos,UNIVERSIDAD IBEROAMERICANA,Industrial Engineer,2012
99minutos,"Universidad Iberoamericana, Ciudad de México",Industrial Engineering,2012
99minutos,Y Combinator,W20,2020
9ranty,University of Auckland,Marketing And Economics,2012
AChelikani,California Institute of Technology,Computer Science,2018
AJSturrock,Northumbria University,Web Design And Development,2012
AMIETHKUMAR,Ramaiah Institute ofTechnology,Computer Science And Engineering,2004
AMaurin,Classe Préparatoire Ipesup,"Mathematics, Economics, Geopolitics, Philosophy, English, Italian",2014
AMaurin,ESSEC Business School,"Finance, M&a, Strategy, Entrepreneurship, Marketing, Supply Chain, Law, Economics",2019
AOADX,Boston University,Economics,2012
ARiaskov,N-sk State Technical University,Software Engineering,2018
Aadit_KK,Stanford University,Computer Science,2020
Aayushmattoo,"National Institute of Technology, Kurukshetra",Mechanical Engineering,2015
Abasi,Claremont Colleges,Business Management,2014
Abasi,Imperial College London,Human Molecular Genetics,2009
Abasi,University of London,Cancer Biology,2013
Abhishek_A,IE Business School,Management,2009
Abhishek_A,"IE business school, Madrid",Strategy And Operations,2009
Abhishek_A,Indian School of Business,Strategy And Operations,2010
Abhishek_A,Pondicherry Engineering College,Computer Science,2002
Abhishek_A,Pondicherry University,Computer Science And Engineering,2002
Abuhashish,New York University,Computer Science And Mechanical And Aerospace Engineering,2021
AceroM,CUNY Hunter College,Computer Science,2020
AdamPro13,Michigan State University,Computer Science,2013
AdamTSaunders,University of Waterloo,"Geomatics Computer Science, Gis, Remote Sensing",2014
Adam_MacEachern,Queen's University,Biochemical Engineering,2018
Adams472,Clemson University,Economics,2006
Adedapo-Sobayo,"Obafemi Awolowo University,Ile-Ife",Economics,2013
AdriaFerr,New York University - Leonard N. Stern School of Business,Political Economics,2013
AdriaFerr,"The Wharton School, University of Pennsylvania",Entrepreneurship And Finance,2020
Adut1725,DePaul University,Business Administration,2015
Aerones,Latvijas Universitate,Computer Science,2004
Afiriarte,Colegio Alemán de Barranquilla,High School,2005
Afiriarte,Montpellier Business School,Sciences Of Management,2013
Afiriarte,Universidad del Norte,International Business,2014
Agustinovillo,Universidad Empresarial 'Siglo 21',Economía,2021
AhmadHammouda,American University in Cairo,Business Administration And Finance,2009
AhmadHammouda,CFA Institute,Finance,2011
AhmadHammouda,"John Molson School of Business, Concordia, Montreal",1 Year Exchange,2008
AkaashUnwindMe,Vanderbilt University,Public Policy / Corporate Strategy,2012
AkshajK,Massachusetts Institute of Technology,Computer Science,2022
Akshat7,BITS Pilani,Civil Engineering,2016
AlChin,Massachusetts Institute of Technology,Mechanical Engineering,1975
AlChin,Stanford University,Mechanical Engineering,1976
AlChin,"University of California, San Francisco",Medicine,1983
Alanhlwang,"University of California, Los Angeles",Statistics And Data Science,2022
Alessandra2017,ULB,Politics And Development,2012
Alessandra2017,University of Leeds,International Relations,2013
Alex3917,Cornell University,Interdisciplinary Studies,2008
Alex3917,Seth Godin's alternative MBA,Internet Marketing,2009
AlexFisherAOA,University of Oxford - Said Business School,Business,2021
AlexK5432,University of Waterloo,Mathematics And Computer Science,2015
Alex_Harris,Kellogg Executive Education,Product Strategy,2019
Alexmarantel,Aristoteleion Panepistimion Thessalonikis,Political Science,2014
Alexmarantel,"King's College London, U. of London",International Marketing,2019
Alexpom,Technical University of Vienna,Technical Chemistry,2019
Alexpom,University of Cambridge,Chemical Engineering,2024
Alexpom,University of Vienna,Chemistry,2016
AliFNasser,American University in Cairo,Construction Engineering,2009
AliFNasser,Cornell University,Engineering Management,2010
AliFNasser,Cornell University - Johnson Graduate School of Management,Investment Banking Focus,2015
AllanFischMB,"Benjamin N. Cardozo School of Law, Yeshiva University",Law,2001
AllanFischMB,"The Wharton School, University of Pennsylvania",Finance And Entrepreneurship,2008
AllanGuo,Stanford University,Computer Science,2027
AllenWang314,Massachusetts Institute of Technology,Computer Science,2022
AllenWang314,Massachusetts Institute of Technology,Mathematics,2023
Allotrope1,Harvard Medical School - Massachusetts General Hospital,Cellular Apoptosis Genetic Expression And Suppression,2003
Allotrope1,Harvard Medical School - Massachusetts General Hospital,Tissue Engineering/organ Fabrication,2007
Allotrope1,Houston Methodist Hospital/Weill Cornell Medical,General Surgery,2016
Allotrope1,The University of Texas Health Science Center at San Antonio,Medicine,2011
Allotrope1,University of Pennsylvania,Cox,2002
Allotrope1,University of Rochester,Cell And Developmental Biology,2004
AlmasXMT,Beijing Jiaotong University,Economic Management,2018
AlmasXMT,Peterburg State Transport University (PGUPS),Intarnational Trading And Supply Chain,2018
Amartyajha,Vellore Institute of Technology,Electrical Engineering,2020
Amerbar,University of Oxford,Governance,2020
Amerbar,University of Oxford,Public Policy,2021
AmitKarbon,Amrita University,Electronics And Communications Engineering,2012
AmitKarbon,China Europe International Business School (CEIBS),General Management,2017
AnaHealth,UC Irvine Heath,Internal Medicine,2016
AnaHealth,"University of California, Irvine",Doctor Of Medicine,2013
AnaHealth,"University of California, Santa Barbara",Molecular Biology,2008
Anahirch2016,Durham University,Business Administration,2014
Anahirch2016,"Universidad Iberoamericana, Ciudad de México",Communication,2010
Andiecruz,Ateneo de Manila University,Communication,2017
AndrewAu,University of Wisconsin - Madison,Computer Science And Art And Design,2016
AndrewFleischer,Rochester Institute of Technology,Chemistry,2018
AndrewJajack,University of Cincinnati,Biomedical Engineering,2018
AndrewJajack,Wittenberg University,Biology,2014
Andy-Z,Lazaridis School of Business & Economics at Wilfrid Laurier University,Finance,2021
Andy-Z,University of Waterloo,Computer Science,2021
Andydy25,University of Illinois Urbana-Champaign,Economics,2023
Anelya,"Karaganda University of Business, Management and Law",Finance Management,2002
AngelaCastillo,Babson F.W. Olin Graduate School of Business,Mba,2019
AngelaHoover,Community College of Denver,Business Administration And Marketing,2020
AnhTho_FR,ESCP Europe,Business Management,2011
Anirudh_Sriram7,IIT Madras,Electrical Engineering,2022
Anirudh_Sriram7,Stanford University,Electrical Engineering,2024
Anisa_Mirza,McMaster University,Psychology And Philosophy,2010
Ankur-Solanki,ESADE Business School,General,2018
Ankur-Solanki,Netaji Subhas University of Technology,Instrumentation And Control,2014
AnnaPerdrix,King's College London,Cancer Research,2018
AnnaPerdrix,King's College London,Translational Cancer Medicine,2015
AnnaPerdrix,"University of Cambridge, Judge Business School",Biotech Business Development,2017
Antanas_Z,Imperial College London,Design Engineering,2024
AntonOta,Marianopolis College,Computer Science,2021
AntonOta,McGill University,Computer Science,2021
Anuraagy,Purdue University,Computer Science And Economics,2020
AparnaR,UCLA Extension,"Theory, Research, And Application In Positive Psychology",2014
AparnaR,"University of NSW, Australia",Medicine,2011
AparnaR,University of New South Wales,Medicine,1998
Apostolos,National Technical University of Athens,Engineering Physics/applied Physics,2014
Apostolos,University of Cambridge,Nanotechnology,2015
Arctic_fly,Brigham Young University,Computer Science,2020
ArevalosSM1,Rice University,Bioengineering,2015
ArifBhanji,Ivey Business School at Western University,"Finance, Management Consulting",2012
ArkoC,M. P. Birla Foundation Higher Secondary School,Stem,2018
ArkoC,Manipal Institute of Technology,Mechatronics,2022
ArmandoSolbes,Monash University,Management,2009
ArmandoSolbes,Tecnológico de Monterrey,Industrial Engineering,2010
ArmandoSolbes,Universidad Pontificia Comillas,Enterprise Management,2008
Arosha,Monash University,Bachelor Of Business Systems,2004
Arosha,Tilburg University,Marketing,2003
Arosha,Y Combinator,W22,2022
ArpanRau,Franklin W. Olin College of Engineering,Robotics Engineering,2019
ArshDilbagi,Princeton University,Operations Research And Financial Engineering,2021
ArshDilbagi,University College London,Mathematics And Statistics,2020
Arthus_DSC,CentraleSupelec,Applied Mathematics,2015
Arthus_DSC,Stanford University,Management Science And Engineering,2016
Arturdpay,Universidade do Vale do Itajaí,"Business Administration And Management, General",2012
Ash_p,"Birla Institute of Technology and Science, Pilani",Manufacturing Engineering,2019
Ashi24,Syracuse University,"Aerospace, Aeronautical And Astronautical/space Engineering",2016
Ashi24,University of Ottawa / Université d'Ottawa,Mechanical Engineering,2021
Ashmandavia,Imperial College London,Medicine With Management,2012
Ashmandavia,University of Bristol,Medicine,2015
Ashwarya,Motilal Nehru National Institute Of Technology,Electronics And Communications Engineering,2012
Assafgeuz,University of Haifa,Bachelor Of Arts,2014
Asseta,Villanova University,"Finance, General",2010
Astar9,Massachusetts Institute of Technology,"Computer Science, Conc Artificial Intelligence",2019
Astar9,Massachusetts Institute of Technology,Electrical Engineering And Computer Science,2018
Atlas,Duke University,"Entrepreneurship, Venture Capital And Real Estate",2008
Atlas,Indian School of Business,Business Exchange Program,2009
Atlas,"University of California, Davis",Electrical Engineering,1998
Atsu,日本大学 / Nihon University,Law,2005
AtyabBhatti,University of Illinois Urbana-Champaign,Mechanical Engineering,2019
Avalente11,Harvard Business School,Entrepreneurship,2019
Avalente11,Northwestern University,Economics,2011
Avhijeet,ESCP Europe,Management,2017
Avhijeet,IIM Lucknow,Business Management,2017
Avhijeet,IIT Delhi,Bioengineering,2012
AviStoller,University of Winnipeg,Biochemistry,2017
Avicennes,Parahyangan Catholic University,Political Science And International Relations,2012
Avicennes,University of Cambridge,Strategy And Marketing,2016
AvijitFP,IIT Delhi,Mechanical Engineering,2007
Avinashanand122,NIT Trichy,Production Engineering,2012
AvneetG,"Faculty of Medicine, University of Toronto",Medicine,2022
AvneetG,University of Toronto,Biochemistry And Environmental Science,2018
AxelR,West Virginia University,Mechanical Engineering,2004
Ayoolamecho,Federal University of Technology Akure,Automobile/automotive Mechanics Technology/technician,2016
Ayoolamecho,government technical college ikotun,Automobile/automotive Mechanics Technology/technician,2014
Azizian,Massachusetts Institute of Technology,Nuclear Engineering,2012
Azizian,University of Newcastle,Chemical Engineering,2013
BL75,CentraleSupélec,Mastère Spécialisé En Technologie And Management,2016
BL75,ESCP Europe,"Master In Management, Programme Grande Ecole",2015
BW1ARC,Georgetown University,Computer/information Technology Administration And Management,2019
Baddth,Kasetsart University,Computer Engineering,2008
Banzai10,FGV - Fundação Getulio Vargas,"Business Administration And Management, General",2014
Banzai10,Pontifícia Universidade Católica do Rio Grande do Sul,Computer Science,2010
Barsi,Universidad del Caribe Cancun,Sustainable Tourism And Hotel Management,2012
BasouKazuma,City College of San Francisco,Computer Science,2016
BasouKazuma,Norwalk Community College,Computer Science,2007
BasouKazuma,Southern Connecticut State University,Computer Science,2006
Bedewitz,Michigan State University,Horticulture Science,2013
Bedewitz,Michigan State University,"Plant Breeding, Genetics, And Biotechnology",2021
Ben-G,Baden-Wuerttemberg Cooperative State University (DHBW),Applied Computer Science,2011
Ben_Sadeghi,San Jose State University,Computational Physics,2006
Ben_Sadeghi,"University of California, Santa Barbara",Physics,2003
Benaas2,Panevėžys Gymnasium 5,History,2016
Benaas2,Vilniaus universitetas / Vilnius University,International Relations And Politics,2020
Benclaman,Massachusetts Institute of Technology,Mechanical Engineering,2017
BenjaminN,Concordia University,Artificial Intelligence,2011
BenjaminN,EPITECH,Software Engineering,2012
BenjaminTodd,Beijing Language and Culture University,Intermediate Chinese Language,2009
BenjaminTodd,University of Oxford,Physics And Philosophy,2012
BenjieGillam,University of Southampton,"Mathematics, Physics",2007
Bgarcia,MIT Sloan School of Management,Master Of Business Administration,2018
Bgarcia,Tecnológico de Monterrey,Masters In Finance,2015
Bgarcia,University of Southern California,Ba In Economics And Bs Business Administration,2012
Bgarcia,Y Combinator,Ycw20,2020
Bhagaban,IIT Kharagpur,Engineering,2008
Biancajcp,UNITRI - Centro Universitário do Triângulo,Law,2018
Biancajcp,Udacity,Digital Marketing,2018
Biancajcp,Universidade Federal de Uberlândia,Administração De Empresas,2018
Bikanta,Georgia Institute of Technology,"Biomedical Engineering, Economics",2005
Bikanta,University of Oxford,Medical Engineering,2008
Bisen,Harvard University,Public Policy,2019
Bisen,"University of Technology, Sydney",Business,2008
BiteSchool,The University of British Columbia,Bachelor Of Commerce,2016
Blanca0110,EUDE Business School,"Business Administration And Management, General",2015
Blendi,University of Cambridge,Information And Computer Engineering,2024
Bnew93,Duquesne University,Finance And Economics,2016
BobTheEngineer,Brigham Young University,Electrical Engineering,2021
Bobby_Liu,Wuhan University,Geographic Information Science,2010
Booktrope,Rutgers University,Law,1978
Booktrope,Yale University,English,1970
Boulet,Conservatoire National des Arts et Métiers,Informatique,2016
Boulet,"Iut Montreuil, Université Paris8",Informatique,2013
Boulet,Lycée André Boulloche,Spécialités Mathématique,2011
Boyd_Chr,Harvard University,"Economics, Secondary In Computer Science, Citation In Mandarin",2019
Bradosaur,Massachusetts Institute of Technology,Mechanical Engineering,2008
BrendanQuinn,Cornell University,Computer Science,2017
Bretthuneycutt,Boston College,Economics And Math,2003
Bretthuneycutt,University of Oxford,Economics,2006
Bricejm,University of Wisconsin-Eau Claire,Finance And Accounting,2003
Brushfire,Indiana University Bloomington,Business,2004
Brushfire,University of Chicago,"Finance, Marketing, Entrepreneurship",2011
Bubner,TU Graz,Biotechnology,2011
Bubner,TU Graz,Chemical Engineering,2006
Bubner,"University of California, Berkeley",Biotechnology,2016
Buoy,University of Exeter,Computer Science,2020
BuzzVastly,Northwestern University,History,2018
CB_Therapeutics,"University of California, Davis",Biochemistry And Molecular Biology,2007
CMinch,University of Waterloo,Physics,2017
Caitlinjshort,Fashion Institute of Design and Merchandising,Product Development,2012
Caitlinjshort,University of Michigan,"Computer Science Major, Economics Major",2017
CamGlyco,The University of Edinburgh,Cell And Molecular Biology,2013
CamGlyco,"University of Cambridge, Judge Business School",Entrepreneurship,2016
CamGlyco,University of Leeds,Biochemistry,2009
CanadaKaz,Queen's University,Business,2005
CanadaKaz,University of Toronto,Law,2008
CarlosAravena,Columbia University - School of International and Public Affairs,E-lab,2021
CarlosAravena,Massachusetts Institute of Technology,Business Program,2019
CarlosAravena,Pontificia Universidad Católica de Chile,Agronomía,2010
CarlosAravena,Y Combinator,W21 Batch Startup Founder,2021
Carlscho,Stanford University,Mechanical Engineering,2024
Carol451,Eada,Management,2012
ChaitanyaSarda,IIT Kharagpur,Computer Science,2015
ChaithanyaX,Narayana Junior College,Pcm,2013
ChaithanyaX,School of Planning and Architecture Delhi,Architecture,2018
ChalamPVS,IIT Guwahati,Mechanical Engineering,2015
ChandellStone,Harvard University Graduate School of Education,Learning And Teaching,2014
ChandellStone,North Carolina Agricultural and Technical State University,Mathematics Secondary Education,2013
ChandellStone,Queens University of Charlotte,Mathematics,2010
ChandellStone,University of Hyderabad,Mathematics,2012
Chitter,University of Alberta,Chemical Engineering,2014
Cholical,University of North Carolina at Chapel Hill,Computer Science And Business Administration,2018
ChooseSameday,Brigham Young University,Entrepreneurial Management,2022
ChooseSameday,Utah State University,Business Administration,2017
Chower,Covenant University,Economics,2019
ChrisCarde,"University of California, Davis",Computer Engineering,2001
ChrisCarde,"University of California, Davis",Electrical Engineering,2004
ChrisFinneral,University of Cambridge,Engineering,2009
ChrisGrouchy,Queen's University,Business,2016
ChrisMathew,University of Waterloo,Accounting,2020
ChrisMischler,CEMS,International Management,2009
ChrisMischler,University of St.Gallen,Banking And Finance,2009
ChrisRobilliard,Tecnológico de Monterrey,Industrial Engineering,2011
ChrisRobilliard,Tuck School of Business at Dartmouth,"Business Administration And Management, General",2012
ChrisRobilliard,Universidad de Lima,Industrial Engineering,2011
ChrisRobilliard,University Of Maryland,Entrepreneurship/entrepreneurial Studies,2015
ChristianKletzl,Fachhochschule Salzburg,Information Technology And Systems Management,2007
ChristianKletzl,Northwestern University,"Finance, Design And Operations, Entrepreneurship And Innovation",2013
Christian_Kohrs,European Business School Oestrich-Winkel,Bachelor Of Science In General Management,2017
Christian_Kohrs,Queen's University,Commerce,2016
Christian_Kohrs,WHU – Otto Beisheim School of Management,Entrepreneurship,2020
Christina_Czap,University of Nevada-Las Vegas,Marketing,2006
ChristophLynen,Free Code Camp,Computer Software Engineering,2017
ChristophLynen,Maastricht University,Cognitive Neuroscience,2014
ChristophLynen,Universiteit Maastricht,Psychologie,2012
Cixelyn,Massachusetts Institute of Technology,Bioengineering,2012
CloosivJames,The University of Texas at Austin,Minor Computer Science,2010
CloosivJames,The University of Texas at Dallas,Computer Science,2007
CodeJackalope,University of Wisconsin,"Computer Engineering, Computer Science",2006
ColinHayhurst,Durham University,Engineering And Management,1984
ColinHayhurst,Durham University,Engineering Science,1983
CollinSchneider,Springfield College,Finance,2015
Cooperedmunds,Duke University,"Computer Science, Philosophy",2022
Coryodaniel,University of South Florida,Management Information Systems,2005
Cosmas17,Winona State University,Biochemistry,2014
Cottinghamc,Duke University,Philosophy,2006
Cottinghamc,Kenyon College,Classics,2007
Cottinghamc,University of San Francisco School of Law,Law,2011
CrisFeo,University of Pennsylvania,Computer Science,2013
CritterChemist,Royal Veterinary College of London,Veterinary Medicine And Comparative Pathology,2020
Crobby,Escuela Superior Politécnica del Litoral,Ingeniería De Software,2017
CrunchyJams,Cornell University,"Hotel Administration, Finance",2009
CubeRoot27,King Fahd University of Petroleum and Minerals (KFUPM),Software Engineering,2016
CyberScott90210,The University of British Columbia,Engineering Physics,1989
Cyleux,Northeastern University,Computer Science And Ai,2022
DHaldane,Florida State University,Mechanical Engineering,2011
DHaldane,"University of California, Berkeley",Mechanical Engineering,2017
DKuhn,Technisches Gymnasium Völklingen,Abitur,2007
DKuhn,Universität des Saarlandes,Computer Science,2016
DRC9702,Columbia University,Computer Science,2018
DRC9702,Knox College,Mathematics And Computer Science,2016
Dainis_Kruze,Latvijas Universitate,Computer Software Engineering,2005
Dan_afo,"Obafemi Awolowo University,Ile-Ife",Medicine And Surgery,2015
Danay,HAIFA UNIVERSITY,"Economics, Political Science, Shipping",2010
Danay,Massachusetts Institute of Technology,Entrepreneurship And Innovation,2015
DanenPool,Coe College,Biochemistry / Molecular Biology / Pre,2011
DanenPool,Indian Hills Community College,Biology / Biological Sciences,2008
DanielBaum,Queen's University,Law,2019
DanielBaum,Smith School of Business at Queen's University,Commerce,2018
DanielLiecht,Bar-Ilan University,Financial Mathematics,2015
DanielLiecht,Technion - Israel Institute of Technology,Economics And Management,2011
Danielbilbao,Tuck School of Business at Dartmouth,Business,2013
Danielbilbao,Universidad de Los Andes,Electronic Engineering,2007
Danielbilbao,Y Combinator,Yc Winter 19,2019
Darrelladjei,Imperial College London,Computer Science,2018
Darrelladjei,Imperial College London,Theoretical Physics,2017
DashaLine,Georgetown University,"Finance And International Business, Russian Studies Certificate",2008
Datkiri,V. N. Karazin Kharkiv National University,Computer Science,2012
DaveSalvant,University at Albany,Political Science,2008
DaveSalvant,University of Wisconsin,"Corporate Finance, Investment Banking",2015
Daverino,ETH Zurich,Computer Science,2023
DavidCWhite,Concordia University,Entrepreneurship / Biotech,2020
DavidCWhite,McGill University,Biochemistry,2006
DavidCWhite,Université de Montréal,Molecular Biology,2014
DavidFerris,University of Waterloo,Mechatronics Engineering,2019
DavidPBL,University of Nottingham,Synthetic Biology,2019
DavidPBL,University of Western Ontario,Biochemistry,2011
Daviddan10,Davidson College,Mathematics And Economics,2019
Daviddan10,Tampa Preparatory School,General Education,2015
Debkishore,Apeejay School,Science,2004
Debkishore,IIT Kharagpur,Biotechnology And Biochemical Engineering,2008
Debkishore,"University of California, Berkeley",Bioengineering,2013
DeepakVS,SRM University,Mechatronics Engineering,2018
DeepsR,AGSM @ UNSW Business School,Marketing And Strategy,2004
DeepsR,NYU Stern School of Business,Exhange Program From Agsm,2004
DeepsR,University of Sydney,Electrical And Computer Science,1995
DeepsR,"University of Technology, Sydney",General,1998
DenisB,Université de Sherbrooke,Computer Engineering,2009
Detmer,Pontificia Universidad Católica de Chile,Business,2009
Dgomezc,Georg-August-Universität Göttingen,Economics,2011
Dgomezc,IÉSEG School of Management,Big Data Analytics,2016
Dgomezc,Pontificia Universidad Javeriana,Economics,2012
Dgomezc,Universidad Pontificia Bolivariana,Project Management,2015
DiandreRuiz,Temple University College of Engineering,Computer Science,2018
Dice2423,University of Michigan,Liberal Arts And Sciences/liberal Studies,2009
DiederikVink,Imperial College London,Ai And Hardware,2023
DiederikVink,Imperial College London,Electronic And Informations Engineering,2018
Digitaltzar,Georgetown University,"Business, Foreign Service",2014
Divish,IIT Delhi,Electrical Engineering,2015
DjMojoRisin,Carnegie Mellon University,Information Systems,2006
DmitryKazhdan,University of Cambridge,Computer Science,2019
DmitryKazhdan,University of Cambridge,Explainable Artificial Intelligence,2021
Dmrogen,Kansas State University,Marketing,2011
DoKyungLee,Cornell University,Business Administration,2016
DominikT,TU Dortmund University,Computer Science,2012
Dr_DonDon,Northeastern University,Network Science,2016
Dr_DonDon,University of New South Wales,Applied Mathematics,2016
Dropezy,Jakarta International School,High School,2010
Dropezy,Singapore Institute of Management,Business Administration And Management,2014
Dropezy,Singapore Institute of Management,Management Studies,2011
Dspinozzi,University of Wyoming,Finance,2017
Dsumarli,London Business School,Business Administration,2015
Dsumarli,UCLA Anderson School of Management,Business Administration,2016
Dsumarli,"University of California, Los Angeles",Chemical Engineering,2010
Dylan102938,"University of California, Berkeley",Computer Science,2022
EMDR-VR,Maastricht University,Msc Work And Organizational Psychology,2014
EMDR-VR,Maastricht University,Neuropsychology,2010
EMDR-VR,RINO Zuid,Counsellor Mental Health,2017
EMDR-VR,Tallinn University of Technology,Summerschool,2009
ENadyr,The University of Manchester,Computer Science,2006
EVERROCKET,Carnegie Mellon University,Human Computer Interaction,2017
EVERROCKET,Huazhong University of Science and Technology,Digital Media Technology,2016
Echin6,Yale University,Economics And Mathematics,2003
EdHarris,University of Oxford,Medical Sciences,2024
EdXengine,St.Josephs college of engineering,Mechanical Engineering,2011
EdXengine,University of Wisconsin-Madison,Mechanical Engineering,2013
Edeno,Dawson College,Pure And Applied Sciences,2017
Edeno,McGill University,Software Engineering,2021
EdmondYue,University of Waterloo,Computer Engineering,2005
Eduardo2009mata,ITAM,Lawyer,2017
Eduardoakil,Autonomous University of Barcelona,Environmental Economics,2017
Eduardoakil,Autonomous University of Zacatecas,Environmental Economics,2016
Eduardoakil,INSTITUTO TECNOLÓGICO Y DE ESTUDIOS SUPERIORES DE MONTERREY (ITESM),Finance,2017
Edvard,Akademia Medyczna w Warszawie,Medicine,2010
EeshaSharma,Stanford University,Genetics,2020
EeshaSharma,University of Toronto,Molecular Genetics,2018
Egeozin,Istanbul Technical University,Architecture,2010
Egeozin,Massachusetts Institute of Technology,Design And Computation,2017
ElenaPonte,University of Washington,Intellectual Property With Focus In Ai,2019
ElhamIslam,University of Michigan,Computer Engineering,2024
ElliP,University of Glasgow,Human Genetics,2004
ElliP,University of London,Cancer And Population Genomics,2008
EloaGuillotin,Ecole polytechnique,Master Innovation Technologique Et Entrepreneuriat,2019
EloaGuillotin,HEC Paris,Msc X,2020
EloaGuillotin,ISAE-SUPAERO,"Aeronautique Et Spatiale, Science And Technology",2020
EloaGuillotin,Lycée Pierre de Fermat,Cpge Preparatory Classes,2016
EloaGuillotin,"University of California, Berkeley",Learn2launch,2020
EmilianoSegura,UTN - FRC,Industrial Engineer,2019
Emilycorgi,Stanford University,Computer Science,2021
EmmanuelAina,South American University,Computer Science,2018
EndpointVC,Cornell University - Johnson Graduate School of Management,Entrepreneurship And Private Equity,2009
Enerjazz1,Carl von Ossietzky Universität Oldenburg,Electrochemistry,2016
Enerjazz1,University of Erlangen-Nuremberg,Advanced Materials And Process,2012
Enerjazz1,Visvesvaraya National Institute of Technology,Metallurgical And Materials Engineering,2009
EngineerA314,Seoul National University,Computer Science,2018
Entocycle,Oxford Brookes University,Environmental Design And Conservation,2006
Entocycle,The University of Manchester,Urban Regeneration And Development,2009
EntrepreNour,Noureddine Lakehal,Entrepreneurship/entrepreneurial Studies,2005
EricHerrera2021,Washington and Lee University,Neuroscience,2020
ErinFrey93,Dartmouth College,Neuroscience,2015
ErinFrey93,London Business School,"Business, Entrepreneurship And Innovation",2023
ErinFrey93,Yale School of Management,"Business, Entrepreneurship And Innovation",2022
ErnestAV,Brigham Young University,Computer Science,2024
Etai,Lazaridis School of Business & Economics at Wilfrid Laurier University,"Business Administration And Management, General",2019
Etienn_Moneytis,Institut national des Sciences appliquées de Lyon,Information Technology,2011
Evya,The Hebrew University of Jerusalem,Law And Cognitive Science,2018
Exception-ALLY,Florida Agricultural and Mechanical University,Chemical Engineering,1998
Exception-ALLY,Harvard Business School,Business Administration And Management,2003
FSchmidberger,Hasso Plattner Institute,It-systems Engineering,2021
FSchmidberger,San Jose State University,"Entrepreneurship, Software Engineering",2019
FSchmidberger,University of Stuttgart,Software Engineering,2020
FabiFroehlich,Ludwig Maximilian University of Munich,Business Administration,2019
FabiFroehlich,Technical University Munich,Management And Computer Science,2021
Faloon,Stevens Institute of Technology,Financial Engineering,2010
FawzyAbuSeif,Harvard Business School Executive Education,Scaling Entrepreneurial Ventures,2017
FawzyAbuSeif,Modern Science and Arts University,Industrial Engineering,2002
Fcoco,Universidad 'Santa María',Comunicación Empresarial,2014
Felipe_Urzua,Universidad Adolfo Ibañez,Entrepreneurship And Innovation,2015
Felipese,Universidade de Brasília,Bachelor Of Business Administration,2011
Fergi,"College of International Studies, Madrid, Spain","Spanish Language, History, And Literature",2002
Fergi,"Universidad de Belgrano, Buenos Aires, Argentina","Spanish Language, Argentine History And Culture",2007
Fergi,"University of California, Santa Barbara","Global Studies, Emphasis In Socioeconomics And Politics",2008
FilipRakowski,Politechnika Wrocławska / Wroclaw University of Technology,Informatyka,2018
FilipRakowski,Y Combinator,W21 Batch,2021
Finnu,Le Wagon,Coding Bootcamp,2018
Finnu,Université Paris Dauphine,Entrepreneurship,2007
Fission,Stanford University,Biology,2018
FloFincke,Center for Digital Technology and Management,Technology Management,2018
FloFincke,Ludwig Maximilian University of Munich,Human Computer Interaction,2020
FloFincke,"University of California, Berkeley",Information Systems,2018
Florian_Raetzer,University of Bath,Management,2017
Folcon,University of Oxford,Computer Science,2012
ForcyteBio,"University of California, Los Angeles",Bioengineering,2017
FranciscaN,Pontificia Universidad Catolica de Chile,Business Economics And Management,2016
FredParietti,Alta Scuola Politecnica,Robotics,2010
FredParietti,Massachusetts Institute of Technology,Mechanical Engineering,2016
FredParietti,Politecnico di Milano,Mechanical Engineering,2008
G2H,ESAI Shanghai,Business In Asia,2011
G2H,ESSCA Ecole de management,Corporate Finance,2012
Gabriel123,The University of British Columbia,Cell Biology And Biochemistry,2013
Gabriel123,"University of California, Berkeley",Synthetic Biology,2015
Gabriel_h,University Of Warwick,Computer Science,2016
Gabv105,Universidad Nacional Autonoma de Mexico,Medicine,2016
Gabv105,Universidad Nacional Autonoma de Mexico,Neuroscience,2019
Gabv105,University of Groningen,Neuroscience,2013
GalKlm,Tel Aviv University,Computer Science And Economics,2017
Gal_Aharon,The Interdisciplinary Center,Communication And Media Studies,2014
Gamerpay_mhs,Aarhus University,Computational Finance,2011
GarrettBeck,"University of California, Berkeley",Legal Studies,2010
GarvanD,Western University,Software Engineering,2021
Gaspard2lacroix,HEC Paris,Business And Management,2019
Gaspard2lacroix,"University of California, Berkeley",Graduate Student,2019
Gaussian,Northwestern University,Journalism,2003
Gaussian,University of Illinois Urbana-Champaign,Civil Engineering,1999
Gbox4,Harvey Mudd College,Computer Science,2022
GeoffNN,Ecole polytechnique,Mathematics And Computer Science,2017
GeoffNN,"University of California, Berkeley",Electrical Engineering And Computer Science,2023
GeoffNN,École Normale Supérieure Paris-Saclay,"Machine Learning, Computer Vision",2017
GeorgettePkg,McGill University,Mechanical Engineering,2007
GeorgettePkg,Richard Ivey School of Business,Entrepreneurial Studies,2013
GeorgyM,Orel State Technical University (OrelSTU),Transportation Engineering,2011
GeorgyM,State Engineering University of Armenia,Transportation And Logistics,2006
Geromaspero,ITBA,Software Engineering,2021
Getjoe,CPA,Accounting,2019
Getjoe,INES EXPERTISE,Accounting,2012
Gila_Hayat,Y Combinator,W21,2021
GimBooks,Alliance University,Marketing,2011
GimBooks,Symbiosis centre for management studies,Marketing,2009
Giulio_GC,Alta Scuola Politecnica,Innovation,2018
Giulio_GC,Politecnico di Milano,Management Engineering,2018
Giulio_GC,University of Bologna,Management Engineering,2016
Gladysadjei,Southern Methodist University,Engineering,2022
Gladysadjei,The University of Texas at Dallas,Engineering,2017
Goldpiggy,"University of California, Berkeley",Machine Learning,2019
Goldpiggy,University of Waterloo,Double Financial Engineering And Statistics,2017
GregVol,Carnegie Mellon University,Behavioral Economics,2020
Grif_Thev,ESSEC Business School,Corporate Finance And Strategy,2017
Grif_Thev,Lycée Janson de Sailly,"Mathematics, Economy And Geopolitics",2013
Grif_Thev,"University of California, Berkeley",Sillicon Valley Innovation And Entrepreneurship Program,2017
Grif_Thev,"University of California, Berkeley",Uc Berkeley Institute Of Transportation Studies,2018
Grinteq,Belarusian State University,International Private Law,2016
Grinteq,Y Combinator,Startup And Entrepreneurship,2023
Guichard,Bentley University,Economics And Finance Amd International Studies,2009
Guichard,Northeastern University D’Amore,Master Of Business Administration,2014
Guichard,Northeastern University School of Law,Law,2014
GuiloLa,Polytech' Nantes,Computer Science,2011
GuoAaron,University of Chicago,Economics,2020
HFrank,Maastricht University,International Business,2010
HKjellby,Universitetet i Bergen,Law,2012
Hadjimina,ETH Zurich,Computer Science,2018
Hadjimina,ETH Zurich,"Master Management, Technology, And Economics",2022
Hadjimina,"University of California, Berkeley",Nlp And Explainable Ai In Moral Judgment,2022
Halim-Rafi,University of Dhaka,Applied Mathematics,2023
Hamedfesharaki,"university of dublin, trinity college",Dentistry,2012
HammadB,"University of California, Berkeley",Electrical Engineering And Computer Sciences,2016
HankelBao,University of Wisconsin - Madison,Computer Science And Data Science,2023
HannaMarie,Copenhagen Business School,Sustainable Business/ Entrepreneurial Economics,2011
HannaMarie,LUISS Guido Carli University,Economics,2015
HannaMarie,Technical University Berlin,Industrial Engineering,2015
Hansenq,Princeton University,Computer Science,2016
Harj,University of Oxford,Jurisprudence,2006
HarryAutone,City of London School,"A*, A*, A*, Kc Shasha Economics Prize",2014
HarryAutone,General Assembly,Data Science,2017
HarryAutone,London School of Economics and Political Science,Bsc Accounting And Finance,2015
HeatherBrundage,Massachusetts Institute of Technology,"Mechanical/ocean Engineering, Design, Entrepreneurship",2010
HeatherBrundage,Massachusetts Institute of Technology,Ocean Engineering,2006
Heff,Azusa Pacific University,Business,2008
Heff,Azusa Pacific University,Web And Information Technology,2003
Heff,Bruce Clay Inc.,Search Engine Optimization,2007
Heff,Omniture University,Omniture Certified Professional: Sitecatalyst And Implementation,2007
HelpWear,Massachusetts Institute of Technology,Entrepreneurship/entrepreneurial Studies,2016
HelpWear,University of Waterloo,Systems Design Engineering,2021
Hendrik_VH,KU Leuven,Computer Science,2022
Hendrik_VH,KU Leuven,Data Science And Finance,2021
Hendrik_VH,KU Leuven,Science Focused,2019
Hendrixer,Embry Riddle Aeronautical University,Professional Aeronautics,2011
Hendrixer,Hack Reactor,Computer Software Engineering,2014
Henn,University College London,Computer Science,2012
Henn,University College London,Computer Vision And Computer Graphics,2018
Henn,University of Leeds,New Media,2011
Herminator123,CDTM,Product Development,2019
Herminator123,King's College London,Economics,2018
Herminator123,Ludwig Maximilian University of Munich,Management,2020
Herminator123,"University of California, Berkeley",School Of Information,2019
HorizonXP,Gordon Graydon Memorial Secondary School,High School,2003
HorizonXP,University of Toronto,Medical Biophysics,2012
HorizonXP,University of Waterloo,Electrical Engineering W/ Options In Computer Engineering And Management Sciences,2008
Huszo,Jonkoping University,Engineering/industrial Management,2016
Hykso,University of Toronto,Mechanical And Industrial Engineering,2013
Hykso,Université Laval / Laval University,Mechanical Engineering,2011
IamGuru,Sharda University,Biotechnology,2013
IamGuru,University of Delaware,Biotechnology,2015
Ian_Paul,Franklin W. Olin College of Engineering,Engineering,2019
Ian_Paul,Newton South High School,General Studies,2015
IdoFishbain,Technion - Israel Institute of Technology,Math And Computer Science,2021
IfeanyiOkonkwo,University of Benin,Bsc,2003
IgnacioJ,INSA Lyon - Institut National des Sciences Appliquées de Lyon,Engineering/industrial Management,2015
IgnacioJ,Universitat Politècnica de Catalunya,Industrial Engineering,2012
IgnacioJ,Universitat Politècnica de Catalunya,Management Engineering,2017
IgnacioJ,iaelyon School of Management,Business Administration And Management,2017
ImpactO,University of Benin,Electronics And Communications Engineering,2015
Inchull,Georgia Tech,Bs,2005
Inchull,Georgia Tech,Management Of Technology,2011
InsightX,Stanford University,Human Biology,2009
Intelline,University of Waterloo,Mechanical Engineering,2020
InternetofJim,Carnegie Mellon University,Electrical And Computer Engineering,1996
InternetofJim,Massachusetts Institute of Technology,Aeronautical And Astronautical Engineering,1989
IraSpector,Drexel University,Marketing And Finance,1983
IraSpector,"University of Medicine & Dentistry of NJ (UMDNJ, now Rutgers University)",Clinical Health Sciences,2013
IraSpector,"Washington University, St. Louis",Electrical Engineering,1978
Ishaank1999,"University of California, Los Angeles",Statistics,2022
IshanGoyal,"University of California, San Diego",Bioinformatics,2018
IsmaelBelghiti,ENS,Mention Très Bien,2012
IsmaelBelghiti,Ecole normale supérieure,Informatique,2014
Itay_Forer,City University of New York,Management,2014
JBullock252,Columbia University,Computer Science,2017
JCassidy,Ludwig Maximilian University of Munich,Stem Cell Biology,2013
JCassidy,The University of Glasgow,Pharmacology,2014
JCassidy,University of Cambridge,Molecular Genetics,2017
JCassidy,University of Glasgow,The Role Of Technology In Innovation,2013
JCassidy,University of Oxford,Blockchain Strategy,2018
JCassidy,Weizmann Institute of Science,Oncology And Cancer Biology,2017
JNgoi,Jomo Kenyatta University of Agriculture and Technology (JKUAT),Molecular Biology,2012
JNgoi,Kenyatta university,Biotechnology,2007
JRM,University of Akron,Computer Science,2004
JSungu,New York University,Economics,2013
JaChec123,Columbia Business School,Mba,2010
Jack_Orbio,Imperial College London,Environmental Technology,2020
Jack_Orbio,University of Leeds,History,2016
Jackfomeara,"National University of Ireland, Galway",Engineering,2015
Jackfomeara,University of Notre Dame,Engineering And Science,2016
JacobHess,Community College of the Air Force,Electronic Systems Technology,2006
JacobHess,Community College of the Air Force,Instructor Of Technology And Military Science,2007
JacobHess,Grantham University,Information Systems,2005
Jacq03,University of Glasgow,Software Development,2022
Jacq03,University of Oxford - Said Business School,Strategic Management,2023
Jadenpereira,University of Waterloo,Honours Biology,2020
JakeVacovec,Middlebury College,Economics,2015
James_Bowers,Oxford Brookes University,Computer Science,2018
James_SmartSite,Royal College of Art,Innovation Design Engineering,2016
James_SmartSite,University of Oxford,Engineering,2011
Jamiphy,University of Wisconsin-Madison,Engineering,2016
Jaroca124,Tufts University,Engineering Psychology,2017
Jarrenreid,Stanford University,Comp Sci,2024
Jasminhume,Chalmers University of Technology,Materials Engineering,2008
Jasminhume,McGill University,Chemical Engineering,2006
Jasminhume,New York University,Materials Chemistry,2015
JasonGoodison,University of Waterloo,Computer Science,2019
JavierAntoran,University of Cambridge,Machine Learning,2019
JavierAntoran,University of Cambridge,Probabilistic Machine Learning,2023
JavierAntoran,"University of Zaragoza, Spain",Telecommunications Engineering,2018
Jaxkr,University of Colorado Boulder,Computer Science,2021
JayRauhala,Aalto University,Energy,2017
JenPhD,Claflin University,Biochemistry,2011
JenPhD,Tufts University School of Medicine,Pharmacology And Experimental Therapeutics,2016
Jennifferre,Fresno City College,Registered Nursing/registered Nurse,2012
Jennifferre,The University of Texas at Arlington,Registered Nursing/registered Nurse,2018
JeremyPOsborne,University of New South Wales,Renewable Energy,2010
JeremySchneck,"The Wharton School, University of Pennsylvania",Economics,2015
JeromeBilliet,KU Leuven,Business Engineering,2020
JeromeBilliet,London Business School,Financial Analysis,2021
JeromeBilliet,"The Wharton School, University of Pennsylvania",Finance,2019
JessOpearlo,University of Bristol,Chemistry And Spanish,2011
Jessee98,Washington and Lee University,Business Administration,2020
Jessieyoung,Johns Hopkins University,Electrical And Computer Engineering,2011
JoakimBruchmann,Columbia University,Finance,2015
JoakimBruchmann,University of Copenhagen,Economics And Finance,2016
JoanneWang99,New York University - Leonard N. Stern School of Business,Computing And Data Science And Finance,2024
JoeH,University of Alaska Fairbanks,"Electrionics Engineering, Computer Science",1990
JoelSercel,California Institute of Technology,Physics And Aerospace Engineering,1985
JohannesJJ,University of Oxford,Development Economics,2015
JohannesJJ,University of Oxford,"Philosophy, Politics And Economics",2014
JohannesVrmnds,Stanford University,A+ Achievement Camp,2006
JohannesVrmnds,University of the Arts London,Contemporary Art And Art History,2012
JohannesVrmnds,Östra Reals Gymnasium,Liberal Arts And Sciences/liberal Studies,2009
JohnAndrz,Georgetown University,"Physics, Economics",2025
JohnFriel,School of the Art Institute of Chicago,Fine Art,2008
JohnGoertz,Seattle University,Cell/cellular And Molecular Biology,2013
JohnGoertz,University Of Maryland,Bioengineering,2018
JohnMindee,Ecole polytechnique,Entrepreneuriat / Innovations Technologiques,2015
JohnMindee,Lycée Léonce Vieljeux,Admission École Polytechnique,2011
JohnMindee,"University of California, Berkeley",Entrepreneurship / Innovation,2015
JonahSinick,App Academy,Web Programming,2014
JonahSinick,Swarthmore College,Mathematics,2007
JonahSinick,University of Illinois,Mathematics,2011
JongsooKeum,Gwangju institute of science and technology,Computer Science,2017
JongsooKeum,Gwangju institute of science and technology,Electrical Engineering And Computer Sciences,2015
Joschkabraun,New York University,Mathematics,2020
Joschkabraun,Technische Universität Darmstadt,Mathematics With Minor In Computer Science,2017
JosefHyLight,INSA Lyon - Institut National des Sciences Appliquées de Lyon,General Engineering,2019
JosefHyLight,INSA Lyon - Institut National des Sciences Appliquées de Lyon,Mechanical Engineering,2022
JosefHyLight,Université Claude Bernard Lyon 1,General Engineering,2018
JosefHyLight,Université du Québec à Rimouski,Mechanical Engineering,2022
Joseph_Johnson,"Auburn University, College of Business","Finance, Entrepreneurship",2019
JoshPassell,Cornell University,Economics,2021
Jperry2398,University of North Carolina at Chapel Hill,Business Administration,2020
Jsuh,University of Virginia,Computer Science,2023
JuanBraco,Ecole 42,Computer Science,2023
JuanBraco,Ecole polytechnique fédérale de Lausanne,Mechanical Engineering,2021
JuanCasian,42 School Silicon Valley,Software Engineering,2019
JuanCasian,ITESM,Mechatronics Engineering,2020
JuanLuisPerez,Pontificia Universidad Javeriana,Laws,2014
JuanLuisPerez,Universidad Sergio Arboleda,Law,2015
JuanMoliner,Universidad Politécnica de Madrid,Electronic Engineering,2017
JuanMoliner,Universidad Politécnica de Madrid,Industrial Management,2019
Julian2408,University of Mannheim,Economics,2014
JulianMcCarty,Stanford University Graduate School of Business,Master Of Business Administration,2014
JulianMcCarty,UC Berekeley,Applied Mathematics,2008
JulianRC,Tecnológico de Monterrey,Physics Engineering,2021
JulienCottineau,Pierre and Marie Curie University,Molecular Genetics,2016
JuliusRachor,Bergische Universität Wuppertal,Electrical Engineering,2016
JuliusRachor,University of Applied Sciences Munich,Physics,2010
Justin_Infobot,Dartmouth College,Computer Science/philosophy,2017
Justin_Infobot,St. Mark's School of Texas,High School Degree,2013
Jylanthas,Rochester Institute of Technology,Information Technology,2009
Jylanthas,金沢工業大学 / Kanazawa Institute of Technology,Japanese Language And Literature,2008
KB_at_Wyvern,University of Alberta,Engineering,2017
KB_at_Wyvern,University of Alberta,Mechanical Engineering,2015
KDabaghi,Duke University,"History, Spanish",2009
KDabaghi,Massachusetts Institute of Technology,"Microbiology, Deferred",2019
KLFaraaz,BITS Pilani,Computer Science,2017
KaisBaillargeon,Cornell University,Operations Research,2020
KalamHarshit,"Birla Institute of Technology and Science, Pilani","Chemistry, Chemical Enigineering",2022
KalamHarshit,TU Braunschweig,"Entrepreneurship/entrepreneurial Studies, Business Administration",2020
KashTaxGPT,General Assembly,Computer Science,2017
KashTaxGPT,National University of Modern Languages (NUML),Mass Communication/media Studies,2012
KashifSaleem,London Business School,Entrepreneurship/entrepreneurial Studies,2008
Katcor18,John F. Kennedy University,Museum Studies,2014
Katcor18,McGill University,Wildlife Biology,2009
Katcor18,University of Victoria,Environmental Studies,2012
KatherineEF,Boston University,Environmental Archaeology/anthropology,2010
KatherineEF,Swedish University of Agricultural Sciences,Genetic Resources In Crop Breeding,2015
KatherineEF,University of Copenhagen,New Plant Breeding Technologies,2016
KatherineEF,University of Oxford,Environmental Archaeology,2013
KatherineEF,University of Oxford,Plant Sciences,2016
KeenanWilliams,Florida A&M University,Business Administration And Finance,2009
KeenanWilliams,London Metropolitan University,Finance And Italian,2006
KeenanWilliams,NYU Schack Institute of Real Estate,Real Estate,2012
KemetPharm,Quantic School of Business and Technology,Business Administration,2021
KemetPharm,Queen's College Yaba,Secondary School,1999
KemetPharm,Simon Fraser University,Social Innovation,2017
KemetPharm,The Banff Centre,Social Innovation,2017
KemetPharm,UC Berkeley Extension,Pharmaceuticals,2019
KemetPharm,University of Alberta,Pharmacy,2009
KemetPharm,Woodhouse College,A - Levels,2001
KennyCason,University of Arkansas,Computer Science,2009
KennyCason,関西外国語大学 / Kansai Gaidai University,Japanese,2008
KentonJarvie,Trinity Western University,Leadership And Management,2014
Kerstin_NL,University of Oxford,Experimental Psychology,2007
Kerstin_NL,"University of Uppsala, Sweden",Psychology,1996
Kesava1312,UWC Mahindra College,International Baccalaureate,2018
Kestrel_Linder,Georgetown University,Security Studies,2008
Kestrel_Linder,Johns Hopkins University,International Studies,2005
KhushbooQC,Y Combinator,Yc S21,2021
KianHooshmand,"University of California, Berkeley",Computer Science,2020
Kilian_Invitris,Technical University Munich,Physcis,2014
Kilian_Invitris,Technical University of Munich,Biophysics,2016
Kilian_Invitris,Technical University of Munich,Synthetic Biology,2020
Killakwinn,Duke University,English Literature And Biology,2010
Killakwinn,Duke University School of Medicine,Internal Medicine,2015
Killakwinn,Tulane University School of Medicine,Internal Medicine,2016
Killakwinn,"University of California, San Francisco",Ophthalmology,2019
Kmuhoya,University Of Warwick,Economics,2019
Kriti_Arora,Lady Shri Ram College For Women,Commerce,2018
Kunaal,Y Combinator,Winter'20 Batch,2020
Kushagram,IIT Kanpur,Electrical Engineering,2019
KvanEkert,University of Sydney,Veterinary Medicine,2008
Kwokwise,University College London,Gene Therapy,2009
Kykeon,Robert Morris University,Dual Major In Finance And Accounting,2009
Kykeon,Robert Morris University,Mba,2010
KyleHooten,St. Olaf College,Political Science,2020
KyleLewis,"University of California, San Diego",Physics,2017
KyleManuel,University of Michigan College of Engineering,Industrial Engineering,2017
LFRMS,Columbia University,Philosophy And Business Management,2016
LFRMS,Sciences Po,Law And Economics,2014
LFRMS,University of Oxford,Computer Science,2018
LFRMS,University of Oxford,Global Governance And Diplomacy,2017
LGKhasin,Ben-Gurion University of the Negev,Pharmaceutical Sciences,2009
LGKhasin,"University of California, Berkeley",Cell/cellular And Molecular Biology,2020
LSK-Livia,University of Toronto,"Pharmaceutical Chemistry, Chemistry",2017
LSK-Livia,University of Toronto,Pharmaceutical Sciences,2020
LSmith50,Penn State University,Chemical Engineering,2010
LSmith50,"University of California, Los Angeles",Materials Science And Engineering,2015
Lacierda,Asian institute of Management,Business,1992
Lacierda,Ateneo De Manila University School of Law,Law,1989
Lacierda,De La Salle University,Liberal Arts,1983
Lebrilla,"Technical University, Berlin",Chemistry,1988
Lebrilla,"University of California, Bekeley",Chemistry,1985
Lebrilla,"University of California, Irvine",Chemistry,1981
Lech,Dresden University of Technology,"Mechactronical Engineering Mechatronics, Robotics, And Automation Engineering",2009
LeoM,London School of Economics and Political Science,Summer Program: Building Democracies From Conflict,2010
LeoM,New York University,"Energy And The World: Politics, Markets And Technology",2011
LeoM,Sciences Po,Diploma Of International Student,2009
LeoM,University of Geneva,Bachelor Of Internacional Relations,2010
LeoM,Université Panthéon Assas (Paris II),Bachelor Of Laws,2014
LeoUbbiali,Università degli Studi di Bergamo,Marketing Management,2018
LeoUbbiali,Università degli Studi di Milano-Bicocca,"Economics: Marketing, Communication And Global Markets",2017
LeonOstrez,FER,Computer Science,2013
LeonOstrez,FER,Information And Communication Technology,2015
LeonardSam,University of Virginia,Computer Science,2015
Leonidas243,Georgia Institute of Technology,Economics,2010
Leonidas243,Georgia Institute of Technology,Management,2009
Leonidas243,Yale School of Management,Strategy,2017
LevoMX,Freie Universität Berlin,Analytical Philosophy,2013
LevoMX,Freie Universität Berlin,"Major In Philosophy, Minor In Communication Science",2012
LevoMX,Instituto Tecnológico Autónomo de México,Specialisation In Corporate Finance,2015
LevoMX,"University of California, San Diego",Cognitive Science And Philosophy Of Science,2011
LevoMX,"University of California, Santa Barbara",Cognitive Science And Philosophy Of Science,2011
Liron,"University of California, Berkeley",Computer Science,2009
Lisa1990,University of Hamburg,Human Resource Management/ Personalpolitik,2019
Lisa1990,University of Southern Denmark,International Management,2014
LisaQFetterman,New York University,"Journalism, Metropolitan Studies, American Studies",2010
Liza_Velarde,INSEAD,Social Entrepreneurship,2019
LoisRogel,Universidad Pontificia de Comillas (ICADE),Business Administration,2018
LonisHamaili,Stockholm School of Economics,Bachelor Of Science,2019
LonisHamaili,Stockholm University,Philosophy,2019
LonisHamaili,Stockholms universitet,Philosophy,2019
LonisHamaili,Y Combinator,S20,2020
Loonify,University of Waterloo,Chemistry,2007
LouisMutricy,Ecole polytechnique,Engineering,2019
LouisMutricy,"University of California, Berkeley",Ia And Blockchain,2019
Luigilacorte,University of Toronto,Civil Engineering,2015
LukeG,"University of California, Berkeley",Urban Economics,2007
MCxHammer,University of Pennsylvania,International Relations,2020
MIT_Hacker,Massachusetts Institute of Technology,Computer Science,2013
MITengineer,Massachusetts Institute of Technology,Mechanical Engineering,2007
MJCan,Northeastern University,"Entrepreneurship, Finance, Business Management",2012
MKBSP,Hult International Business School,International Business,2014
MStevensAU,London Business School,Mba,2018
MVeitinger,Hochschule Biberach - Biberach University of Applied Sciences,Energy Management And Systems Technology,2014
MVeitinger,Wilhelm Büchner Hochschule,Industrial Engineering,2017
MagnusNM,DTU - Technical University of Denmark,Maskinteknik,2020
MagnusNM,Umeå universitet,Mechanical Engineering,2017
MahyadGhassemi,"King's College London, U. of London",Computer Science With A Year In Industry,2020
Maite_MT,Instituto Tecnológico Autónomo de México,Economics,2016
Maite_MT,Stockholm School of Economics,Business/managerial Economics,2014
MakaniScience,"University of California, Irvine",Bioengineering And Biomedical Engineering,2019
MakaniScience,"University of California, San Diego",Bioengineering,2013
Manik_agg,IIT Kharagpur,Agriculture And Food Engineering,2018
ManishShukla,International Institute of Information Technology,Computer Science,2016
Manishchauhan,INSEAD,"With A Focus On Entrepreneurship, Strategy, And Organizational Leadership",2022
Manishchauhan,University of Waterloo,Computer Science,2016
Manoj58,Sree Vidyanikethan Engineering College,Electrical And Electronics Engineering,2016
Manuelas88,Colegio de Estudios Superiores CESA,Marketing Digital,2017
Manuelas88,Universidad de la Sabana,Business,2013
Manuelas88,Universidad de la Sabana,"Marketing/gestión De Marketing, General",2012
Manuelas88,Universitá Cattolica del Sacro Cuore,Business,2013
MaokaiLin,Massachusetts Institute of Technology,Computation For Design And Optimization,2009
MaokaiLin,Massachusetts Institute of Technology,Operations Research,2014
MaokaiLin,Tsinghua University,Industrial Engineering,2007
Marc_A_76,Curtin University of Technology,Chemical Engineering,1998
Marceltan,"University of California, Berkeley",Business Admin / Political Science,2021
MarcoBoretto,Alta Scuola Politecinca,Innovation Excelence Program,2019
MarcoBoretto,Polytechnic of Turin,Mechanical Engineering,2019
MarcoBoretto,Polytecnic of Milan,Mechanical Engineering,2019
Marcosricopeng,UC Berkeley College of Engineering,Electrical Engineering And Computer Science,2022
MariaDeLaCroix,Bergen National Academy of the Arts,Fine Art,2012
MariaDeLaCroix,Hola folkhögskola,Sound Art,2009
MariaDeLaCroix,Lunds universitet,Comparative Literature,2013
MariaDeLaCroix,Malmö Art Academy,Fine Art,2012
MariaDeLaCroix,Välkommaskolan gymnasium,Social Science,2007
MariaDeLaCroix,Östra Grevie folkhögskola,Photography,2008
Marilena0117,London School of Economics and Political Science,Politics,2017
Marilena0117,Waseda University,International Relations,2016
MarisolSanchezN,Universidad Autónoma de Yucatán,Actuarial Science,2014
Mark_SPRX,Brigham Young University,Accounting,1994
MartinBittner,University of Oxford,Oncology,2017
MartinKilobaser,Technical University Graz,Molecular Biology,2009
Martinsos,Faculty of Electrical Engineering and Computing (FER),Computer Science,2014
MasonHM,Duke University,Computer Science,2013
MathieuSneep,Maastricht University School of Business and Economics,International Business,2008
MathieuSneep,Maastricht University School of Business and Economics,Strategic Management,2010
MathieuSneep,Peking University,Doing Business In China,2009
Matidor,Smith School of Business at Queen's University,Entrepreneurial Management,2021
Matidor,The University of British Columbia,Chemistry,2014
MattExSci,California State Polytechnic University-Pomona,Electrical Engineering,2012
MattKang,Carleton University,"Biomedical And Electrical Engineering, Minor Biology",2014
MattKang,University of Toronto,Clinical Engineering,2017
MattRob,University of Oxford,Law,2008
MattTengtrakool,Harvard University,"Computer Science, Statistics",2023
Matth3wMarshall,The University of Georgia,"Mis, Business",2012
Matth3wMarshall,University of Oxford,English/history,2011
MatthewMcDonald,University of Missouri,Computer Science,2010
MatthewWhalley,University of the Witwatersrand,Aeronautical Engineering,2013
MatthewWhalley,University of the Witwatersrand,Engineering,2015
MattiaPelissou,Arts et Métiers ParisTech - École Nationale Supérieure d'Arts et Métiers,Mechanical Engineering,2019
MattiaPelissou,"University of California, Berkeley",Mechanical Engineering,2019
Mattiommi,Texas A&M University,Business Economics And Management,2019
Maurits35,Hogeschool Rotterdam,Creative Marketing And Sales,2021
Maurits35,Technical university Delft,Never Finished,2019
MaxMarquart,Eidgenössische Technische Hochschule Zürich,Ingenieurwissenschaften,2015
MaxMarquart,RWTH Aachen University,Ingenieurwissenschaften,2015
MaxMarquart,Technical University of Munich,Maschinenbau,2012
MaximKraft,Foothill College,Economics,2021
MaximKraft,"University of California, Berkeley",Economics,2023
Mazy,Sage Hill School,High School,2006
Mckenneyh,Rice University,Bioengineering And Biomedical Engineering,2019
Mckenneyh,University of North Carolina at Chapel Hill,Bioengineering And Biomedical Engineering,2018
Mdubrov,Massachusetts Institute of Technology,Materials Science And Engineering,2020
Mdubrov,SUNY ESF/Syracuse University,"Chemistry, Natural And Synthetic Polymers",2012
Mdubrov,Technion University,Materials Science And Engineering,2019
Meatrobot,University of Cambridge,Machine Learning,2021
Meatrobot,University of Cambridge,Machine Learning And Chemistry,2027
Meatrobot,University of Cape Town,Chemical Engineering,2019
Melissa_bime,INSEAD,Isep,2020
Melissa_bime,Stanford University,Biodesign,2020
Menten,Louisiana State University,Physics,2006
Menten,University College London,Computational Neuroscience,2010
Menten,University of Toronto,Reinforcement Learning/computational Neuroscience,2017
MerryOscar,The University of Sheffield,Aerospace Engineering,2014
Meskupie,University of Waterloo,Mechatronics Engineering,2019
MichaelMoyo,Dartmouth College,Biomedical Engineering,2022
MichaelMoyo,Thayer School of Engineering at Dartmouth,Computer Engineering,2023
MihaiBulic,University of Michigan,Computer Science,2013
MikeOh,ESSEC Business School,Management,2011
MikeOh,Tuck School of Business at Dartmouth,Business Administration,2011
Mikeswang1,Cornell University,Appiled Economics And Management,2007
Milad222,"University of California, Irvine",Pharmacological Sciences,2017
MiranJunaidi,SRM University,Computer Science,2021
MiranJunaidi,"University of California, Berkeley",Entrepreneurship,2019
MlakarMiha,Northwest University of Political Science and Law,International Trade And Economics,2011
MlakarMiha,"University of Ljubljana, Faculty of Arts",Philosophy And Chinese Studies,2012
Mmar99,ESSEC Business School,Management,2021
Mmar99,Paris-Dauphine University,Finance,2018
MoktarYusuf,University of Ottawa,Accounting,2015
MollyAbbott,California Polytechnic State University-San Luis Obispo,Master Of Business Administration,2015
MollyAbbott,California Polytechnic State University-San Luis Obispo,Mathematics,2010
MoncefB,Ecole polytechnique,Computer Science,2015
MoncefB,"University of California, Berkeley",Transportation Engineering,2016
Moneco,ESSEC Business School,Business Administration And Finance,2019
Monika1012,Delhi University,Zoology,2011
Monika1012,National University of Singapore,Medicine,2017
Monika1012,University of Hyderabad,Biotechnology,2013
MosesMukundi,"The Wharton School, University of Pennsylvania",Strategy And Management,2021
MosesMukundi,University of Nairobi,Law,2012
MotasimZ,Stanford University,Mechanical Engineering,2018
MoustafaEid,The Ohio State University,Computer Science,2012
MoyoShepherd,Duke University,Engineering/industrial Management,2014
MoyoShepherd,Illinois Institute of Technology,Chemical Eng,2012
MoyoShepherd,The University of Chicago Booth School of Business,"Finance, Strategy And Operations",2021
Mtk65,Cornell University,Computer Science,2021
Murskautuminen,KU Leuven,Biomedical Sciences,2018
MyraArshad,"Schulich School of Business, York University",Business,2018
NKissel,University of Arizona,Economics,2020
NMannowetz,University of Hohenheim,Food Technology And Processing,2001
NMannowetz,University of Tübingen,Medical Microbiology And Bacteriology,2004
NOrnitz,Cornell University,Chemical Engineering,2016
NabilOud,Ecole Centrale de Nantes,"Engineering, Quantitative Finance",2010
Nacho_T,Instituto Universitario Aeronáutico,Telecommunications Engineering,2009
Naimisharao,SRM University,Civil Engineering,2015
Namita_G,Bareilly College,Law,2007
Namita_G,Bareilly College,"Physics, Math",2004
Nanetteljackson,"University of California, Irvine",Information And Computer Science,1990
Nanetteljackson,University of Phoenix - San Jose,Business Administration,1995
Nanjolu,Samford University,Business/corporate Communications,2008
Nanjolu,The University of Alabama,Multi/interdisciplinary Studies,2005
NathanFlurry,University of Arizona,Computer Science,2018
NathanielMY,"King's College, Auckland","Further Mathematics, Mathematics, English Literature, Physics, Chemistry, History, Economics",2020
NathanielMY,Stanford University,Mathematics And Computer Science,2025
NathanielMY,University of Auckland,"Took Courses In Multivariable Calculus, Linear Algebra, Econometrics And Computer Science",2021
Nebyou,Stanford University,Computer Science,2022
NickStockUnlock,Columbia University,Computer Science,2019
Nicky_Montana,Tulane University - A.B. Freeman School of Business,"Business Administration And Management, General",2015
Nicky_Montana,University of Washington,Accounting And Business/management,2012
NicoFerrer94,Loyola College,Industrial Engineer,2017
NicoFerrer94,Universidad Católica de Córdoba,Engineering/industrial Management,2018
NicoFerrer94,Université Blaise Pascal,Business Administration,2016
NicoWaterPlan,Karolinska institutet,General Surgery,2013
NicoWaterPlan,"Universidad Austral, Argentina",Graduate Medical Studies,2013
NicoWaterPlan,University of Pennsylvania,Trauma And Cardiac Surgery,2013
Nicoding27,Carnegie Mellon University,Computer Science,2021
Nicoding27,Universidad Distrital (Colombia),Engineering,2020
Nicojulian,UC Berkeley College of Engineering,Mechanical Engineering,2001
Nikolai_Alemi,Ludwig Maximilian University of Munich,Pharmazie,2017
NilsVollmer,Fachhochschule Osnabrueck,Media Computer Science,2010
Nimble2017,Stanford University Graduate School of Business,Business Administration,2017
Nirali_Feige,Global Indian International School,"Economics, Business, Maths",2013
Nirali_Feige,Singapore Management University,Double Major In Economics And Finance,2017
NirmeshPatel,King's College London,Biological And Biomedical Sciences,2011
NirmeshPatel,King's College London,Oncology And Cancer Biology,2017
Niteshchellaram,Curtin Singapore,"Business Administration And Management, General",2011
Niteshchellaram,"Gandhi Memorial International School Jakarta, Indonesia","Business/commerce, General",2010
Niteshchellaram,Management Development Institute of Singapore,"Business Administration And Management, General",2013
Noah_SannTek,University of Waterloo,Nanotechnology,2018
Noy_Twerski,Reichman University - The Interdisciplinary Center (IDC),Computer Science And Entrepreneurship,2021
Nupur,De Anza College,"Business Administration And Management, General",2014
Nupur,Harvard University,"Business Administration, Management And Operations",2014
OGha,Purdue University,Major In Computer Science And Electrical Engineering,2012
Obertr,Politechnika Wrocławska / Wroclaw University of Technology,System Engineering,2023
Oekram,American University in Cairo,Economics And Finance,2011
Oekram,Columbia University,Economics,2011
Ohagrass11,Harvard Business School Online,Leadership And Strategy,2018
Ohagrass11,The American University in Cairo,Economics,2010
Ohagrass11,University of Oregon,Political Economy,2012
Okies,University of East London,Mba,2024
Okies,University of Ilorin,"Agriculture, General",2013
Old_Thrashbarg,Middlebury College,Physics,2009
Old_Thrashbarg,"University of California, Los Angeles",Physics,2012
OliverWales,University of Cambridge,Computer Science,2021
OlyG70,Stanford University Graduate School of Business,Aea Stanford Exec Mba Program,2006
OlyG70,University of Greenwich - United Kingdom,Electrical And Electronic Engineering,1991
OmarIsmail,University of Waterloo,Software Engineering,2006
OneHealth,Columbia University - School of International and Public Affairs,Development Economics And International Development,2006
OneHealth,Princeton University,Philosophy,2004
OneHealth,University of Massachusetts Boston,English Literature,1998
OraOnel,Imperial College London,Genomic Medicine,2021
OraOnel,Loughborough University,Human Biology,2014
OraOnel,Middlesex University,Biology,2017
OscarVingtoft,DTU - Technical University of Denmark,Software Engineering,2015
Oskin_Pupin,1st International school of Ostrava,International Middle School,2011
Oskin_Pupin,Business School Ostrava,Business,2016
Oskin_Pupin,Technical University of Ostrava,Business And Law,2015
Ottermad,Durham University,Mathematics And Philosophy,2020
Ovieben,University of Benin,Bachelor's Degree,2010
PLBjt,Collège Stanislas Paris,Stem,2019
PLBjt,"Ecole Polytechnique, Paris",Applied Mathematics And Computer Science,2022
PLBjt,HEC Paris,Entrepreneurship,2023
PLWbill,Florida Atlantic University,Physics,1971
PLWbill,"University of California, Irvine",Physics,1975
PStamatiou,Georgia Institute of Technology,Computational Media,2008
PZYXIAN2,University of Waterloo,"Electrical Engineering, Economics",2012
Pabloorlando,Stanford University,Leadership Program,2013
PameVls,Instituto Tecnológico Autónomo de México,Emprendimiento/estudios Sobre Emprendimiento,2016
PameVls,The University of Texas at Austin,Management Information Systems,2015
PatrickRussell,Indiana Wesleyan University,Business,2012
Patrick_C,McGill University,Mechanical Engineering,2016
Pavlyshyna,Kyiv National Linguistics University,Translation And Interpreting,2014
Pavlyshyna,Taras Shevchenko National University of Kyiv,Advertising And Public Relations,2014
PedroCalderon,Universidade de São Paulo (USP),Naval Engineering,2013
PedroCalderon,Université de Toulon,Naval E Engineering,2013
Pedro_Magna,Harvard College,Computer Science,2024
Peifu,"University of California, Berkeley, Haas School of Business",Business Administration,2012
PennyChen,Massachussetts Institute of Technology (MIT),Analytics For Supply Chain,2022
PennyChen,Massachussetts Institute of Technology (MIT),Dual Degree In Eecs And Meche,2020
PennyChen,National Taiwan University,Engineering,2016
PetarMatejic,University of Nevada-Las Vegas,Mechanical Engineering,2023
PhiWeber,Technische Universität Graz,Computer Software Engineering,2022
PhilipLumen,Columbia University,Theoretical Physics And Applied Mathematics,2010
PhilipLumen,Harvard University,National Security And Technology,2019
PhilipLumen,"The Wharton School, University of Pennsylvania",Entrepreneurship And Technology,2018
PhilipLumen,University of Nottingham,Theoretical Physics And Applied Mathematics,2008
PhillipGulley,CUNY Brooklyn College,Fine Art,2011
PhillipGulley,University of South Florida,Theater,2007
PieSquared,Harvey Mudd College,Mathematics,2015
Piero0909,Universitat de Barcelona,Business Administration,2013
Pierresaad,The American University in Cairo,Computer Science,2015
Poison,Colorado State University-Global Campus,Artificial Intelligence,2025
PolinaLishko,"Bogomoletz Institute of Physiology, Kiev, Ukraine","Biophysics, Biochemistry, Physiology",2000
PolinaLishko,Kiev National Taras Shevchenko University,"Biology, Biochemistry",1996
PolinaLishko,"National Taras Shevchenko University, Kiev, Ukraine",Biochemistry,1995
PolinaLishko,Taras Shevchenko National University of Kyiv,"Biology, Biochemistry",1996
PranayWS,"L.N.C.T, Bhopal",Electrical And Electronics Engineering,2014
PratikGangwal,"Birla Institute of Technology and Science, Pilani",Electronics Engineering,2015
PratikGangwal,Copenhagen Business School,Entrepreneurship,2016
PratikGangwal,"Indian Institute of Management, Calcutta",Strategy And Finance,2017
PratikLodha95,IIT Bombay,Civil Engineering And Computer Science,2017
Praveen019,IIT Madras,Engineering Physics,2017
Premk00,University of Washington,Informatics,2006
PritRaj1,University of Cambridge,Electrical And Computer Engineering,2024
ProductJedi,Universidad Complutense de Madrid,History,1994
ProductJedi,"University of California, Santa Barbara",History,1995
ProtexAi,Trinity College Dublin,Business Economics And Management,2017
PureForm,Portland Community College,Computer Science,2005
Qhmckenna,University of Virginia,English,1984
QianQiao,Central China Normal University,Broadcast Journalism,2011
QianQiao,Florida State University,Integrated Marketing Communicaiton,2016
RBBronson123,Northwestern University/SUNY Buffalo,Journalism,1976
RGraman,Norwich University,Strategic Studies And Defense Analysis,2020
RGraman,Y Combinator,Startup Mentorship,2021
RRiccio,Pontifícia Universidade Católica do Rio de Janeiro,Business Administration And Management,2011
RRiccio,Universidade do Estado do Rio de Janeiro,Economics,2006
R_R,University of Southern California,Gerontology,2016
Rabii247,University of Oxford,"Philosophy, Politics, And Economics",2020
RafaelTejeda,INSTITUTO TECNOLOGICO DE ESTUDIOS SUPERIORES DE MONTERREY,Law,1992
Raffi_Isanians,Georgetown University Law Center,Law,2018
Raffi_Isanians,"University of California, Irvine",Economics,2010
Rafsark,ISEG - Lyon School of Economics & Management,Marketing/marketing Management,2013
Ramavito,Prasetiya Mulya Business School,Finance,2014
Ramavito,Telkom University,Information Technology,2012
RamyMKhorshed,Duke University,Economics,2014
RamyMKhorshed,Flatiron School,Software Engineering,2018
Raoufyousfi,University of Bath,Electrical And Electronic Engineering,2016
Raoufyousfi,Y Combinator,W21 Batch,2021
Raphaelcapelao,Pontificia Universidade Católica de Minas Gerais,Mechanical Engineering,2019
RaptorMaps,Johns Hopkins University,Biomedical Engineering,2010
RaptorMaps,Massachusetts Institute of Technology,Bioastronautics,2016
Rashmibala,IIT Kanpur,Electrical Engineering,2015
Rasmuschow,National University of Singapore,Business Administration,2015
RavenJesse,University of Liverpool,Financial Mathematics,2013
Raymond_Huang,University of Illinois Urbana-Champaign,Mechanical Engineering,2023
RaymundoGzzLeal,Minerva Schools at KGI,Natural Sciences And Computational Sciences,2019
Rchoy,HEC Paris,Entrepreneur,2016
Rchoy,Y Combinator,W20,2020
ReeceG46,University of Cambridge,Information Engineering,2019
RehanSheikh,University of Cambridge,Information And Computer Engineering,2024
RekarBotany,Ishik College,Science,2012
RekarBotany,Ishik High School,Academic,2012
RekarBotany,Ishik University,Computer Engineering,2016
Renat,Peter the Great St.Petersburg Polytechnic University,Information Systems In Economics,2003
Renat,Saint Petersburg University of Telecommunications,Telecommunication,2005
Revl,Academy of Art University,Industrial And Product Design,2012
Reza18,Shahid Beheshti University,Photonics,2008
Reza18,Shiraz University,Physics,2005
Reza18,"University of Tennessee, Knoxville",Physics,2015
Rfmuckel,Rochester Institute of Technology,Mechanical Engineering,2014
RicardoGott01,Universidade Estadual de Campinas (UNICAMP),Mechanical Engineering,2012
Rich-Fleeman,Bromsgrove new college,Electrical And Electronics Engineering,2009
Rich-Fleeman,Stratford College,Electrical Installation,2011
RichBas,Queen Mary University of London,Management And Innovation,2015
RichardsB,Imperial College London,Physics,2020
RichardsB,Massachusetts Institute of Technology,Physics,2020
Rickfirnando,Universitas Prasetiya Mulya,Marketing,2015
Rifanditto91,Stanford University,Business Administration,2020
Riphyak,London School of Economics and Political Science,Economics,2012
Riphyak,Lviv National Medical University 'Danylo Halycky'​,Pharmacy,2007
Riyaz_1,IIT Bombay,Civil Engineering,2017
RobKanda,University of Cambridge,Experimental Astrophysics,2019
RobKanda,University of Nottingham,Physics With Theoretical Astrophysics,2015
Robert95,Imperial College London,Environmental Technology,2020
Robert95,Technical University of Munich,Mechanical Engineering,2019
RobertLasowski,Fulda University of Applied Sciences,Applied Computer Science,2005
RobertLasowski,Ludwig Maximilian University of Munich,Computer Science,2012
Robin_Philibert,Université de Rouen,Sports Management,2018
Robin_Philibert,Université des Sciences et Technologies de Lille (Lille I),Law,2015
Robin_Philibert,Université des Sciences et Technologies de Lille (Lille I),Political Science,2016
Robrechtlr,Artevelde University,Sme Management,2018
Robrechtlr,ESEI International Business School Barcelona,Digital Entrepreneurship,2019
Rodny,The Hague University,Bachelor Of Science,2012
RodrigoTognini,Columbia University,Lean Startup,2015
RodrigoTognini,Insper,Business Management,2018
Rogeriocorrea,ESCP Europe,Master In International Business,2021
Rogeriocorrea,Pontificia Universidade Católica de São Paulo,Accounting And Finance,2014
Rogeriocorrea,Universidade Estadual Paulista Júlio de Mesquita Filho,Business Management,2009
Rohanm4,Stanford University,Computer Science,2025
Roheet,Boston University,International Relations And History,2006
Roheet,London Business School,Strategy,2015
RomanEngeler,ETH Zürich,Mechanical Engineering,2019
RomanEngeler,ETH Zürich,"Robotics, Systems And Control",2020
RomanEngeler,Imperial College London,Mechanical Engineering,2017
RomanEngeler,Stanford University,Robotics,2019
RomyLynch,INSA Lyon - Institut National des Sciences Appliquées de Lyon,Mechanical Engineering,2016
RomyLynch,University College Dublin,Mechanical Engineering,2017
Roshniaslam,University of Strathclyde,Accounting And Finance,2017
Rperry2174,Indiana University,"Real Estate, Finance",2016
Ruoni,Dartmouth College,"Computer Science, Economics",2019
RyanLaverty,Babson College,"Business Administration And Management, General",2020
Ryan_Marien,Queen's University,Engineering Chemistry / Economics,2008
Ryan_Marien,University of Cambridge,Bioscience Enterprise,2010
SPO,Georgetown University,Business,2006
SPO,Harvard Business School Online,(1) Corporate Finance And Valuations,2019
SPO,Stanford Continuing Studies,(1) Effective Board Governance (2) People Analytics And Building A Talent Advantage,2019
SPO,Universidad del Pais,Spanish Language And Art,1998
SPO,University Of California,"Applied Math And Economics, Double Minor In Behavioral And Cognitive Psychology",1999
SPO,University of Cambridge,Economics,1998
SRasch,Norges Handelshøyskole,Economics,2011
SRasch,University of Bergen,Computer And Information Science,2012
SRasch,"University of California, Berkeley",Entrepreneurship,2012
Sadiredd,"Advanced Materials Research Institute, University of New Orleans",Design And Fabrication Of Energy Devices,2013
Sadiredd,Osmania University,"Physics, Chemistry And Mathematics",2005
Sadiredd,Tulane University,"Business Administration And Management, General",2017
SajalK,BITS Pilani,Computer Science,2017
SakshiAgarwal,Christ Junior College,International Baccalaureate,2018
SamMendel,Babson College - dropped out,Business,2022
SamMendel,"Franklin W. Olin College of Engineering - cross registered, dropped out",Computer Science,2022
Sameel,Middlesex University,Business And Human Resource Management,2009
SamuelBarnholdt,Uppsala University,Computer Science,2020
SamyChiba,Université François Rabelais de Tours,Gestion Des Entreprises Et Des Administrations,2013
SamyChiba,Université Paris 1 Panthéon-Sorbonne,Gestion,2015
SamyChiba,Université Paris 1 Panthéon-Sorbonne,Gestion D'entreprise,2014
SamyChiba,Université Paris Dauphine,Master 2 Affaires Internationales Et Developpement,2018
SamyChiba,Université Paris Dauphine,Politique Générale Et Stratégie Des Organisations,2016
SamyDanesh,"University of California, Irvine",Philosphy,2016
SamyDanesh,University of Washington School of Law,Law,2020
SandersAK,Bennington College,Liberal Arts,2007
Sanketh-andhava,University Of Maryland,Health Decision Sciences,2023
Sanmi2022,"Obafemi Awolowo University, BSc Engineering Physics, 2010",Engineering Physics,2010
SannTek,University of Waterloo,Nanotechnology,2018
Santidebedout,Kennesaw State University - Michael J. Coles College of Business,Marketing,2013
SaratogaEnergy,University of Virginia,Art History,2007
Saru,"King's College London, U. of London",Medicine,2015
SashaCo,Ecole normale supérieure,"Mathematics, Computer Vision, Machine Learning",2021
SashaCo,Harvard University,Computer Science And Healthcare,2020
SashaCo,Lycée Pierre de Fermat,"Mathematics, Physics, Engineering Sciences",2017
SashaCo,École des Ponts ParisTech,Double Major: Mathematics And Computer Science,2021
Saurabh2104,IIT Kharagpur,Chemistry,2021
ScottDavies67,Humboldt State University,Engineering,1993
SellaBlondheim,Shenkar,Industrial And Management Engineering,2015
Sergei_S,Belarusian State University,Law,2013
Sergei_S,Belarusian State University,Political Science And Law,2012
Sergei_S,Institute of business and management of technologies BSU,Finance,2016
Sgadoo,Asian institute of Management,General Management,2009
Sgadoo,Maulana Azad National Institute of Technology,Computer Science And Engineering,2004
ShahafGonenAlt,The Hebrew University,"Bachelor's Degree, Computer Science And Physics",2012
Shahdee,NRNU MEPhi,Applied Math,2012
Shamiq,Northwestern University,"Computer Science, Economics, Business",2010
Shanur,"National Institute of Technology, Arunachal",Computer Science And Electronics Engineering,2018
Shapol,Imperial College London,Aerospace Engineering,2024
Sharebear,Northwestern University,Computer Science And Econ,2018
ShashwatShri16,IIT Kharagpur,Civil Engineering,2021
Shawn-RG,Imperial College London,Business Management,2019
Shawn-RG,John Molson School of Business,Finance And Accounting,2015
ShawnLiam,QUT (Queensland University of Technology),Communication Design,2011
SheenaD,University of Southern Mississippi,Film,2011
Sherlock17,"Kwame Nkrumah' University of Science and Technology, Kumasi","Biochemistry, Biotechnology And Molecular Medicine",2014
Sherlock17,Prempeh College,Pure Science,2009
ShikhaM,The University of Hong Kong,Accounting And Finance,2017
ShiliangTang,Massachusetts Institute of Technology,Chemical Engineering,2008
ShmGupta,Delhi University,Mathematics,2013
ShmGupta,IIT Kharagpur,Computer Science And Data Processing,2017
ShmGupta,"NIT Allahabad, India",Mathematics And Scientific Computing,2015
SimonUnravel,Imperial College London,Mathematics,1995
SimonUnravel,Imperial College London,Quantitative Finance,2000
SimonUnravel,University of Cambridge,Mathematics,1996
Singaraju516,Duke University,Computer Science,2021
SixClub,University of Waterloo,Systems Design Engineering,2018
Skabir8,City University of New York-Hunter College,Computer Science,2021
Skabir8,Stuyvesant High School,Computer Science,2017
Skeletor,Columbia Engineering,"Operating Systems, Databases, Networks",2004
Skeletor,Columbia University,"Operating Systems, Databases, Networks",2004
Skeletor,Stony Brook University,Computer Engineering And Computer Science,2001
Skrypt,University of Florida,Computer Engineering,2011
SkylerAspegren,Wheaton College,Business Economics Minors In Math And Computer Science,2017
Slowki,"University of Maryland, College Park",Computer Science,2017
SmartSite,Imperial College London,Product Design,2016
SmartSite,Royal College of Art,Product Design,2016
SmartSite,The University of Hong Kong,Mechanical Engineering,2010
SmartSite,University of Nottingham,Mechanical Engineering,2011
Smriti16,National Institute of Technology Bhopal,Electronics And Communications Engineering,2018
SohanChoudhury,Georgia Institute of Technology,Computer Science,2020
SongangLu,"University of California, San Diego",Management Science,2023
Songe,Yale University,Law,2010
SophieWyne,Roskilde University,International Relations,2018
Souravssp,Canadian International School,International Baccalaureate,2018
Souravssp,Delhi Public School Bangalore North,Cbse,2015
Souravssp,International Baccalaureate,Computer Science,2018
Souravssp,"SRM University, Amaravati. School of Liberal Arts & Basic Sciences",Computer Science,2021
SpencerMLevitt,Northwestern University,Computer Science,2021
Spendar007,University of Nottingham,Medical Physics,1998
Spornj,Duke University,Zoology,1980
Spornj,National Institutes of Health,Nimh,2003
Spornj,University of Miami Medical School,Medicine,1984
Sriverop,Sciences Po,Finance,2013
StanGirard,"Buffon High School, Paris, France",Pcsi,2015
StanGirard,EPITA: Ingénierie Informatique,Computer Science,2020
StanGirard,Liberty High School,Senior Year,2012
SteffenM26,Eberhard-Karls-University Tübingen (Germany),International Economics,2012
SteffenM26,Friedrich-Alexander-University Erlangen-Nuremberg (Germany),Management,2015
SteffenM26,University of Guadalajara (Mexico),Business Administration And Economics,2011
SteffenM26,University of Hagen,Psychology,2018
StephanKletzl,University of Applied Sciences Salzburg,Management,2007
SteveGreaseBoss,Macquarie Graduate School of Management,Business,2017
SteveGreaseBoss,"University of Technology, Sydney",Engineering,2009
Steve_Moneytis,NEOMA Business School,"Finance, Financial Controlling, Strategy, Personal Development",2011
Steve_Moneytis,Universität Mannheim,Betriebwirtschaftslehre,2010
Sthitpragnya7,IIT Madras,Chemical Engineering,2014
Straw,University of Cambridge,Mathematics,2019
StudyStream,New York University,Physics,2013
StudyStream,University of Oxford,Physics,2017
SultanKh,Babson College,Entrepreneurship/entrepreneurial Studies,2018
SultanKh,King Fahd University of Petroleum & Minerals - KFUPM,Computer Software Engineering,2016
SultanKh,Stanford University,Entrepreneurship/entrepreneurial Studies,2021
Suneel478,IIT Madras,Mechanical Engineering,2017
Suneel478,Plaksha University,Artificial Intelligence,2020
SvenAl,Sveuèilište u Rijeci,Informatics,2008
SwellJoe,University of Southern California,Computer Engineering And Computer Science,2007
Synvaccine,Geneva University (Mérieux Foundation),Vaccinology,2015
Synvaccine,Tel Hail College (Israel),Biotechnology,2003
Synvaccine,Weizmann Institute of Science,Synthetic Biology,2010
Synvivia,"University of California, Berkeley",Bioengineering And Biomedical Engineering,2015
Synvivia,"University of California, Santa Barbara",Cell/cellular And Molecular Biology,2007
TSchurr,Cal State Long Beach,Biomedical Engineering And Clinical Engineering,2017
TSchurr,Cal State Long Beach,Electrical Engineering,2018
TSchurr,Universal Technical Institute,"Automotive, Diesel And Hydraulics Technologies",2008
TZwisler,University of Southern California,Psychology And Law,2014
T_Folliard,International Space University,Space Studies Program,2014
T_Folliard,University College London,Synthetic Biology,2013
T_Folliard,University of Oxford,Biochemistry,2017
T_Folliard,University of Southampton,Biology,2011
TatWakie,Academy of National Economy under the Government of the Russian Federation,Economics,2007
TatWakie,Plekhanov Russian University of Economics,Economics,2004
Tbwa,Tufts University,"Chemical And Biological Engineering, Biotechnology",2008
Tbwa,Vanderbilt University,Biomedical Engineering,2017
TedBlosser,Santa Clara University,Electrical Engineering,2006
TenantTurner,University of Virginia,Management Of Information Technology,2009
TenantTurner,Virginia Commonwealth University,Information Systems,2005
TheBengaluruGuy,IIT Delhi,Electrical And Electronics Engineering,2016
TheEzEzz,"University of California, Santa Barbara",Applied Mathematics,2011
TheOsiris,Loyola Marymount University,Computer Sceince,2003
TheOsiris,University of Southern California,Business,2007
Theo_Hoenen,"University of California, Berkeley",Entrepreneurship And Innovation,2022
Theo_Hoenen,Université de Technologie de Troyes,Software Engineering,2023
Thev_Grif,ENSAE Paris,Data Science,2017
Thev_Grif,Ecole polytechnique,It&e,2018
Thev_Grif,Lycée Chaptal x Intégrale Institut,"Mathematics, Geopolitics And Philosophy",2013
Thev_Grif,Lycée Léonard de Vinci,Mathematics,2010
Thev_Grif,"University of California, Berkeley",Technological Innovation,2017
ThomasLaporte,EMLYON Business School,Msc In Management,2022
ThomasLaporte,Panthéon-Assas université,Business Law,2020
ThomasLaporte,Panthéon-Assas université,"Civil Law, Business Law",2019
ThomasLaporte,"University of California, Berkeley","Le Bridge, Entrepreneurship Of Technology And Innovation Program",2022
ThorFromNor,Norwegian University of Science and Technology,Economics,2015
ThunderCloud500,University of Brighton,Graphic Design,1997
ThunderCloud500,Y Combinator,Start Up,2021
Tiffanyw,"University of California, Berkeley",Economics,2013
Timhyer,Duke University,Art And Design,2005
Titou325,ENSA Lyon,Architecture,2022
Titou325,INSA Lyon - Institut National des Sciences Appliquées de Lyon,Civil Engineering And Urban Planning,2022
Titou325,Massachusetts Institute of Technology,Ml And Data Science,2024
TomKramer,California Polytechnic State University,Mechanical Engineering,1986
TomKramer,San Diego State University,Mechanical Engineering,1988
TomSRay,Florida State University,Biology And Chemistry,1976
TomSRay,Harvard University,Biology,1981
Tommyesco,Rollins College,Marketing And Finance,2003
Tommytsai1,Cornell University,Computer Science,2024
ToniRV,Ecole polytechnique fédérale de Lausanne,Mechanical Engineering,2015
ToniRV,Eidgenössische Technische Hochschule Zürich,"Robotics, Systems And Control",2017
ToniRV,Massachusetts Institute of Technology,Computer Science,2022
Tonje,École alsacienne,Economics,1999
TranquilVarun,"University of California, Berkeley",Computer Science And Business,2023
Trasatti19,Boston College Carroll School of Management,"Business, Mathematics, Cs",2018
Trasatti19,Georgia Institute of Technology,Operations Research,2022
Tushariitd,IIT Delhi,Mechanical Engineering,2015
TwoFactor,Cornell University,Applied Operations Research,2008
TwoFactor,Cornell University,Operations Research And Information Engineering,2007
TylerMelton,Rice University,Business Administration,2020
TylerMelton,The University of Texas at Austin,Biology,2012
TylerMelton,The University of Texas at Austin,Biomedical Engineering,2013
TylerWCarlson,Florida State University,Kinesiology And Exercise Science,2013
U-Gul,Denison University,Economics,2013
UlysseLichtle,Institut Français de Presse,Journalism,2011
UlysseLichtle,Panthéon Assas Paris University,Management And New Technologies,2010
Umair-Aslam,IBA Karachi,Finance And Management,2010
Uzairmahmud,The University of Texas at Austin,Computer Science,2011
UzomaAmeelio,University of Cambridge,Criminology,2016
Vaismania,Ryerson University,Finance,2010
ValorWater,Beijing University,East Asian Languages And Cultures,1998
ValorWater,Columbia University,East Asian Studies,1998
ValorWater,University of North Carolina at Chapel Hill,City And Regional Planning,2006
ValorWater,University of North Carolina at Chapel Hill,Environmental Policy And Planning,2011
ValueClear,Northwood University,Accounting And International Business,2013
Valuu,Georgia Institute of Technology,Data Science,2023
Valuu,Universidade Estadual de Maringá,Data Science,2019
Vedant_Kumar,IIT Roorkee,Civil Engineering,2021
Vekz,Fox Valley Technical College,Multimedia Design,2005
ViccAlexander,"University of California, Berkeley",Art Practice,2014
VikramR,Claremont McKenna College,"Biology, General",2006
VikramR,Linfield College,Marketing,2015
VincentPastor,ECAM Rennes,Business Administration,2009
VincentPastor,Université de Rennes I,Business Administration,2007
VincentPastor,Université de Rennes I,Management Innovation,2011
Vipanchi,School of Planning and Architecture Delhi,Architecture,2018
Vladi_,Ludwig Maximilian University of Munich,Management And Digital Technologies,2023
Vladi_,Manage&More by UnternehmerTUM,Entrepreneurship,2023
Vladi_,National University of Malaysia (UKM),Industrial Engineering,2019
Vladi_,University of Duisburg-Essen (Germany),Industrial Engineering,2020
VolumetricBG,Rice University,Bioengineering,2018
VolumetricBG,Texas A&M University,Biomedical Engineering,2013
VrindaGupta,"University of California, Los Angeles",Communications,2013
WadeF,University of Missouri,Business Administration,2010
WadeF,University of Missouri,Industrial Engineering,2009
Wakie,Institute of Business and Politics,Economics,2010
Wakie,Moscow Institute of Electronics and Mathematics,Metrology,2007
WarrenDSadler,Nossi College of Art and Design,Illustration,2013
Widijastoro,Iowa State University,Chemical Engineering,1993
Widijastoro,University of Wisconsin,Industrial Technology In Chemical Engineering,1994
WillMcCall,Dartmouth College,Computer Science And Design,2023
WillMcCall,Greens Farms Academy,Concentration In Steam,2019
Willemink,Stanford University Graduate School of Business,Business Administration And Management,2019
Willemink,University of Groningen,Medicine,2011
Willemink,University of Twente,Biomedical Engineering,2006
Willemink,University of Twente,Technical Medicine,2007
Willemink,Utrecht University,Clinical Epidemiology,2014
Willemink,Utrecht University,Medical Imaging,2015
WilliamCollis,Amherst College,Economics,2007
WilliamCollis,Harvard Business School,Business,2011
Wump,Massachusetts Institute of Technology,Computer Science And Electrical Engineering,2002
Xavier_koala,CentraleSupélec,Wireless Communication And Electromagnetism,2011
YCPSWD99,Purdue University,"Economics And Finance, Minor In Statistics",2021
YCPSWD99,Y Combinator,W22,2022
Yael-Mozper,"Baruch College, Zicklin School of Business",Finance And Investments,2005
Yair-Dovrat,Brandeis University,Entrepreneurship/entrepreneurial Studies,2018
Yair-Dovrat,Concordia University,Startup Residency,2019
Yalamshah,Harvard Business School,General Management,2024
Yalamshah,North Carolina State University,Chemical Engineering,2019
YanivKnoll-AD,The Open University of Israel,Computer Science,2021
YaroslavAzhnyuk,National Technical University of Ukraine,"Programming, Math, Software",2011
Yasaman_nemat,Georgia Institute of Technology,Bioengineering,2013
Yasaman_nemat,Georgia Institute of Technology,Mechanical Engineering,2011
Yasaman_nemat,National University of Singapore,Biomedical Engineering,2017
Yearend,University of Southern California,Accounting,2006
Yemaachi,Northwestern University,Microbiology And Immunology,2012
Yertis,Massachusetts Institute of Technology,Mechanical Engineering,2012
Yhangry,CFA Institute,Accounting And Finance,2017
Yhangry,Columbia University,Computer Science,2013
Yisz,Northwestern University,Computer Science,2017
Yogeshbathina,Anna University,Electronics And Communication Engg,2007
Yogeshbathina,International Institute of Information Technology - Hyderabad,Computer Science,2013
YoungGato,The University of Texas at Austin,Computer Science,2022
YourQuote,IIT Delhi,Engineering Physics,2011
YourQuote,Young India Fellowship,Liberal Arts,2014
YukiLiu,Liceo Classico C. Balbo,Maturità Classica,1996
YukiLiu,Università degli Studi di Torino,International Studies,2005
YukiLiu,Università degli Studi di Torino,Modern Languages And Literatures,1999
ZMcKinney,Princeton University,Mechanical Engineering,2007
ZMcKinney,"University of California, Los Angeles",Bioengineering And Biomedical Engineering,2008
ZMcKinney,"University of California, Los Angeles",Biomedical Engineering,2016
ZachMacKap,New York University,"Business, Product Development",2013
Zacharymelo,Niagara College,New Web Media Design,2012
ZackGray,Columbia University,"Astrophysics, Philosophy",2011
ZackGray,"The Wharton School, University of Pennsylvania",Finance,2019
ZainManji,University of Toronto,"Computer Science And Economics, Statistics",2016
Zjoanna,Stanford University Graduate School of Business,Master Of Business Administration,2022
Zjoanna,The University of British Columbia,Honors Bachelor Of Business And Computer Science,2015
__JW__,The Open University,Bachelor Of Science,2025
__JW__,University of Exeter,Bachelor’s Degree,1993
_ahosny,Brown Univeristy,Computer Science,2018
_ahosny,University of Connecticut,Computer Science And Engineering,2016
_dps,California Institute of Technology,Control And Dynamical Systems,2005
_dps,London School of Economics and Political Science,Law And Government,1999
_dps,Rice University,"Applied Mathematics, Mechanical Engineering",2002
_mattb,Duke University,Civil And Environmental Engineering,2010
_prometheus,Stanford University,Computer Science,2012
_sentient,Y Combinator,Summer 14,2014
_tylerjohnson,Stanford University,Computer Science,2021
a24venka,Nanyang Technological University,Computer Engineering,2016
a24venka,University of Waterloo,Computer Engineering,2017
a29paul,University of Waterloo,Engineering,2020
a380601018,University of Illinois Urbana-Champaign,Electrical And Electronics Engineering,2018
aabhay,Stanford University,Design,2019
aabhay,UC Berkeley College of Engineering,Computer Science And Electrical Engineering,2012
aadvani,University of Oxford,Political Science/ Pre Pharmacy,2003
aagr,Carnegie Mellon University,"Electrical And Computer Engineering, Computational Finance",2012
aaheliyer,Rochester Institute of Technology,New Media Design,2019
aaismail,Imperial College London,Chemical With Nuclear Engineering,2012
aakashns,IIT Bombay,Computer Science,2013
aakashprasad91,"University of California, Berkeley",Electrical Engineering And Computer Science,2013
aakcura,Carnegie Mellon University,"Finance, Financial Engineers",1999
aakcura,Rochester Institute of Technology,Industrial Engineering,1994
aakhil,University of Madras,Electronics And Communication Engineering,2002
aamirpoonawalla,Georgia Institute of Technology,Computer Science,2010
aamirpoonawalla,Savitribai Phule Pune University,Computer Engineering,2008
aamirpoonawalla,"St Vincent's High School, Pune",High School,2004
aanandsrinivas,"National Institute of Technology, Tiruchirapalli",Computer Science And Engineering,2011
aankitroy,Birla Institute of Technology,Computer Science,2014
aankitroy,Kendriya Vidyalaya,General Studies,2007
aankitroy,Kendriya Vidyalaya,Science,2009
aansong,Stanford University,Symbolic Systems,2018
aansong,The Hotchkiss School,Classics Diploma,2014
aappel,Northwestern University,"Mechanical Engineering, Manufacturing Engineering, Design",2015
aar366,Northwestern University,Learning And Organizational Change,2003
aar366,Stanford University,"Learning, Design, And Technology",2009
aarondia,University of Pennsylvania,Computer Science And Business,2020
aaronfarr_,Yale University,Economics,2022
aaronptb,The University of Texas at Austin,Computer Science,2019
aaronsw,Aarhus University,Computer Science,2007
aaronsw,IT,Digital Design And Communication,2014
aaronthecannon,Tufts University,"Economics, Entrepreneurial Leadership",2011
aarontlee10,"University of California, Berkeley",Computer Science,2019
aaronvg,The University of Texas at Austin,Computer Science,2014
aartemiuk,Belarusian State University of Informatics and Radioelectronics,Programming Maintenance Of It,2013
aatrey,IIT Delhi,Electrical Engineering,2012
aayush-kosh,IIT Delhi,Computer Science And Engineering,2014
aayushr,IIT Roorkee,Electronics Engineering,2012
aayushshah15,University of Waterloo,Computer Science,2020
aayvazyan,State Engineering University of Armenia,Computer Science,2009
aazo11,"University of California, Berkeley",Ba,2005
ab1995,Stanford University,International Relations,2017
abakshi,Hillsdale High School,General Education,2006
abakshi,The University of Queensland,Biotechnology,2011
abakshi,"University of California, San Diego",Science Biochemistry/ Cell Biology,2010
abali,Humber College,Machining,2007
abali,University of Waterloo,Mechatronics Engineering,2011
abalonebio,"University of California, Berkeley",Molecular Cell Biology And Computer Science,1993
abalonebio,Yale University,Molecular Biophysics And Biochemistry,2000
abarcaalex,"Royal Academy of Engineering, London",Business Innovation,2019
abarcaalex,Tecnológico de Monterrey,Artificial Intelligence,2022
abarcaalex,Tecnológico de Monterrey,Engineering Physics And Mathematics,2012
abashara,HEC School of Management / HEC Paris,392/400 Gpa,2019
abashara,HKUST Business School,384/400 Gpa,2019
abashara,Ivey Business School at Western University,Management,2019
abastani,"University of California, Berkeley",Computer Science,2023
abbasmehdi,Rock Health,Healthcare Entrepreneurship,2012
abbasmehdi,The University of British Columbia,Electrical Engineering,2006
abbottry,Michigan State University,Computer Science,2007
abdallahshaban,University of San Diego,Marketing/ New Venture Management,2019
abdellam,CentraleSupélec,Applied Mathematics,2017
abdellam,Ecole normale supérieure,"Mva, Master Mathematique Vision Apprentissage",2017
abduljamjoom,Harvard University,Computer Science,2019
abduljamjoom,Harvard University,Computer Science And Philosophy,2014
abduljamjoom,Stanford University,Computer Science And Entreproneurship,2013
abdullahbak,"University of California, Berkeley",Energy Engineering,2021
abefetterman,California Institute of Technology,Physics And Business,2005
abefetterman,Princeton University,Plasma Physics,2011
abeh,Simon Fraser University,Interaction Design,2005
abeshry,University of Alberta,"Computer Science, Chemistry",2015
abewheeler,University of Southern California,Computer Science,2017
abewheeler,University of Washington,364,2015
abhayana2,Purdue University,Economics,2010
abhi12_ayalur,"University of California, Berkeley",Computer Science And Electrical Engineering,2021
abhi426,IIT Delhi,Mechanical Engineering,2003
abhi_lancey,Queen's University,Computer Engineering,2016
abhi_r,Imperial College London,Materials Engineering,2024
abhikp,"University of California, Berkeley",Electrical Engineering And Computer Sciences,2006
abhilashtdharan,College of Engineering Trivandrum,Computer Science,2007
abhimonk,IIT Kanpur,Bachelor Of Technology,2016
abhimonk,Y Combinator,W22,2022
abhinai,IIT Delhi,Computer Science,2001
abhinavg2000,"University of California, Berkeley",Computer Science,2021
abhinavg2000,"University of California, Berkeley",Electrical Engineering And Computer Science,2022
abhinavsharma,Carnegie Mellon University,Computer Science,2012
abhindas,Guru Gobind Singh Indraprastha University,Mechanical &automation Engineering,2008
abhindas,"Kendriya Vidyala, Andrews Ganj",Plans For World Domination,2003
abhishek_24,RV College Of Engineering,Engineering,2017
abhishek_anand,IIT Bombay,Materials Science,2011
abhishekm10,IIT Bombay,Chemical Engineering,2013
abhisiv,Stanford Continuing Studies,Physics,2014
abhisiv,Yale University,Computer Science,2020
ablip,International Institute of Information Technology,Computer Science,2015
ablip,"International Institute of Information Technology, Hyderabad",Computational Natural Sciences,2020
abmohan,University of Toronto,Computer Science And Philosophy,2007
abock1,San Diego State University,Mechanical Engineering,2017
aboris26,Queen's University,Applied Science,2007
aboudjardaneh,Institut national des Sciences appliquées de Lyon,Science In Engineering Telecommunications,2006
aboudjardaneh,University of Ottawa,Exchange Program,2005
abreckle,"University of California, San Diego",Economics,2006
abstractbill,Nottingham,Mathematics,2000
abuchan,Carnegie Mellon University,Electrical And Computer Engineering,2010
abuchan,"University of California, Berkeley",Electrical Engineering And Computer Science,2017
aburton,Newcastle University,Food Marketing,1995
acav,Lycee International de St. Germain,Option Internationale Serie Scientifique,2004
acav,Yale University,Political Science,2008
acbernardes,FGV - Fundação Getulio Vargas,Finance And Financial Management,2012
acbernardes,Massachusetts Institute of Technology,Technology And Entrepreneurship,2019
acchauvet,Ecole Centrale Paris,Industrial Engineering,2012
acctforyc,Carnegie Mellon University,"Energy Science, Technology And Policy",2015
acctforyc,Nanyang Technological University,Electrical And Electronic Engineering,2010
acecreamu,Norwegian University of Science and Technology,Applied Computer Science,2019
acecreamu,Taras Shevchenko National University of Kyiv,Physics,2017
acemonstertoys,"University of California, Berkeley",Nuclear Engineering,2004
achang97,Stanford University,Computer Science,2019
ache,Massachusetts Institute of Technology,"Computer Science, Synthetic Biology",2008
ache,Stanford University,"Computer Science, Psychology",2001
achille-arouko,ESMT,Computer Science And Telecommunications,2012
achille-arouko,Rigas Tehniska Universitate,Computer Science Engineering,2015
achille-arouko,UTBM,Computer Software Engineering,2016
achille-arouko,Université de Technologie de Belfort-Montbéliard,Computer Science Engineering,2016
achso91,University of London,International Management,2014
achumbley,Massachusetts Institue of Technology,Computer Science,2016
achyutaiyengar,"University of California, Berkeley",Business Administration,2021
acirinelli,San Jose State University,Civil Engineering,2011
acol,Yale University,History,2007
actinidia,Massachusetts Institute of Technology,Computer Science And Molecular Biology,2021
actinidia,Massachusetts Institute of Technology,Mathematics,2022
adam,Cornell University,Meteorology,1993
adam,Indiana University Bloomington,Political Science,1995
adam-pigeon,University of Chicago,Mathematics And Statistics,2018
adambomb,Harvard University,Social Anthropology: Social Theory And Political Economy,2016
adambomb,Williams College,"Foreign Languages And Literatures, Economics",2015
adamlynch,University College Cork,Computer Science,2012
adammoelis,"The Wharton School, University of Pennsylvania",Finance And Accounting,2014
adammsandler,University of New Hampshire Peter T. Paul College of Business and Economics,Business Admin,2006
adampgreen,California College of the Arts,Sculpture,2010
adamsf21,The George Washington University,American Studies,2003
adamskrocki,Cornell University College of Engineering,Computer Science,2021
adamsmith,Massachusetts Institute of Technology,Computer Science,2005
adamtilton,University of Illinois Urbana-Champaign,Mechanical Engineering,2014
adamwhearne,London Business School,Business Administration,2015
adamwhearne,Queensland University of Technology,Information Systems,2003
adamwu,Imperial College London,Materials Science And Engineering,2023
adamyaari,Bar-Ilan University,Neuroscience And Computer Science,2016
adamyaari,Massachusetts Institute of Technology,Computer Science,2021
adamyaari,Massachusetts Institute of Technology,Computer Science And Biotechnology Management,2022
adamyaari,Weizmann Institute of Science,Computer Science And Mathematics,2018
adarhay1,Interdisciplinary Center Herzliya,"Business Administration And Management, Entrepreneurship",2019
adarnon,Harvard Business School,Business Administration,2020
adarnon,Harvard Graduate School of Arts and Sciences,Engineering Sciences,2020
adarnon,Hebrew University of Jerusalem,Computer Science,2013
adayNU,Northwestern University,Industrial Engineering,2011
adbrebs,CentraleSupelec,French Engineering,2012
adbrebs,Imperial College London,Ai / Machine Learning / Statistics,2015
adbrebs,Imperial College London,"Artificial Intelligence, Machine Learning",2012
adbrebs,Lycée Sainte Geneviève,Mathématiques,2010
adbrebs,Université de Montréal,Artificial Intelligence / Deep Learning,2016
adbrebs,Université de Montréal,"Artificial Intelligence, Deep Learning",2015
addcn,Syracuse University,Entrepreneurial Studies,2014
addorai,"University of California, San Diego",Computer Science And Engineering,2013
adeelraza,University of Management and Technology,Business Administration,2009
adeelyang,University of Arizona,"Molecular And Cellular Biology, Economics",2008
adeelyang,"University of Arizona, College of Medicine",Medicine,2015
adegboyehenry,Tekedia Institute,Business Administration And Management,2020
adegboyehenry,University of Ilorin,Chemistry,2014
adenabauer,University of Southern California,Engineering,2017
adesh01,Emory University,Decision And Information Analysis,1999
adesh01,Harvard Business School,Business Administration,2005
adeyinka,Obafemi Awolowo University,Mechanical Engineering,2014
adhil,University of Toronto,Electrical Engineering,2008
adhsu01,Stanford University Graduate School of Business,Summer Institute For Entrepreneurship,2008
adhsu01,University of Washington,"Neurobiology, Minor In Mathematics",2007
adi_agarwalla,Princeton University,Computer Science,2015
adi_redclliffe,"Indian Institute of Technology (Banaras Hindu University), Varanasi",Ranked Second In The Batch Of 60,2009
adi_redclliffe,Management Development Institute,Finance And Strategy,2012
adi_redclliffe,"Management Development Institute, Gurgaon",Finance And Strategy,2012
adi_redclliffe,SGH Warsaw School of Economics,Mba,2011
adikaicker,"University of California, Los Angeles",Computer Engineering,2010
adilaft,Middlesex University,Business Information Systems,2004
adilbouhdadi,Ecole internationale des Sciences du Traitement de l'Information,Bsc In Mathematics And Computer Science,2011
adilbouhdadi,SKEMA Bachelor,Msc In International Business,2013
adilbouhdadi,University of Oxford - Said Business School,Blockchain Strategy Programme,2018
adinaspiral,University of Washington,Psychology,2009
adinjoshi1,"University of California, Berkeley",Biology And Business,2023
adioltean,Faculty of Automatic Control and Computer Science at Politehnica University of Bucharest,Chemisty,1995
adioltean,University of Bucharest,Computer Science,1996
adiraja,Imperial College London,Electronic And Information Engineering,2018
adiraja,Imperial College London,Hardware Accelerated Machine Learning,2022
adit93,IIT Delhi,"Business Administration And Management, General",2015
adit_a,Massachusetts Institute of Technology,Computer Science And Engineering,2021
adithyak,"National Institute of Technology, Tiruchirappalli",Electrical And Electronics Engineering,2012
adithyak,Stanford University Graduate School of Business,Entrepreneurship/entrepreneurial Studies,2014
adityajp,University of Alberta,Computer Science,2021
adityajp,University of Waterloo,Computer Science,2019
adityakaji,Eton College,High School,2007
adityakaji,Havard Business School,Business,2017
adityakaji,University of Pennsylvania,Systems Engineering,2011
adityaketkar,BITS Pilani,Computer Science,2020
adityamaru27,University of Waterloo,Computer Science,2020
adityamehta1990,IIT Bombay,Applied Physics,2012
adityapadwal,Pune Institute of Computer Technology,Information Technology,2020
adityaph,Middlesex University,Economics,2006
adityaph,University of Technology Sydney,Business And Commerce,2004
admangan,Stanford University,Computer Science,2023
admanrs,Keene State College,"Cinematography And Film, Video Production",2012
adnansherif,"University of California, Berkeley",Computer Science,2022
adorfman,University of Waterloo,Mathematical Physics,2023
adouceur,Prépa Joffre MP,Mathematics,2008
adouceur,Télécom Paris,Computer Science,2011
adrianInvofox,Kungliga tekniska högskolan,Eit Digital Master School: Data Science Programme,2017
adrianInvofox,Universidad Autónoma de Madrid,Mathematics And Computer Engineering,2015
adrianInvofox,Universidad Politécnica de Madrid,Eit Digital Master School: Data Science Programme,2016
adrianInvofox,Universidad Politécnica de Madrid,Statistics And Data Mining,2015
adrianInvofox,University of Nottingham,Mathematics And Computer Science,2013
adriancuadros,Tecnológico de Monterrey,Computer Science,2008
adrianparlow,Queen's University,Psychology And Economics,2015
adrianparlow,University of Pennsylvania,Law,2019
adrienc4,Grenoble Ecole de Management,Business Economics And Management,2013
adsergeev,"National University of Science and Technology ""MISIS""  (Moscow Institute of Steel and Alloys)",Computer And Information Sciences And Support Services,2014
adsergeev,O'Reilly School of Technology,Analytics And Ai Development,2017
adsergeev,Y Combinator,Acceleration Program,2022
adudley,Harvard University,Economics,2000
advaitruia,Imperial College London,Mechanical Engineering,2015
adymak,IIT Bombay,Industrial Design,2021
adymo,National University of Shipbuilding,Computer Science,2002
adymo,National University of Shipbuilding,Mechanical Engineering,2000
adymo,National University of Shipbuilding (Ukraine),Project Management,2007
aeduardoac,ITESO,Political Science,2011
aedwards11,University of Massachusetts Amherst,Economics,2004
aedwards11,University of Massachusetts Amherst,Information Technology,2005
aefeuer,Yale University,Political Science,2013
aepickett,"University of Delaware, USA",Computer Engineering,2022
aerofanatic,University of Waterloo,Nanotechnology Engineering,2013
afdiaz,Uniiversidad ICESI,"Telematics,telecommunications Engineering",2008
afederation,Harvard University,Chemical Biology,2015
afederation,University of Rochester,"Chemistry, Cell And Developmental Biology",2011
afryer,Stanford University,Management Science And Engineering,2012
agabourie,Stanford University,Electrical Engineering,2021
agabourie,University of Wisconsin-Madison,Electrical Engineering,2014
agam30,IIT Roorkee,Electrical Engineering,2020
agchou,Drexel University,Biomedical Engineering,2011
aginzberg,Stanford University,Computer Science,2017
aglazer,Queen's University,Mechanical Engineering,2006
aglazer,University of Toronto,"Strategy, Finance",2010
agmiklas,University of Toronto,Computer Science,2008
agmiklas,University of Waterloo,Software Engineering,2006
agottiparthy,"University of California, Berkeley","Computer Science, Design",2021
agraditya,NIT Raipur,Computer Science,2019
agrose,University of Cambridge,Chemical Engineering And Management,2012
agrose,Y Combinator,Yc W18,2018
agruebele,Stanford University,Mechanical Engineering,2021
agruebele,University of Illinois Urbana-Champaign,Mechanical Science And Engineering,2015
agubba3,Georgia Tech,Computer Science,2018
agustin95,Universidad Nacional de Cordoba,Bachelor Of Science,2016
agustin95,Universidad Nacional de Cordoba,Computer Engineering,2019
agustinf,Pontificia Universidad Católica de Chile,Information Technology,2006
agustiniglesias,ITBA,Business Administration And Information Systems,2008
ahaidar,Massachusetts Institute of Technology,Math And Computer Science,2015
ahanabanerjee,Imperial College London,Physics,2021
aharm,The University of British Columbia,Engineering Physics,2015
ahaseeb,Air University,Electrical Engineering,2008
ahaseeb,University of Ottawa / Université d'Ottawa,Engineering Management,2011
ahegevall,Bates College,"Economics, Mandarin Chinese, Mathematics",2011
ahegevall,London School of Economics and Political Science,Economics,2010
ahegevall,Yunnan Nationalities University,Mandarin Chinese,2010
ahmadgalal,Banha University,Accounting And Managment,2006
ahmb84,Lycée Jean Perrin,"Géologie / Sciences De La Terre, Général",2017
ahmednasser4,Business Administration,Marketing,2017
ahmednasser4,Computer Science,Computer Science,2013
ahmedomar701,"International School of Choueifat, UAE",Economics,2009
ahmedomar701,The German University in Cairo,Economics,2014
ahmedomar701,Universität Hamburg,Consumer Economics,2014
ahmedsamycs,El Shorouk Academy,Computer Science,2009
ahoff,Massachusetts Institute of Technology,Physics,2009
ahoff,University of Chicago,Physics,2004
ahsankidwai,The University of Manchester,Economics And Business Studies,2011
ahsankidwai,University Of Warwick,Innovation And Entrepreneurship,2016
ahstilde,University of Virginia,Computer Science And Cognitive Psychology,2016
ahueniken,University of Toronto,Engineering Science,2015
ahuibers,Stanford University,Electrical Engineering,1999
aidan_lee,East Brunswick High School,General,2016
aidan_lee,New York University - Leonard N. Stern School of Business,Finance,2020
aidanjporter,ISN,Mathematics,2008
aidenyb,University of Washington,Computer Science,2025
aisrael,Carnegie Mellon University,"Computer Science, Electrical And Computer Engineering",2012
aixdamm,Center for Digital Technology and Management,Computer Science And Entrepreneurship,2022
aixdamm,National University of Singapore,Computer Science And Business,2020
aixdamm,RWTH Aachen University,Industrial Engineering / Civil Engineering,2018
aixdamm,Technical University of Munich,Management And Technology,2022
aixdamm,"The Wharton School, University of Pennsylvania",Business Strategy,2017
aixdamm,Tsinghua University,German Grade 10,2018
aizatrahim,University of South Australia,Finance,2014
aj_icracked,California Polytechnic State University,Psychology / Biology,2011
ajaynraj,"University of California, Berkeley",Computer Science And Data Science,2020
ajaysaini235,Massachusetts Institute of Technology,Computer Science,2018
ajith_7477,Amrita University,Computer Science,2010
ajmalasver,Farnborough 6th Form College,"Physics, Math, Computing",2004
ajmalasver,University of Oxford,Computer Science,2007
ajmcquilkin,Dartmouth College,Computer Science And Engineering Sciences,2023
ajnene,Massachusetts Institute of Techonology,Computer Science,2019
ajnene,Massachusetts Institute of Techonology,Electrical Engineering And Computer Science,2020
ajoy,IIT Madras,Mechanical Engineering,2000
ajunge,Universidad de Chile,Computacion,2000
ak2399,Carnegie Mellon University,Management Information Systems,2004
akahn430,North Carolina State University,Industrial And Product Design,2018
akamath32,"University of California, Berkeley",Electrical Engineering And Computer Science,2012
akankshs,University of Michigan,Computer Science Engineering,2018
akapura,Harvard University Kennedy School of Government,Business,2013
akapura,University of Pennsylvania,Communications,2003
akarve,Florida Atlantic University,Chemistry,1997
akarve,University of South Florida,Computer Science,2002
akarve,University of Wisconsin,Computer Science,2007
akash53,"University of California, Berkeley",Business Administration,2015
akash88,Duke University,Economics,2009
akashObserveAI,IIT Delhi,Computer Science,2012
akashanand9,IIT Madras,Data Science,2023
akashanand9,IIT Madras,Engineering Design,2021
akashindya,"International Institute of Information Technology, Hyderabad",Computer Science And Engineering,2012
akashizzle,McGill University,"Neuroscience, Computer Science",2012
akashizzle,University of Toronto,"Information Systems And Design, Computer Science",2015
akashkashyap,Purdue University,Computer Engineering,2014
akashkumar2296,Georgia Institute of Technology,Computer Science,2019
akashkumar2296,University of Michigan College of Engineering,Computer Science Engineering,2018
akashlevy,Princeton University,Electrical Engineering,2018
akashlevy,Stanford University,Electrical Engineering,2023
akashraju1998,Purdue University,Computer Engineering And Industrial Management,2020
akaufman05,University of Missouri,Finance And Economics,2003
akawass,Northumbria University (UK),Politics And Economics,2009
akay92,"St. Xavier's College, Mumbai",Information Technology,2013
akcura,Boğaziçi University,Industrial Engineering,1990
akcura,Carnegie Mellon University,Marketing,2001
akeed23,University of Nottingham,Computer Science,2013
akeed23,University of Nottingham,Electronics,2012
akh,Robert Gordon University,Computer Science,2007
akh,University of Edinburgh,Msc,2008
akh,University of St Andrews,Computer Science,2012
akharris,Harvard University,"History, Literature",2006
akhil-lodha,Carnegie Mellon University,Computational Finance,2009
akhil-lodha,IIT Bombay,Computer Science And Engineering,2008
akhil-lodha,University of Waterloo,Computer Science,2006
akhilesh99,University of Illinois Urbana-Champaign,Mechanical Engineering,2022
akhilmurthy20,The University of Texas at Austin,Computer Science,2018
akhilvelagapudi,Rutgers University,Computer Science,2018
akhisud,"Birla Institute of Technology and Science, Pilani (BITS Pilani)",Computer Science,2017
akilian,The University of Texas at Austin,Electrical Engineering,2013
akingabramson,"University of California, Los Angeles","Psychology, Accounting Minor",2013
akircher,Stanford University,Management Science And Engineering,2007
akmalpandai,Rensselaer Polytechnic Institute,Computer Science,2005
akouri,University of Virginia,Mechatronics,2014
akprats,IIT Delhi,Production And Industrial Engineering,2015
akrane,"University of California, Los Angeles","English, Latin",2005
akruegel,Columbia University,Organic Chemistry,2015
akruegel,Stevens Institute of Technology,Chemistry,2010
akrymski,Imperial College London,Computer Science,2005
akshay-megharaj,"Birla Institute of Technology and Science, Pilani",Computer Science,2015
akshay2881,University of Minnesota,Computer Science,2018
akshay_budhkar,Nanyang Technological University,Computer Engineering,2016
akshay_budhkar,University of Toronto,Computer Science,2019
akshay_budhkar,University of Toronto - Rotman School of Management,"Business Administration And Management, General",2022
akshay_budhkar,University of Waterloo,Computer Engineering,2017
akshayc,University of Washington,Computer Science/mathematics,2019
akshit712,"M.I.T , Manipal",Electrical And Electronics,2017
akwillia1025,Amherst College,Computer Science,2019
alabitol,Grinnell College,Computer Science And Mathematics,2013
alabitol,Stanford University Graduate School of Business,General Management,2017
aladhubhai,Cardiff University,"International Economics, Banking And Finance",2009
aladhubhai,Institute of Business Management,Business Administration,2007
alagu,National Institute of Technology Trichy,Mechanical Engineering,2007
alainmeier,Stanford University,Computer Science,2012
alalpert,Brown University,History,2017
alan-zabihi,Chalmers University of Technology,Industrial Engineering,2011
alan-zabihi,Chalmers University of Technology,Mechanical Engineering,2009
alan-zabihi,Göteborgs Tekniska Institut,Mathematics And Computer Science,2005
alan_liu,Yale University,Computer Science,2018
alanabranston,Wake Forest University,International Development And Policy,2009
alandu,Princeton University,Operations Research,2017
alankar111,IIT Bombay,Computer Science,2013
alanloo,New York University,Computer Science,2022
alanzhao12,University of Virginia,Mathematics,2014
alapsa,Cornell University,Mechanical And Aerospace Engineering,2004
alapsa,University of Michigan,Aerospace Engineering,2009
alberson,Brigham Young University,Accountancy,2014
alberson,Northwestern University,Product Design And Development Management,2020
albertinator,Cornell University,Electrical And Computer Engineering,2007
albertmao,Harvard University,Statistics,2021
alberto_invofox,Universidad Autónoma de Madrid,Science And Engineering,2014
albertpurnama,Diablo Valley College,Computer Science,2017
albertpurnama,"University of California, San Diego",Computer Science,2019
alchemistmax,Stanford University,Computer Science,2006
alchemistmax,UCLA Anderson School of Management,Management,2012
aldojaja,ITAM,Actuarial Science,2015
aldrinclement1,University of Minnesota - Carlson School of Management,"Finance, Management Information Systems",2016
aleandros,ITESM,Electrical Engineering,2013
alecbell,The Ohio State University,Computer Science,2020
alecbell,University of Colorado Boulder,Computer Science,2022
alecdunn27,Dartmouth College,Economics,2017
alecfong,University of Southern California,Computer Science And Finance,2019
alecrobins,Vanderbilt University,Computer Science,2016
alefwmm,"Instituto Federal de Educação, Ciência e Tecnologia de Minas Gerais - IFMG",Computer Software Technology/technician,2012
alefwmm,Universidade Federal de Minas Gerais,Computer Science,2016
alefwmm,Universidade Federal de Minas Gerais,Quantitative Finance And Machine Learning,2018
alejandro_nuno,Universidad de Guadalajara,Biotechnological Processes,2008
alejandro_nuno,Universidad de Guadalajara,Chemical Engineering,2003
alejandro_nuno,Universitat Autònoma de Barcelona,Biotechnology,2014
alejandrocvez,EDHEC Business School,Business And Economics,2017
alejandrocvez,Tecnológico de Monterrey,Finance,2020
alejandrocvez,Università Cattolica del Sacro Cuore,Business And Economics,2018
alejandrocvez,Y Combinator,W21,2021
alejandrol,Universidad ORT Uruguay,Computer Science,2011
alejandrol,"University of California, Berkeley, Haas School of Business",Entrepreneurship,2015
alejandrolozano,IPADE Business School,Ide Business Program,2017
alejandrolozano,Tecnológico de Monterrey,Computer Science And Technology,2020
alejandrolozano,Universidad Francisco de Vitoria,Business Ethics,2019
alejandrolozano,"University of California, Berkeley",Computer Science,2018
alejoverlini,Universidad de Buenos Aires,Industrial And Product Design,2009
alemcd,Insper,"Business Administration And Management, General",2017
alenc,Jyväskylän yliopisto,Digital Communication And Media/multimedia,2011
alenc,Univerza v Mariboru,Communication And Media Studies,2013
aletz01,Michigan State University,Political Theory,2012
alex-uplink,University of Florida,Accounting,2008
alex1478,Cégep Limoilou,Electrical And Electronics Engineering,2009
alex1478,Université de Sherbrooke,Electrical And Electronics Engineering,2013
alex3780,Penn State University,"Computer Science, Management",2003
alexS,The University of Texas at Austin,Business And Computer Science,2011
alex_mccausland,University of Waterloo,"Computer Science, Operations Research",2008
alex_pokras,Ludwig Maximilian University of Munich,Computational Linguistics,2023
alex_pokras,Technical University of Munich,Computer Science,2023
alex_revolve,University of Toronto,Biomedical/medical Engineering,2021
alex_revolve,University of Toronto,"Solid Mechanics, Mechatronics And Robotics, Engineering Business",2013
alexanderleonov,North Carolina State University,Electrical And Computer Engineering,2017
alexandermeek1,Babson College - Franklin W. Olin Graduate School of Business,Concentration In Entrepreneurship,2015
alexandermeek1,Saint Lawrence University,Economics,2007
alexanderrangel,University of Florida,Engineering,2007
alexandraj777,Carnegie Mellon University,Computer Science,2014
alexandrepernin,CentraleSupelec,Applied Mathematics And Computer Science,2017
alexandrepernin,Paris School of Economics,Quantitave Economics And Econometrics,2019
alexandrosandre,University of Alicante,Machine Learning,2018
alexavocademy,University of Florida,Industrial And Systems Engineering,2014
alexavocademy,University of Southern California,Systems Engineering,2017
alexawahr,Emory University,Finance And Accounting,2009
alexbjorkenstam,KTH Royal Institute of Technology,Civil Engineering,2021
alexc61,"University of California, Los Angeles",Computer Science,2014
alexcc,University of East Anglia,Computer Science,2012
alexclapp,INSEAD,Distinction,2018
alexclapp,Le Wagon,Web Development,2017
alexclapp,Sciences Po,Exchange Programme,2009
alexclapp,University Of Warwick,Economics With A Year Abroad,2010
alexcornell,Academy of Art University,Graphic Design,2010
alexcornell,Duke University,Psychology,2007
alexcornell,University of Otago,Linguistics,2005
alexctcchoi,Massachusetts Institute of Technology,Aerospace Engineering,2020
alexctcchoi,University of Toronto,Mechanical Engineering,2023
alexcyriac,"University of California, Santa Barbara",Computer Science,2004
alexdanilowicz,Dartmouth College,Computer Science And Economics,2019
alexeichemenda,CIV - International Center of Valbonne,Science,2009
alexeichemenda,EPF Ecole d'Ingénieurs,"Math, Physics, Computer Science",2012
alexeichemenda,EPITA,Computer Science,2015
alexgmatt1,University of Cambridge,Computer Science,2024
alexgu0,Stanford University,Computer Science,2025
alexisStacksync,Linköping University (Sweden),Computer Science,2022
alexisStacksync,École Polytechnique Fédérale de Lausanne,Computer Science And Engineering,2022
alexisStacksync,École Polytechnique Fédérale de Lausanne,Computer Science With Business Minor,2024
alexjluis,Emory University - Goizueta Business School,"Marketing, Information Systems And Operation Management",2021
alexk,Nizhniy Novgorod State Technical University named after R.Y. Alekseev (NSTU),Computer Science,2008
alexkcd,Stanford University,Computer Science,2014
alexkcd,University of Toronto,Computer Engineering,2009
alexkilkka,University of North Carolina at Chapel Hill,"Economics, Communication Studies",2011
alexkilkka,University of Virginia,Commerce,2012
alexlee611,University of Southern California,Aerospace Engineering,2012
alexlevy,University of Toronto,Political Science,2010
alexli123,Ivey Business School at Western University,Computer Science And Business Administration,2018
alexlin,Babson College,Tech Entrepreneurship,2011
alexnaoumidis,Monash University,Accounting/banking And Finance,2018
alexnew,Queen's University,Commerce And Computing,2018
alexosh1,Duke Medical School,Medicine,2009
alexosh1,University of Colorado - Boulder,Biochemistry,2003
alexosh1,University of Oxford,Mathematics,2013
alexsailer,Virginia Tech,Art And Design,2010
alexsngai,Cornell University,Electrical And Computer Engineering,2014
alexstec,Northwestern University,Engineering Sciences And Applied Mathematics,2018
alexstec,University of Illinois Urbana-Champaign,Engineering Physics,2014
alexstrat,"EURECOM Institut, Sophia",Computer Systems Networking And Telecommunications,2012
alexstrat,Lycée Hoche,"Mathematics, Physics, Engineering",2009
alexstrat,Télécom Paris,Engineer,2012
alexwg,Harvard University,Physics,2007
alexwg,Massachusetts Institute of Technology,Electrical Science And Engineering,2003
alfonsodlr98,Designership Institute,"Programación Informática, Aplicaciones Específicas",2022
alfonsolzrg,Universidad Nacional Autonoma de Mexico (UNAM),Mechatronics Engineering,2017
alfredogranda,Universidad Peruana de Ciencias Aplicadas,Software Engineer,2005
algirau,Loyola University New Orleans,Chemistry,2009
algirau,Tulane University,Chemical And Biomolecular Engineering,2012
ali_wetrill,"University of California, Berkeley",Computer Science And Economics,2019
aliabramovitz,Claremont McKenna College,"Economics, Finance, Accounting",2012
aliavci,Carleton University,Computer Systems Engineering,2015
alice_d,McGill University,Marketing And Neuroscience,2012
alicemelocchi,Massachusetts Institute of Technology,Chemical Engineering,2014
alicemelocchi,Università degli Studi di Milano,Pharmaceutical Technology,2015
alicemelocchi,Università degli Studi di Milano,Pharmacy,2011
alicen7,Harvard University,The Kennedy School,2018
alicen7,Massachusetts Institute of Technology,Mathematics,2011
alicen7,University of Pennsylvania,Wharton School,2018
alicexzhang,David Geffen School of Medicine at UCLA,On Leave,2010
alicexzhang,Princeton University,Molecular Biology,2010
alielatrash,Penn State University,Mechanical Engineering,2015
alihcevik,Bilkent Üniversitesi / Bilkent University,Computer Science,2011
alikriegsman,University of Pennsylvania,Creative Writing,2013
aliquotchris,Columbia University,Physics,2013
aliquotchris,University of Rochester,Physics,2008
aliscott,University of St. Andrews,Computer Science,2010
alishobeiri,McGill University,Honours Electrical Engineering,2020
alisynm,University of Michigan,Energy Systems Engineering,2012
alisynm,University of Michigan,Mechanical Engineering And German,2008
alizbazar,Aalto University,Industrial Engineering And Computer Science,2013
alizhd,Queen's University,Bio,2015
aljsophia,ESCP Europe,Business Management,2015
aljsophia,McGill University,Civil Engineering,2012
allanhahaha,University Of Maryland,Computer Science,2013
allantyoung,Brigham Young University,"Political Science, Economics",2003
allen911415,"University of California, Santa Cruz",Computer Science,2016
allenpan,Lakehead University,Electrical Engineering,2013
allenpan,Lakehead University,Engineering,2009
allforJesse,"University of California, Berkeley",Launch 2018 Cohort,2018
allforJesse,"University of California, Santa Cruz",Operatic Performance Practice,2010
allforJesse,"University of California, Santa Cruz",Voice And Opera,2006
allisonbishop,Princeton University,Mathematics,2006
allisonbishop,The University of Texas at Austin,Computer Science,2012
allisonbishop,University of Cambridge,Mathematics,2007
allsome,Asia Pacific University of Technology and Innovation (APU / APIIT),Information And Communication Technology,2009
allsome,Staffordshire University,Computing,2011
allsome,Tsinghua University,Advanced Computing,2014
allsome,Tsinghua University,Computer Science,2015
allsome_sue,Harbin University of Commerce,Logistics Management,2009
allsome_sue,Northeast Agricultural University,Social Work,2009
allsome_sue,RMIT University,Logistics Management,2012
alngrd,The Interdisciplinary Center,Computer Science,2021
alobie,The University of Auckland,Mechatronics Engineering,2017
alok_k,King Fahd University of Petroleum and Minerals (KFUPM),Industrial And Systems Engineering,2017
aloknnikhil,University of Florida,Electrical And Computer Engineering,2015
alongoria,ITESM,Mechanical Engineering,2009
alongoria,University of Southern California,Mechanical Engineering,2011
alonp99,Sapir College,Computer Science,2015
alonp99,The Open University of Israel,Computer Science,2024
alphaalee,Imperial College London,Chemistry,2012
alphaalee,University of Oxford,Applied Mathematics,2015
alphaoverlord,Stanford University,Cardiology Fellowship,2020
alphaoverlord,"University of California, San Francisco",Medicine,2014
alrudolph,The University of Texas at Austin,Computer Science,2024
alrudolph,"University of California, Santa Barbara",Statistics And Data Science,2022
aluksidadi,Ryerson University,Computer Science,2009
aluksidadi,Seneca College of Applied Arts and Technology,Computer Programming And Analyst,2005
aluzzardi,EPITECH - European Institute of Technology,Information Technology,2009
alvarososa,University of Notre Dame,Mechanical Engineering,2017
alxppp,CDTM,Technology Management,2014
alxppp,Stanford University,Computer Science,2015
alxppp,Technical University Munich,Electrical Engineering,2015
alyang,University of Arizona,Accounting,2011
alyang,University of Arizona,Finance And Entrepreneurship,2010
alymurray,University of Pennsylvania,Mathematics,2016
am838,Cornell University,Computer Science,2014
amaldani1994,IIT Bombay,Computer Science,2016
amaleprade,HEC Paris,Track Digital Entrepreneur,2016
amaleprade,Lycée Hoche - CPGE,Mpsi,2012
amaljolly,Jawaharlal Nehru Technological University (Dropout),Computer Science,2016
amaljolly,University of Hertfordshire,Law,2020
amangotchu,Texas A&M University,Computer Science,2021
amangotchu,Texas Academy of Mathematics and Science,Math And Science,2017
amangour,IIT Bombay,Computer Science,2016
amargautam,Harvard Business School Online,Accounting,2015
amargautam,"Rajiv Gandhi Proudyogiki Vishwavidhyalaya, Bhopal INDIA",Computer Science And Engineering,2006
amarkumar81,Harvard Business School,Master Of Business Administration,2010
amarkumar81,Purdue University,Computer Science,2003
amasad,Mashrek International School,"Math, Physics, Computing, Economics, English, Arabic, Biology",2005
amasad,Princess Sumaya University for Technology,Computer Science,2010
amass,University of Illinois Urbana-Champaign,Computer Engineering,2017
amayzing,Stanford University,Computer Science,2021
amazzocchi13,Rochester Institute of Technology,Biomedical Engineering,2016
amazzocchi13,Wake Forest University,Biomedical Engineering,2020
amberzyper,"London College of Fashion, University of the Arts London",Fashion Management,2012
ambrood,University of Illinois,Computer Engineering,2011
ambrood,University of Illinois Urbana-Champaign,Electrical And Computer Engineering,2013
amccollum,Harvard University Graduate School of Education,"Mind, Brain And Education",2011
amckendr,Cal Poly San Luis Obispo,Computer Science,1994
amckenzie,Oregon State University,Engineering,2001
amellin794,Syracuse University,Tv/radio/film,2016
amenli,EPF Ecole d'Ingénieurs,Engineering,2015
amerdahmash,University of Washington,Computer Science And Pure Math,2002
amilanineto,INSEAD,"Business Administration And Management, General",2015
amilanineto,Universidade Estadual Paulista Júlio de Mesquita Filho,Mechanical Engineering,2009
amilanineto,Universidade de São Paulo,Industrial Engineering,2011
aminebenj,Ecole supérieure d'Ingénieurs en Génie électrique,Classes Préparatoires Aux Grandes Écoles D'ingénieurs,2013
aminebenj,Université de Technologie de Troyes,Diplôme D'ingénieur En Informatique Et Systèmes D’information,2016
amini2nt,Jamia hamdard,Information Technology,2017
amini2nt,McGill University,Computer Science,2020
amir4pro,University of Macau,Accounting And Finance,2016
amir4pro,Wilfrid Laurier University,Accounting And Finance,2017
amirmanji,Washington University in St. Louis,"Computer Science, Psychology",2006
amit-bansil,Boston University,Mathematics,2008
amit-bansil,National Outdoor Leadership School,North Cascades Glacier Mountaineering,2001
amit-bansil,Recurse Center,Swift,2014
amitav,Y Combinator,Entrepreneurship,2013
amitbar,The Hebrew University,Computational Biology,2010
amitdm,IIT Bombay,Mechanical Engineering,2014
amitdm,Vidyamandir Sr. Secondary School,Science,2010
amitmishraiitr1,IIT Roorkee,Mechanical Engineering,2010
amitu,IIT Bombay,Mechanical Engineering,2003
ammarroslizar,"University of Southampton, UK",Economics,2012
ammarroslizar,University of Sydney,Political Economy,2015
ammaryk,Yale University,Mathematics And Philosophy,2018
ammon,State University of New York College at Potsdam,"Computer Science, Mathematics",2009
amrut1999,Columbia University,Computer Science,2022
amrut1999,The Hong Kong University of Science and Technology,Computer Science And Mathematics,2021
amrutha_,University of Washington,Computer Science,2019
amurthur,University of Pennsylvania,Bioengineering,2015
amurthur,University of Pennsylvania School of Medicine,Medicine,2022
amurthy100,Babson College,Economics,2015
amurthy100,Yale School of Management,Business,2020
amysunyan,Johns Hopkins University,Biomedical Engineering And Engineering Mechanics,2016
amyxst,University of Toronto,"Specialist In Mathematics And Physics, Minor In Statistics",2020
anadkarni,"University of California, Santa Barbara",Computer Science,2020
anandchat,Georgia Institute of Technology,Computer Science,2019
anandchat,Georgia Institute of Technology,Machine Learning,2020
anandchowdhary,Santa Clara University,Global Engineering Education Exchange,2019
anandchowdhary,University of Twente,Creative Technology,2020
ananddass,Massachusetts Institute of Technology,Master Of Business Administration,2012
ananduri1,Yale University,"Computer Science And Electrical Engineering, Statistics And Data Science",2020
ancanaliving,"Universidad Iberoamericana, Ciudad de México",Civil Engineering,2006
anchitn,IIT Kharagpur,Computer Science And Engineering,2017
andersforslund,Chalmers University,Aerospace Product,2016
andersforslund,Chalmers University,Engineering Physics,2006
andersforslund,Chalmers University of Technology,Engineering Physics,2008
andersforslund,Cranfield University,Astronautics And Space Engineering,2008
andersforslund,Luleå University,Space Technology,2008
andersforslund,Massachusetts Institute of Technology,Aerospace,2014
andersonbcdefg,Stanford University,Computer Science,2021
andersonbcdefg,Stanford University,Philosophy,2019
andferminiano,Babson College,Bachelor Of Science,2016
andhikasudarman,Harvard Law School,Law,2020
andhikasudarman,Tohoku University,Liberal Arts,2015
andhikasudarman,University of Indonesia,Law,2016
andieillanes,CICD Centro Iberoamericano de Ciencias del Deporte,Fitness And Recreation,2017
andieillanes,IHPUniversity,Instructor Certification,2015
andieillanes,IPAFF Instituto de Profesionalización del Acondicionamiento Físico y Fitness,Sport Nutrition,2017
andieillanes,StrongFirst,Kettlebell Certification,2019
andrastoth,Budapest University of Technology and Economics,Computer Science Engineering,2016
andreab,National University of Singapore,Master In Business Administration,2011
andreab,University of Denver,Finance,2009
andreab,Università Commerciale 'Luigi Bocconi',"Quantitative Finance, Business Administration",2010
andreas_mohr,Universität des Saarlandes,Computer Science,2014
andrebrov,Samara State Aerospace University,Computer Science And Applied Math,2011
andreiklochko,Ecole polytechnique,Physics,2011
andreiklochko,Lycée Masséna,Mathematics And Physics,2007
andres,Brown University,"Physics, Engineering",2002
andres,"University of California, Berkeley",Physics,2007
andresbuitragof,Fundación Universitaria Católica Lumen Gentium,Information Technology,2007
andresbuitragof,Universidad del Valle (CO),Materials Engineering,2009
andresgo,Universidad del Pacífico (PE),Banca Y Servicios Financieros,2018
andresgo,Universidad del Pacífico (PE),Perú Capital Markets And Banking Finance,2016
andreskemeney,Universidad Adolfo Ibáñez,Computer Software Engineering,2025
andresmomento,Imperial College London,Biotechnology,2017
andresmomento,Universidad Carlos III de Madrid,Business And Customer Management,2020
andresmomento,University of Warwick - Warwick Business School,"Business Administration And Management, General",2018
andresq,Cornell University,Mba,2018
andresq,University of Michigan,Industrial Engineering,2012
andresrecalde,Lehigh University,Integrated Business And Engineering,2014
andresrmtz,Tecnológico de Monterrey,Industrial Engineering,2018
andresrmtz,University of Michigan,Industrial And Operations Engineering,2020
andrethegiant,Santa Clara University,Web Design And Engineering,2011
andrew-w,Duke University,Electrical And Computer Engineering,2012
andrew-w,Stanford University,Bioengineering,2018
andrewairelo,University of Benin,Computer Engineering,2014
andrewdietrich,Duke University,Energy,2012
andrewdietrich,Harvard University,Social Studies,2008
andrewfong,Harvard University,"Government, Computer Science",2007
andrewfong,"University of California, Berkeley",Law,2012
andrewgardner94,Cal Poly San Luis Obispo,Business Administration,2009
andrewjb,The University of Queensland,(first Class Honours),2011
andrewjb,The University of Queensland,Business Strategy,2016
andrewjb,The University of Queensland,"Economics, Econometrics",2009
andrewjb,University of Oxford,Education,2015
andrewjluo,Stanford University,Computer Science,2016
andrewjzhou,Princeton University,Computer Science,2018
andrewking,Vanderbilt University,"Economics, Corporate Strategy",2013
andrewkinglear,University of Cambridge,History,2011
andrewmcewen,University of Waterloo,Computer Science And Business Administration,2019
andrewmlevy,Johns Hopkins University,Computer Science,2007
andrewoodleyjr,Tennessee State University,Computer Science,2014
andrewow,Stanford University,Biology / Economics,2005
andrewow,Stanford University,Master Of Business Administration,2013
andrewpareles,Cornell University,Computer Science,2021
andrewprohostai,University of Connecticut,Computer Science And Engineering,2015
andrewski77,"University of California, Los Angeles",Chemical Engineering,2013
andrewwalker,McGill University,Materials / Metallurgy / Process Engineering,2014
andrewwalker,McGill University,Materials Science,2018
andrey_klen,Kyiv National Taras Shevchenko University,International Journalism,2010
andy-quotabook,Carnegie Mellon University,Electrical And Computer Engineering,2016
andyarosh,National Metallurgical Academy of Ukraine,Computer Science,2010
andyarosh,"Technical School of Electronic Technologies, Dnipropetrovsk",Information Technology,2006
andyfang,Stanford University,Computer Science,2014
andylee024,Swarthmore College,Mathematics,2016
anedea,Northeastern University,Computer Engineering And Computer Science,2021
aneeqdhk,"International Institute of Information Technology, Hyderabad",Electronics And Communication,2015
anemitz,University of Minnesota,Computer Science,2007
aneudecker,MIT Sloan School of Management,Management Science,2005
aneudecker,Massachusetts Institute of Technology,Electrical Engineering And Computer Science,2005
aneudecker,"The Wharton School, University of Pennsylvania",Finance And Entrepreneurial Management,2012
ang,University of San Francisco,Business Administration,2012
ange14,Duke University,Computer Science,2014
ange14,Duke University - Pratt School of Engineering,Distance Program,2017
angelohuang,University of Southern California,Computer Science,2007
anglinb,University of Southern California,Computer Science,2018
anguyenh,ENIB,Engineering,2015
anguyenh,Universidad Nacional de Cuyo,"Computer Science, Mechatronics",2015
anikaz,Rice University,Electrical And Computer Engineering,2018
anilsevim,Middle East Technical University,Computer Science,2011
animusha,Delhi University,Computer Science,2009
animusha,Hans Raj College,Computer Science,2009
animusha,Jamia Millia Islamia,Graphics And Animation,2011
aninh,Arizona State University,Electrical Engineering,2013
aniruddh_singh1,IIT Bombay,Civil Engineering,2017
anirudhrahul,Massachusetts Institute of Technology,Computer Science,2024
anishagrawal,Archbishop Mitty High School,Salutorian,2021
anishagrawal,University of Pennsylvania,Computer Science,2025
anishpdoshi,"University of California, Berkeley",Computer Science And Engineering,2017
anishpdoshi,"University of California, Berkeley",Ml,2022
anjieliu,Harvard College,"Physics, Comparative Literature",2017
anjismail,EML Business School,Business Economics And Management,2009
anjismail,ESCE,Business Economics And Management,2008
anjismail,Ecole Centrale de Lyon,Computer Science,2009
ankerbachryhl,Roskilde Gymnasium,Mathematics And Societal Studies,2022
ankgiitr,IIT Roorkee,Computer Science,2017
ankit257,IIT Roorkee,Btech,2011
ankit_goyal,IIT Bombay,Computer Science,2020
ankita_gb,Carnegie Mellon University,Computer Science,2009
ankita_gb,Maharashtra Institute of Technology,Computer Science,2007
ankita_gb,NYU Stern School of Business,"Finance, Strategy",2014
ankita_reebeez,Princeton University,Mechanical Engineering,2018
ankitdce,Delhi College of Engineering,Computer Science,2008
ankitnayan007,IIT Delhi,Electrical Engineering,2014
ankitsinghal0,Columbia University,"Molecular Biophysics, Applied Math",2026
ankitsinghal0,"International School Basel, Switzerland",International Baccalaureate,2022
anmolarora,"Delhi Public School, Vasant Kunj, New Delhi",Science With Computer Science,2012
anmolarora,"IIT (Indian Institute of Technology), Indore",Computer Science And Engineering,2016
anmolarora,"Vidyamandir Classes, New Delhi",Founder's Program,2012
anmolsood,IIT Delhi,Mathematics And Computing,2018
anmolwarman,Duke University,"Biochemistry, Computer Scieence",2018
annabell_vog,Technical University Munich (TUM),Computer Science,2022
annamonaco,University of Pennsylvania,Computer Science,2023
annasun19,Massachusetts Institute of Technology,"Computer Science, Business Management",2023
annatrayd,University of Michigan,"Industrial And Organizational Psychology, Minor In Writing",2015
annawangx,Stanford University,Artificial Intelligence,2018
annawangx,Stanford University,Computer Science,2017
annchan,Bloc,User Interface And User Experience Design,2015
annchan,University College London,Economics,2015
anneider,Coe College,Economics,2008
anneider,University of Colorado Denver,Economics,2012
anniecannons,Emory University,History,2005
anniecannons,Stanford Law School,Law,2008
anniecannons,Stanford University Graduate School of Business,Strategic Management Of Technology And Innovation,2007
anniehwang,Harvard College,Computer Science,2018
anofal,Alexandria University,Computer Programming,2014
anonmos,University of Nebraska at Omaha,Computer Engineering,2010
anorborg,California State University,Computer Engineering,2003
anrustagi,Guru Gobind Singh Indraprastha University,Computer Science,2009
anrustagi,University of Southern California,Computer Science,2012
ans4175,Bandung Institute of Technology,Informatics,2014
anselparikh,New York University - Leonard N. Stern School of Business,"Finance, Management",2013
anson,Massachusetts Institute of Technology,"Computer Science, Engineering",2005
ansonurpants,"University of California, Berkeley",Engineering,2009
anta81,IIT Madras,Electrical Engineering,2003
anteloper,Georgetown University,Computer Science,2019
anthonycrivolio,University of Iowa,Mechanical Engineering,2014
anthonyko,Demand Curve,Gowth Marketing,2019
anthonyko,University of Southern California,Electrical Engineering,2001
anthonyko,University of Southern California,School Of Cinematic Arts: Interactive Media,2008
anthonyoduu,"City, University of London",Business System Analysis And Design,2009
anthonyoduu,Imperial College Business School,Mba,2018
anthonyoduu,University College London,Med Chem,2007
anthonyromero,Princeton University,International Affairs,1987
anthonyromero,Stanford Law School,Doctor Of Law,1990
antislice,Stanford University,Mathematical And Computational Sciences,2011
antoinec,Concordia University,Computer Science,2010
antoinec,ECE Paris,Computer Science,2013
antoinec,"Saint Stanislas, Nantes",Scientifique,2009
antonap,Massachusetts Institute of Technology,Autonomy,2023
antonckoenig,"University of Massachusetts, Amherst",Computer Science,2023
antoniosierra,University of Central Florida,"Organizational Communication, Marketing",2005
antoniotorres,International Baccalaureate,Computer Science,2015
antoniotorres,Tecnológico de Monterrey,Digital Systems And Robotics Engineering,2020
antoniozalez,IE Business School,Entrepreneurship,2006
antoniozalez,The University of Texas at El Paso,Electrical Engineering,1998
antonsv,Bauman Moscow State Technical University,Computer Science,2016
antonsv,Technopark Mail.ru Group,Software Engineer,2014
antwerp,Duke University,Computer Science,2013
anujmehta__,Purdue University,Industrial Engineering,2019
anupar,Georgia Institute of Technology,Biomedical Engineering,2008
anuraagn,IIT Madras,Chemical Engineering,2011
anuraagn,The Hyderabad Public School,Cbse,2004
anurag2006,Guru Gobind Singh Indraprastha University,Electronics And Communication,2006
anurag2006,IIT Madras,Mba,2010
anuragbhatt,IIT Kanpur,Mechanical Engineering,2008
anuragchutani,Jaypee University of Information Technology,Electronics And Communications Engineering,2014
anushkanijhawan,Yale University,Computer Science,2024
anushreegoenka,Dhirubhai Ambani Institute of Information and Communication Technology,Information And Communication Technology,2009
anushreegoenka,IIM Ahmedabad,General Management,2011
anusridharan,"University of California, Berkeley",Civil Engineering,2009
anvisha,Massachusetts Institute of Technology,Computer Science,2014
anyaroy11,University of Cambridge,Bioscience Enterprise,2017
anyaroy11,University of Oxford - Said Business School,Business,2023
aoos,Stanford University,Mechanical Engineering,2008
aparkin,Carleton College,Chemistry,1988
aparkin,Massachusetts Institute of Technology,Physical Chemistry,1992
aparnadhinak,Cornell University,Computer Vision,2024
aparnadhinak,"University of California, Berkeley",Electrical Engineering Computer Science,2016
aparsonson,University of Bristol,Computer Science,2021
apartcassio,Trinity College Dublin,Engineering With Management,2015
apartcassio,Universidade Federal do Ceará,Industrial Engineering,2017
apbishop,Case Western Reserve Univeristy,Biomedical Engineering,2010
apbishop,Case Western Reserve University,Bachelor Of Science,2010
apbishop,Y Combinator,W21,2021
apbishop,Yale University,Biomedical Engineering,2013
apbishop,Yale University,Bme / Machine Learning,2014
apiaggio,CFA,Level 1,2021
apiaggio,University of Michigan,Indsutrial And Operations Engineering,2022
apironescu,Universitatea Tehnică „Gh. Asachi” din Iași,Automatic Control And Computer Engineering,2009
apluschke,The University of Queensland,Biomedical Science,2009
apluschke,The University of Queensland,Food Science And Biotechnology,2015
apluschke,The University of Queensland,Food Science And Nutrition,2010
apowerful1,University of Connecticut,Finance,2016
aptashnick,Moscow Institute of Physics and Technology (State University) (MIPT),Applied Mathematics And Physics,2008
apugoneappu,IIT Kharagpur,Computer Science And Engineering,2022
apulkit6,Georgia Institute of Technology,Mechanical Engineering,2015
aquib_mailmodo,Indian Institute of Management Ahmedabad,Mba,2014
aquib_mailmodo,"Indian Institute of Technology (Indian School of Mines), Dhanbad",Mining Machinery Engg,2012
aquib_mailmodo,Super 30,Class Xii,2008
aquiroga,Cornell University,Electrical And Computer Engineering,2013
aquiroga,Stanford University,Energy/atmosphere,2015
ar7hur,Ecole polytechnique,Computer Science,1997
ar7hur,Télécom Paris,"Software Engineering, Cognitive Sciences",1999
araghuvanshi,Claremont McKenna College,Computer Science,2018
aramaswa,Stanford University,Artificial Intelligence,2019
aranibatta,"University of California, Berkeley",Electrical Engineering And Computer Science,2017
arash-khazaei,University of Toronto,Computer Engineering,2017
aray07,Nanyang Technological University,Computer Engineering,2012
aray07,"University of California, San Diego",Computer Science,2015
arbass,Harvard School of Engineering and Applied Sciences,Engineering Sciences,2024
arbass,"University of Massachusetts, Amherst",Computer Science,2018
arbazk1,University Of Maryland,Computer Science,2018
archajain,Carnegie Mellon University,"Computer Science, Electrical And Computer Engineering",2012
archajain,Stanford University,"Ai, Biocomputation",2017
architgupta,"Indian Institute of Technology, Guwahati",Computer Science And Engineering,2006
architgupta,University of Wisconsin,Computer Science,2008
arciini,Yale University,Computer Science,2014
arctech,Cornell University,Applied Economics And Management,2015
ardagoreci,University of Oxford,Cell And Systems Biology,2024
ardakara,Stanford University,Computer Science,2011
areddyyt,Dartmouth College,Electrical Engineering And Computer Science,2028
areederhuff,Purdue University,Computer Science,2014
areis,Columbia University,Computer Science,2015
aren,Stanford University,Computer Science,2001
arey_abhishek,BITS Pilani,Biological Sciences,2010
arfrank,University Of Maryland,"Mathematics, Physics",2008
arguflow,The University of Texas at Austin,Computer Science,2022
argumentum,Duke University,Bioengineering,2009
argumentum,University College London,Biomedical Engineering,2006
argumentum,"University of California, San Diego","Neuroscience, Bioengineering",2005
arielcamus,Universidad Politécnica de Madrid,Telecommunication Engineering,2009
arihelgason,London School of Economics and Political Science,International Relations,2008
arimalik95,Columbia University,Computer Science And Philosophy,2018
arjunpatel1026,"University of California, Riverside","Business Administration, Information Systems",2014
arjunsahai,"University of California, Berkeley",Electrical Engineering And Computer Science,2021
arjunvpaul,TKM College of Engineering,Civil Engineering,2003
arjunvpaul,University of Florida,Construction Engineering,2006
arkieve,Stanford University,International Relations And Affairs,2006
armeltalla,The University of Texas at Austin,Computer Science,2024
arnaunavarro,Universitat Autònoma de Barcelona,Business Administration,2020
arnavjoshi21,Stanford University,Computer Science,2023
arnavjoshi21,Stanford University,Philosophy/computer Science,2020
arnihermann,Reykjavik University,Software Engineering,2011
arnoldvillatoro,"University of California, Santa Barbara",Computer Science,2015
arobakid,New York Institute of Technology,Computer Science,2016
arobakid,Stanford University Graduate School of Business,Disrupt Your Business,2021
arobichaux,University of Southern California,"Political Science, Public And Non",2007
aroradivyang,University of Pennsylvania,Systems Engineering,2012
arosenblatt,Ithaca College,Sociology,2009
aroubaud,McGill University,"Strategy, Business Analytics, Entrepreneurship",2018
aroumie,American University of Beirut,Mechanical Engineering,2018
aroumie,ETH Zürich,"Robotics, Systems And Control",2020
arpittarang,IIT Kharagpur,Computer Science And Engineering,2016
arrow_neo,Nanyang Business School (Nanyang Technological University),Business Administration And Finance,2013
arsalanb,"National Institute of Technology, Srinagar",Mechanical Engineering,2017
arshmand,"University of California, Berkeley","Electrical Engineering, Computer Science",2009
artag,Y Combinator,Make Something People Want,2012
artem001,Kazan State University,Mathematics,2000
artem001,Toastmasters,Organizational Leadership,2015
artem001,"University of California, Berkeley, Haas School of Business","Business Administration And Management, General",2016
artem001,Y Combinator,S21,2021
artem001,YC StartupSchool Advisor Track,Startups,2018
artem_sbx,University of Waterloo,Software Engineering,2011
artembugara,Durham University Business School,"Economics, Statistics, Finance",2017
artembugara,Toulouse School of Economics,Econometrics And Statistics,2018
artembugara,Université de Strasbourg,Economics And Statistics,2017
artembugara,Y Combinator,S22,2022
artfuldodger,Brown University,"International Relations, French Civilization",2008
artfuldodger,Sciences Po,Finance And Strategy,2010
arthuralva,University of San Francisco,Computer Science,2018
arthuralva,Y Combinator,Ycs20,2020
arthurcoudouy,42,Computer Science,2020
arthurcoudouy,Toulouse Business School,Finance And Entrepreneurship,2018
arthurquerou,EPITA: Ecole d'Ingénieurs en Informatique,Computer Science,2015
arthurquerou,"University of California, Berkeley",Computer Science,2012
arthurwu,University of Virginia,Statistics And Commerce,2016
artpar,"VIT University, Vellore",Computer Science,2013
arturadib,Brown University,Computational / Statistical Physics,2006
arturadib,Universidade Federal do Ceará,Physics,2000
arturmenzeleev,California Institute of Technology,Chemistry,2013
arturmenzeleev,University of Pennsylvania,Chemistry,2007
arunkirubarajan,University of Pennsylvania,Computer Science,2020
arunkirubarajan,University of Pennsylvania,"Computer Science, Linguistics",2021
arunsaigal1,Massachusetts Institute of Technology,Electrical Engineering And Computer Science,2013
aruntdharan,College of Engineering Trivandrum,Btech,2010
arunv,"University of California, Berkeley",Electrical Engineering And Computer Sciences,2009
aruproyburman,Stanford University School of Medicine,Pediatrics Residency Program,1997
aruproyburman,"University of California, Berkeley",Biochemistry,1989
aruproyburman,"University of California, San Francisco",Medicine,1994
aruproyburman,"University of California, San Francisco",Pediatric Critical Care Medicine Residency Program,2000
arvindsgulati,"Birla Institute of Technology and Science, Pilani",Computer Science,2009
arvindsubram,Stanford University,Computer Science,2022
aryanag15,"Birla Institute of Technology and Science, Pilani",Bachelor Of Engineering,2020
arzaleo,Autonomous University of Yucatan,Doctor Of Medicine,2017
as4131,Columbia University,Econ / Math,2015
asadeddin,Carleton University,Business And Law,2009
asadeddin,MIB School of Management,Insurance And Risk Management,2010
asaiacai,"University of California, Berkeley",Computer Science And Physics,2017
asaiacai,"University of California, Berkeley",Physics,2022
asanghai,IIT Roorkee,Electronics And Communications Engineering,2015
asati,IIT BHU (Indian Institute of Technology),Computer Science,2008
aschkan,"University of California, Los Angeles",Business Economics/accounting,2001
aschkan,Vanderbilt University,"Finance, Accounting, Strategy",2006
aschkan,Vanderbilt University Law School,Transactional Law,2005
aschung01,Seoul National University,Electrical And Computer Engineering,2028
asdf333,Massachusetts Institute of Technology,Computer Science,2002
aseem_gupta,"Birla Institute of Technology and Science, Pilani",Computer Science,2015
aselig,Stanford University,Mechanical Engineering,2009
aselig,Stanford University,Product Design,2008
aservin80,EGADE Business School,Business Administration,2013
aservin80,Endeavor,Business,2015
aservin80,Instituto Tecnologico Autonomo de Mexico (ITAM),Finance,2012
aservin80,Instituto Tecnologico Autonomo de Mexico (ITAM),Law,2005
asgreaves,Stanford University,Computer Science,2016
asgreaves,Stanford University,Physics,2015
ashbyf,Georgia Institute of Technology,Management,2011
ashekhawat,University of Minnesota,Computer Science,2018
asheradeniyi,"Darden School of Business, Univeristy of Virginia",Foundations Of Business Strategy,2013
asheradeniyi,"Obafemi Awolowo University,Ile-Ife",Food Engineering,2010
asheradeniyi,University of Michigan,Model Thinking,2014
asheradeniyi,Wesleyan University,Social Psychology,2013
ashish2205,IIT Delhi,Computer Science,2011
ashjoshi,Georgia Institute of Technology,Computer Science,2010
ashjoshi,University of Mumbai,Computer Engineering,2008
ashleyprivette,Columbia University Mailman School of Public Health,Health Policy And Management,2023
ashleyprivette,University of North Carolina at Chapel Hill,"Biology/biological Sciences, General, Minor In Chemistry",2019
ashour87,American University in Cairo,Business Administration,2009
ashrafsam,Princess Sumaya University for Technology,Computer Science,2014
ashug,Stanford University,Chemical Engineering,2022
ashur,Davidson College,"Double Major, Economics And Spanish",2018
ashur,La Universidad de Cadiz,"Spanish Art And Society, Advanced Language Seminar",2016
ashutosh,IIT Kanpur,Electrical Engineering,2004
ashutosh,Stanford University,Computer Science,2006
ashutosh,Stanford University,Machine Learning,2009
ashwin_menon,Kingston University,Biomedical Science,2017
ashwin_menon,University of Oxford,Oncology,2022
asif,University of Pennsylvania,Electrical Engineering And Computer Science,2003
asim-shrestha,Simon Fraser University,Computing Science,2022
asimhirji,Georgia Institute of Technology,Computer Science,2022
asimhirji,The University of Texas at Austin,Mathematics And Humanities Honors,2020
asisivan,BCIT School of Business,"Business Administration And Management, General",2011
asjidkalam,St. George Higher Secondary School (HS),Computer Science,2018
aslafci,Boston University,International Relations,2011
aslafci,George Mason University,Curriculum And Instruction,2013
asms,Universidad de Chile,Ingenieria Comercial,2016
asontha,"University of California, Irvine",Computer Science,2017
aspaterson,University of Colorado at Boulder,Chemical Engineering,2011
aspaterson,University of Houston,Chemical Engineering,2016
asteed,Chapman University,Computer Science,2012
aston,Massachusetts Institute of Technology,"Computer Science, Engineering",2007
astrokristen,University of Alberta,Astrophysics,2016
astrokristen,University of Toronto,Physics,2018
astrokristen,York University,Geological And Earth Sciences/geosciences,2018
asugaya,Massachusetts Institute of Technology,Electrical Engineering And Computer Science,2012
asukhwani,Imperial College London,Advanced Chemical Engineering,2016
asukhwani,University of Cambridge,Chemical Engineering,2015
aswasa,IESA,Pharmaceutical Marketing,2010
aswasa,Universidad Metropolitana,Business Management,2005
aswihart,University of Oxford,Politics And Experimental Psychology,2006
aswihart,University of Pennsylvania,"Political Science, Psychology",2007
aswinsa,University of New South Wales,Computer Science And Chemical Engineering,2005
atfaust2,University of Illinois Urbana-Champaign,Engineering,2018
atifjaved,HBX,"Economics For Managers, Business Analytics, And Financial Accounting",2014
atifjaved,Massachusetts Institute of Technology,Materials Science And Engineering,2015
atissafi,The Moroccan School of Engineering Sciences,Applied Computer Methods To Business Management,2013
atissafi,Université Nice Sophia Antipolis,New Technologies And Project Management,2013
atlaschen,Bar,"Technological Management, Economics, Sociology",2011
atmartin36,Michigan Technological University,Electrical Engineering,2014
atomicalchemy,University of Wisconsin Marathon County,General Education,2010
atomicalchemy,University of Wisconsin-Madison,Nuclear Engineering,2013
atomicunit,"University of California, Irvine",Informatics,2012
atomicunit,"University of California, Irvine",Information And Computer Science,2010
atondwal,"University of California, San Diego",Programming Languages,2020
atondwal,University of Virginia,Computer Science,2016
atondwal,University of Virginia,Physics And Computer Science,2015
atralice,Universidad Nacional de Buenos Aires,Data Science,2014
atralice,Universidad Nacional de Tucumán,Computer Science,2010
attasi,Pennsylvania College of Technology,Graphic Design,2006
attasi,State University of New York at Alfred,Computer Art And Design,2003
atttali,Imperial College London,Mathematics,2018
atulraghu,Carnegie Mellon University,Computer Science,2021
atulraghu,Carnegie Mellon University,Machine Learning,2022
atupem,Clark University,Computer Science,2012
aubreydonnellan,Carnegie Mellon University,Mechanical Engineering,2007
aubreydonnellan,The University of Chicago Booth School of Business,"Concentrations: Entrepreneurship/entrepreneurial Studies, Strategic Management",2015
audreydjiya,Dartmouth College,"Government, International Studies",2017
auerc,George Mason University,Information Technology,2006
augustinspring,Columbia University,Computer Science,2015
augustinspring,Whitman College,"Mathematics ,pre",2015
augustinspring,Whitman College,Mathematics / Pre,2013
augustschen,Harvard University,Mechanical Engineering And Computer Science,2020
aulona,Hult International Business School,Entrepreneurship,2011
aulona,The George Washington University,"Marketing, International Business",2004
auree,Grenoble INP,Computer Science,2016
auree,HETIC,Computer Science,2019
aurellem,Massachusetts Institute of Technology,Artificial Intelligence,2014
austalavista,The University of British Columbia,Electrical Engineering,2021
austin_sorcerer,University of Central Florida,Philosophy,2018
austinmccoy6251,California Institute of Technology,Computer Science,2022
austinp23,Brigham Young University,Chinese And Math,2021
austinpl,Wesleyan University,History,2011
austinwang115,Yale University,Computer Science And Economics,2025
autoconfig,Lunds tekniska högskola / The Faculty of Engineering at Lund University,Computer Science And Engineering,2006
avais,Kharkiv V.N. Karazin National University,Mathematics,2012
avalavalkar,The University of Texas at Austin,Computer Science,2020
avasisht,"The Wharton School, University of Pennsylvania",Economics,2020
avasisht,University of Pennsylvania,Computer And Information Science,2020
avecchi-sorc,University of Central Florida,Computer Engineering,2018
avedder,Dartmouth College,Economics,2006
avelez89,Cornell University,Operations Research Engineering,2009
avelez89,Escuela de Ingeniería de Antioquia,Management Engineering,2013
avernitsky,Harvard Business School,Business Administration,2009
avernitsky,"University of California, Berkeley","Business Administration, Legal Studies",2000
avganapathi,"University of California, Berkeley",Computer Vision/robotics,2022
avganapathi,"University of California, Berkeley","Eecs, Business",2021
avinashpdy,"ACTS,CDAC Pune",Computer,2008
avishic,Universitat Ben Gurion Ba,Computer Science,2010
aviswanathan,Stanford University,Computer Science,2017
awaaz,Delhi University,Computer Science,2003
awax,Yeshiva University,Finance,2022
awayenberg,Babson College,Entrepreneurship/entrepreneurial Studies,2009
awayenberg,EPFL,Biomedical/medical Engineering,2008
awayenberg,EPFL,Microengineering,2006
awayenberg,Ecole polytechnique fédérale de Lausanne,Micro And Nano Systems,2008
awenger,Stanford University,Computer Science,2012
awenger,University of Notre Dame,Computer Engineering,2005
awestern,Pratt Institute,Art Direction,2006
awtkns,Simon Fraser University,Computer Science,2021
axit,IIT Roorkee,Computer Science,2013
axldelafosse,EPITECH,Computer Science,2016
axldelafosse,L-Acoustics,Immersive Live Mixing / Sound Engineering,2024
ayalyogev,Tel Aviv University,Computer Engineering,2008
ayantika_dey,IIT Guwahati,Computer Science,2016
ayde,Universidad Autónoma de Nuevo León,Computer Science,2006
aymandfire,University of Oxford,Computer Science,2023
aymandfire,University of Waterloo,Systems Design Engineering,2014
ayn,Carnegie Mellon University,Electrical And Computer Engineering,2000
ayn,Trinity College London,Piano Performance,1994
ayoarikawe,Covenant University,Computer Engineering,2013
aytida77,IIT Kanpur,Materials Engineering,2014
ayushajain,University of Southern California,Computational And Applied Mathematics,2020
ayushajain,Y Combinator,Yc S20,2020
ayushjain123,Duke University,Computer Science And Chemistry,2026
ayushjain123,Ocean Lakes High School,High School/secondary Diplomas And Certificates,2022
ayushpateria,Indian Institute of Technology Hyderabad,Computer Science,2020
ayushs7752,Massachusetts Institute of Technology,Computer Science,2020
azatarain,Georgetown University,Politics,2011
azatarain,Tecnológico de Monterrey,Communication Science Communication,2011
azatarain,University of Miami,"Communication, Public Relations",2011
azfayad,University of Michigan,"Economics, Psychology",2010
azizkag,Massachusetts Institute of Technology,Electrical Engineering And Computer Sciences,2015
azymnis,Stanford University,Electrical Engineering,2009
azymnis,University of Cambridge,Electrical Engineering,2004
babark,Tufts University,Quantitative Economics And International Relations,2010
babark,"University of California, Berkeley",Entrepreneurship And Technology,2016
babel,University of Liège,Physics,1995
babyazn_22,Princeton University,Woodrow Wilson School Of Public And International Affairs,2015
babyazn_22,University of Oxford,"Philosophy, Politics, And Economics",2013
baceituno,Massachusetts Institute of Technology,Computer Science,2022
baceituno,Massachusetts Institute of Technology,Computer Science And Mechanical Engineering,2020
baceituno,Universidad Simón Bolívar,Electronics Engineering,2018
bachonk,University of Connecticut,Biomedical Engineering,2013
badaljain77,Rajiv Gandhi Prodyogiki Vishwavidyalaya,Computer Science,2011
badaljain77,San Jose State University,Computer Software Engineering,2016
bakkap77,Symbiosis Institute of Management Studies,"Sales, Marketing, Finance",1999
balakrishnab94,"Birla Institute of Technology & Science, Pilani",Electrical Engineering,2016
balazs,Budapest University of Technology and Economics,Computer Science,2001
banditrigolot,Faculté des sciences Aix-Marseille,Computer Science,2005
banditrigolot,IAE FRANCE,Change And Innovation,2010
banditrigolot,Université de Provence,Computer Science,2004
bansalamit,National Institute of Industrial Engineering,General Management,2015
bansalamit,National Institute of Technology Kurukshetra,Civil Engineering,2012
bapostol,Gheorghe Asachi Technical University of Iași,Computers And Information Technology,2016
bapostol,Universitatea Tehnică „Gh. Asachi” din Iași,Distributed Systems And Web Technologies,2011
bapostol,Universitatea Tehnică „Gh. Asachi” din Iași,Information Technology,2009
baptisteco,Aarhus University,Signal Processing,2011
baptisteco,ISEP - école d'ingénieurs du numérique,Multimedia,2012
baptisteco,University of Newcastle-upon-Tyne,Clean Technology,2013
barakneema,Columbia University,Computer Science,2006
barakoshri,Stanford University,Computer Science,2018
barakoshri,Stanford University,Mathematics,2017
barbox,North Carolina State University,Computer Engineering,2016
barmstrong,Rice University,Computer Science,2006
barmstrong,Rice University,"Computer Science, Economics",2005
barnamanuel,Universidad Torcuato di Tella,Business Administration,2018
barnamanuel,Universidad de Buenos Aires,Economics,2009
barnamanuel,Universidad de San Andres,Economics,2010
barrec,Stanford University,Genomics,2022
baruche,HEC Paris,Exchange Program,2011
baruche,Stanford University Graduate School of Business,Business,2018
baruche,"The Wharton School, University of Pennsylvania",Business,2012
barucho,Tel Aviv University,Enrepreneurship,2013
barucho,The Open University of Israel,Computer Science,1999
basharov,University of Stirling,Computer Science,2016
basharov,University of Toronto,Computer Science,2015
bastienbeurier,HEC Paris,Business Administration And Management,2011
bastienbeurier,Stanford University,Computer Science,2012
batcumin,McGill University - Desautels Faculty of Management,Mathematical Economics And Computer Science,2017
baudrillard,University of Toronto,Astrophysics,2015
baudrillard,University of Toronto,Mechanical And Industrial Engineering,2016
bauefi,Fudan University,International Management,2015
bauefi,Imperial College London,Computing Science,2019
bauefi,London School of Economics and Political Science,Finance,2018
bauefi,University of Cologne,Business Administration,2016
bavidar,University of Michigan,Finance,2011
bawejakunal,"Birla Institute of Technology and Science, Pilani",Computer Science,2015
bawejakunal,Columbia University,Computer Science,2017
bbarthur,Emerson College,Management Communications / World Languages,2005
bbarthur,Teachers College of Columbia University,Psychological Counseling,2008
bbrenner2,"University of California, Berkeley, Haas School of Business",Business Administration,2018
bbristol,Bowdoin College,Computer Science,2019
bbrunner,Stanford University,Computer Science,2012
bcanton,Massachusetts Institute of Technology,Biological Engineering,2008
bcanton,University College Dublin,Mechanical Engineering,2002
bchang8,Harvard Affiliated Emergency Medicine Residency (MGH/Brigham),Emergency Medicine,2012
bchang8,Harvard University,Psychology,2003
bchang8,Stanford University,Medicine,2008
bchi,University of Chicago,Economics,2017
bcrasera,University of Waterloo,Biochemical Sciences,2016
bcx,University of Michigan,Information,2010
bcx,Virginia Polytechnic Institute and State University,Business Information Technology,2005
bcx,Virginia Tech,Computer Science,2005
bcx,Virginia Tech,Computer Science And Applications,2006
bdavidalbers,"University of California, San Diego - Rady School of Management",International Business Focus In Political Science,2019
bdement,Georgia Institute of Technology,Computer Science,2005
bdirkx,Eindhoven University of Technology,Mechanical Engineering,1997
bdirkx,TIAS School for Business and Society,Business Innovation,2012
bdoms,Franklin W. Olin College of Engineering,Computer Engineering,2007
bdr,Hunter College,"Creative Writing, Poetry",2018
bdr,University of Illinois Urbana-Champaign,Computer Science,2006
beaks14,Stanford University,Computer Science,2017
beatlevic,Leiden University,Philosophy,2004
beatlevic,Leiden University,Psychology,2005
beatlevic,Technische Universiteit Delft,Computer Science,2004
beatlevic,Technische Universiteit Delft,Knowledge Based Systems,2005
beatlevic,University of Portsmouth,Knowledge Based Systems,2005
beauallison,Griffith University,It Management And It Marketing,2009
bebefuzz,Iowa State University,Electrical Engineering,2006
beccalee,Rice University,"Electrical Engineering, Computer Science",2019
becchapin,Mount Holyoke College,Anthropology,2007
becchapin,Presidio Graduate School,Finance,2014
bedej,Queensland University of Technology,"Software Engineer, Electrical Engineering",2004
beeknuckle,Massachusetts Institute of Technology,Computer Science,2007
beeknuckle,University of Cambridge,Computer Science,2004
beeknuckle,University of North Carolina at Chapel Hill,Computer Science,2002
beibeiq,University of Illinois College of Law,Law,2007
belisarius222,Massachusetts Institute of Technology,Physics With A Focus In Robotics,2010
bellareed,The University of Texas at Dallas,Biomedical/medical Engineering,2017
belly91,University of Southern California,"Philosophy, Music Industry",2012
belokor,Massachusetts Institute of Technology,"Mathematics, Brain And Cognitive Sciences",2006
belokor,"University of California, Los Angeles",Management: Behavioral Economics,2013
ben-adida,Massachusetts Institute of Technology,Computer Science,1999
ben-adida,Massachusetts Institute of Technology,Cryptography And Information Security,2006
ben-jamming,Gonzaga University,Computer Science,2022
bendergarcia,University of Minnesota,"Management, Economics, Communication Studies",2010
benedetta,Libera Università Vita-Salute San Raffaele,Medical And Pharmaceutical Biotechnology,2009
benedetta,Libera Università Vita-Salute San Raffaele,"Medical, Molecular And Cellular Biology",2011
benedetta,Libera Università Vita-Salute San Raffaele,"Molecular Medicine, Basic And Applied Immunology",2015
benedetta,Stanford University School of Medicine,Stem Cell And Regenerative Medicine,2018
benehmke,LeTourneau University,Christian Ministry And Computer Science,2007
bengarvey,American University,Computer Science,2001
benhale33,University of Utah,Information Systems,2014
benhuh,Northwestern University,Journalism,1999
benjaminbalazs,International Business School,Arts Management,2009
benjaminf,"Haven of Peace Academy, Dar es Salaam, Tanzania",High School/secondary Diplomas And Certificates,2010
benjaminf,University of Northwestern - St. Paul,"Accounting Major, Computer Science Minor",2014
benjaminha14,Loyola Marymount University,Computer Science,2021
benjaminlavin,University of Alberta,Computer Science,2018
benjcroc,INSEAD,General Management,2016
benjreinhart,DePaul University,Computer Science,2012
bennisham,CentraleSupelec,"Master’s Degree, Computer Science",2018
benoitmenardo,Lycée Henri Matisse,Mathematics,2009
benoitmenardo,Lycée Masséna,Mathematics,2012
benoitmenardo,Lycée Sainte-Geneviève,Mathematics,2011
benoitmenardo,Massachusetts Institute of Technology,Mechanical Engineering,2014
benoitmenardo,Mines ParisTech,Science And Executive Engineering,2015
benschermel,McMaster University,Mechanical Engineering,2011
benshumaker,University of Michigan,Cognitive Science And Computation,2019
benswerd,Santa Monica High School,High School Diploma,2022
benswerd,University of Chicago,Cognitive Science,2026
bentamin,Pontificia Universidad Católica de Chile,Business And Administration,2009
bentaytay,Vanderbilt University,Electrical Engineering,2015
bentee,Stanford University,Electrical Engineering,2013
benwesner,Brown University,Computer Science And Economics,2018
benwong2021,City University of Hong Kong,Electrical Engineering,2005
benwyrosdick,Auburn University,Software Engineering,2004
benwyrosdick,Jacksonville State University,Computer Science,2000
benyang,Hanshin University,Computer Science,1998
benz,Georgetown University,School Of Foreign Service,2006
berkay104,Columbia University,Applied Analytics,2018
berkay104,University of Illinois Urbana-Champaign,Industrial Engineering,2015
berkcebi,Işık Üniversitesi,Computer Science And Engineering,2009
berkozer,Bilkent University,Electrical Engineering,2016
berpasan,Instituto Tecnológico de Aeronáutica,Computer Engineering,2007
berpasan,Instituto Tecnológico de Aeronáutica,Computer Science,2010
berrondom,Johns Hopkins University,Chemical And Biomolecular Engineering,2010
berrondom,Rensselaer Polytechnic Institute,Biomedical Engineering,2005
bertdb,ETH Zurich,Electrical Engineering And Information Technology,2012
bertdb,KU Leuven,Computer Vision And Machine Learning,2019
bertdb,KU Leuven,Electrical Engineering And Computer Science,2013
bevenky,Delhi Public School,Science,2001
bevenky,Visvesvaraya Technological University,Computer Science,2005
bfaviero,Massachusetts Institute of Technology,Computer Science And Engineering,2015
bfioca,Georgia Institute of Technology,Computer Science,2000
bfioca,Southern Polytechnic State University,Computer Science,2007
bgodlove88,Oberlin College,Mathematics,2010
bgrgndzz,Northwestern University,Computer Science,2022
bguthrie,Northeastern University,"Computer Science, History",2007
bhairavmehta95,Massachusetts Institute of Technology,"Computer Science, Physics",2021
bhairavmehta95,University of Michigan,Computer Science,2018
bhairavmehta95,Université de Montréal,Deep Learning,2020
bhaktatejas922,"University of California, San Diego",Electrical And Computer Engineering,2019
bhandoko,Founder Institute,Enterpreneurship,2012
bhandoko,University of Wollongong,Computer Science,2000
bhandoko,University of Wollongong,Information And Communication Technology,2001
bhands,IIT Roorkee,Geological Technology,2020
bhands,Scholars Den,Jee,2016
bhands,Start-up School S20,Start,2020
bhands,The G.K. Welhams College,High School,2016
bhands,YC Start-up School W19,Start,2019
bharat_fangame,"Indian School of Business, Hyderabad",Strategy,2014
bharathkr,IIT Madras,Electrical Engineering,2012
bhavingpt,The University of Texas at Austin,Computer Science And Neuroscience,2019
bhavukQ,Institute of Hotel Management,Hospitality Administration/management,1995
bhavukQ,Pace University,Is,2002
bhavukQ,University of New Hampshire,Hospitality Administration/management,2000
bherila,Brown University,"Bs Computer Science, Bs Applied Math, Ba Economics",2011
bhill1,Morehouse College,Urban Studies/affairs,2012
bhill1,Semester at Sea,International/global Studies,2012
bhill1,Stanford University,"Political Science, Africana Studies",2016
biancaorsini,Universidade de Brasília,Civil And Environmental Engineering,2014
biancaorsini,Universidade de Brasília,Geotechnical And Geoenvironmental Engineering,2016
bigboateng,University of Southampton,Aerospace Engineering,2018
bignoggins,Santa Clara University,Engineering Management,2009
bignoggins,Santa Clara University,Engineering/industrial Management,2010
bignoggins,"University of California, Berkeley",Electrical Engineering And Computer Sciences,2005
bigtrizzy,Rice University,Mathematics,2012
bilaldahlab,ESCP Europe,Big Data And Business Analytics,2019
bilaldahlab,University of St. Gallen,Business Administration,2016
bilberry,"University of California, Los Angeles",Business Economics,2010
bill_prohost,Harvard University,"Economics, Neuroscience, Philosophy",2014
billchen99,Columbia University,Computer Science,2021
billforward,Kingston University,"Business, Information Technology",2006
billiontoone,Princeton University,Molecular Biology,2011
billiontoone,Stanford University,Systems Biology,2016
billycb,Universidad Tecnológica del Perú,Software Engineer,2016
billycb,Y Combinator,Y Combinator Alumni,2021
billzhou123,"University of California, Berkeley",Computer Science,2018
billzhou123,"University of California, Berkeley",Electrical Engineering And Computer Science,2019
binkert,Carnegie Mellon University,Computer Engineering,2004
binkert,Carnegie Mellon University,Ece,1998
biobotanalytics,Massachusetts Institute of Technology,Urban Studies And Planning,2017
biobotanalytics,McGill University,Engineering,2013
biobotanalytics,University of Waterloo,Engineering,2011
biokat,University of Crete,Biochemistry,2013
birgitt,Penn State,Bioinspired Materials,2018
birgitt,Princeton University,Fluid Dynamics,2013
biteninjaadmin,University of Louisiana at Monroe,Accounting,2015
biteninjaadmin,University of Louisiana at Monroe,General Business,2012
bjarry,CCI Maine-et-Loire Formation,"Vente, Distribution Et Opérations De Marketing, Général",2004
bjchrist,HTX,Mathematics And Computer Science,1996
bjchrist,Hillerød Business School,International Business,1999
bjchrist,Y Combinator,Startup,2011
bjyule,University of Wisconsin,Computer Engineering,2010
bk314005,ohio university,"Creative Writing, Marketing",2009
bkapoor,Savitribai Phule Pune University,Computer Engineering,2004
bkapoor,Yale University,Computer Science,2005
bkkilaru,University of Chicago,"Economics, Biological Sciences",2011
bkolko,The University of Texas at Austin,English,1994
bkrausz,Carnegie Mellon University,Computer Science,2009
bksdacosta,California Institute of Technology,Electrical Engineer,2017
blacob,"University of California, Berkeley",Electrical Engineering And Computer Science,2021
blahblahyaya,University of Tennessee,"Psychology, Computer Science",1985
blahblahyaya,Western Governors University,"Business Administration, Management And Operations",2020
blainevess,Modern Elder Academy,The Making Of A Modern Elder,2019
blak3r,University Of Maryland,Computer Engineering,2005
blandinw,IAE Paris,Information Systems And Management,2012
blandinw,University of Brighton,Computer Sciences,2009
blandinw,Université Paris Descartes,Computer Sciences,2009
ble378,Massachusetts Institute of Technology,Aerospace Engineering,2014
blee37,Carnegie Mellon University,Computer Science,2009
blee37,Harvard Law School,Law,2012
blee37,"University of Maryland, College Park","Computer Science, Mathematics",2006
blintz,Stanford University,Computer Science,2019
blitvin13,Duke University,"Computer Science, Physics",2022
blizz11,Columbia University,Economics And Philosophy,2012
bluejade,Williams College,Computer Science,1999
bluepnume,"University of Durham, St John's College",Law,2011
bluestreak,Harkivs'kij Nacional'nij Universitet im. V.N. Karazina,Applied Mathematics,1997
blyang,Stanford University,Computer Science,2016
bmagnani,Instituto Tecnologico Autonomo de Mexico (ITAM),"Economics, Public Policy",2014
bmagnani,"University of California, Berkeley, Haas School of Business","Finance, Entrepreneurship",2020
bmagolan,Massachusetts Institute of Technology,Nuclear Science And Engineering,2018
bmagolan,University of Illinois Urbana-Champaign,"Nuclear, Plasma, And Radiological Engineering",2013
bmahmood,Stanford University,"Biology, Economics",2009
bmahmood,University of Cambridge,Bioscience Enterprise,2010
bmcclinton,Tulane University,"Finance, Political Science",2008
bobbypinckney,University of Southern California,Business Administration,2020
bobcatslayer,Massachusetts Institute of Technology,Computer Science And Electrical Engineering,2013
bobcatslayer,Massachusetts Institute of Technology,Computer Science And Machine Learning,2014
bobcriner,University of New South Wales,Aerospace Engineering,2004
bobics,Dartmouth College,Computer Science,2001
bohm,Technische Universität Wien,Computer Science,2003
bolu,University of Illinois Urbana-Champaign,Computer Science,2004
bondantransfez,Universitas Bina Nusantara (Binus) International,Computer Science,2007
bondantransfez,University of New South Wales,Commerce,2010
bonesaw,University of Virginia,Economics,2011
bootywizard,University of Cambridge,"Computer Science, Natural Sciences",2010
borisjabes,Carnegie Mellon University,Information Networking,2004
borisjabes,University of Waterloo,Computer Science,2003
borisms,University of Pennsylvania,"Economics, Finance And Real Estate",2010
borna,Georgia Institute of Technology,Computer Science,2005
borna,University of Chicago,Entrepreneurship And Strategic Management,2011
bottydim,University of Cambridge,Artificial Intelligence,2016
bottydim,University of Cambridge,Explainable Artificial Intelligence,2021
bottydim,University of Southampton,Computer Science,2015
boucher,University of Southern California,Computer Engineering And Computer Science,2007
boxbag,"University of California, Berkeley",Electrical Engineering And Computer Science,2014
boxstream,Ha'Universita Ha'Petuha,"Mathematics, Computers, Physics",2006
boxstream,Stanford University,Electrical And Electronics Engineering,2017
boxstream,Stanford University,Electrical Engineering,2014
boxstream,Technion,Electrical Engineering,2010
boyd,Brown University,Environmental Studies,2009
bpirtle,California Polytechnic State University,Electrical And Electronics Engineering,2007
bpirtle,Massachusetts Institute of Technology,Engineering And Management,2014
bpp198,University of Southampton,Computer Science,2001
bpuvanathasan,University of Waterloo,Computer Engineering,2006
bradcoin,Occidental College,Mathematics,2009
bradeckert,Massachusetts Institute of Technology,Electrical Engineering And Computer Science,2015
bradfordcross,"University of California, Berkeley",Machine Learning,2010
bradfordcross,Virginia Polytechnic Institute and State University,Computer Engineering And Finance,2002
bradgessler,Indiana University Bloomington,Business,2004
bradjustice97,California Institute of Technology,Bachelor's Of Science,2020
bradmenezes,University of Toronto,Mechanical Engineering,2012
bradtgmurray,University of Waterloo,Computer Engineering,2009
bradwschiller,Massachusetts Institute of Technology,"Mechanical Engineering, Management Science With A Concentration In Operations Research",2007
bradyoch,University of Florida,Computer Science,2019
bradystoddard,Arkansas State University,"Graphic Communications, Graphic Design",2009
brandazine,Yonsei University,Dropped Out,2012
brandnewlow,Northwestern University,Journalism,2008
brandnewlow,Princeton University,English,2004
brandonarbini,Azusa Pacific University,Biblical Studies,2001
brandonb,University of Washington,Computer Science,2006
brandonj,Hankuk University of Foreign Studies,"Computer And Information Sciences, General",2003
brandonj,Korea University,Computer Science,2003
brandonrodman,Brigham Young University,Marketing And Advertising,2009
brandonseverin,University of Oxford,Ai For Quantum Computing In Silicon,2024
brandonseverin,University of Oxford,Materials Science,2019
brayden_wilmoth,Ball State University,Computer Science,2012
breck,Duke University,Economics,2007
brekgoin,Washington State University,"Entrepreneurship, International Business",2016
brendanashworth,Massachusetts Institute of Technology,Physics,2022
brendanfalk,Harvard University,"Economics Concentration, Computer Science Secondary",2020
brendanfinch,Loyola Marymount University,Elementary Education,2009
brendanfinch,"University of California, Santa Barbara","Philosophy, Psychology And Music",2007
brendanib,"University of California, Santa Cruz",Linguistics,2009
brendanleeyoung,University of New Brunswick,Entrepreneurship,2014
brendanlim,Auburn University,Wireless Software Engineering,2006
brendansuh,Claremont McKenna College,"Philosophy, Politics, And Economics",2019
brennps,"Columbia College, Columbia University",International Relations,2003
brennps,Columbia University - School of International and Public Affairs,Security Policy,2006
brenochatpay,PUC Minas,Computer Science,2008
brentlarue,General Assembly,Product Management,2015
brentlarue,"University of Ljubljana, Faculty of Economics",International Business Administration And Management,2014
brentlarue,Wake Forest University,"Health And Exercise Science, Studio Art",2010
brentnewhouse,Stanford University,Economics,2007
brentnewhouse,Stanford University School of Engineering,Management Science And Engineering,2008
brentridley,Massachusetts Institute of Technology,Chemistry And Materials Science,2003
breshears,Stanford University,Symbolic Systems,2006
brett,"University of California, Santa Barbara",Philosophy,2003
brettcvz,Massachusetts Institute of Technology,Electrical Engineering And Computer Sciences,2012
brezina,Penn State University,Electrical Engineering,2003
brezina,University Of Maryland,Electrical Engineering: Control Systems And Communication Theory,2006
brian_campbell,"University of California, Berkeley",Mathematics,2011
brian_campbell,"University of California, Berkeley, Haas School of Business",Business Administration,2011
brian_discl,University of Denver,"Molecular Biology, Chemistry",2009
briane,Stanford Law School,Constitutional Law,2012
briane,Stanford University,Computer Science,2009
briane,Stanford University,Symbolic Systems,2007
brianf0,University of Rochester,Electrical And Computer Engineering,2014
briangallagher9,"Arizona State University, W. P. Carey School of Business","Finance, Entrepreneurship",2012
briangallagher9,Y-Combinator,Entrepreneurship,2015
brianglick,University of Waterloo,Computer Science,2004
briangonzalez,California Polytechnic State University-San Luis Obispo,Electrical Engineering,2007
briangonzalez,"University fo Agder, Norway","Computer Science, Emphasis In Ml",2012
brianjaylaw,"New York University

2007",Mathematics,2012
brianjkim21,Stanford University,Engineering,2019
brianjohnpark,Duisenberg School of Finance,Finance And Law,2013
brianjohnpark,Hamilton College,Bachelor Of Arts,2009
brianjohnpark,Occidental College,Economics,2012
brianjohnpark,Y Combinator,S20,2020
brianjunyinchan,Stanford University,Computer Science,2019
brianle20,"University of California, Los Angeles",Electrical Engineering,2022
brianleesk,McMaster University,Chemical,2008
brianleesk,McMaster University,Master Of Engineering Design,2010
brianmaurer,University of San Diego,International Business,2014
brianpayne,Texas A&amp;M University,Mechatronics Engineering,2019
briansexton,Dublin Institute of Technology,Distributed Computing And Mobile Software Developement,2008
briansexton,Limerick Institute of Technology,22,2005
brianyu,Institute of Vocational Education,Information Security,2009
brianyu,The Chinese University of Hong Kong,Engineering,2012
bricedouglas,Brigham Young University,Economics,2024
briceklein,Stanford University,Mechanical Engineering,2017
briones22,Universidad Anáhuac México,Law,2002
brissmyr,The Faculty of Engineering at Lund University,Computer Science,2005
britelandon,University of Utah,Bachelor Of Science,2011
brivael,SUPINFO International University,Computer Science,2014
brokrete,Cégep Édouard-Montpetit,Social Science,2006
bronimlo,University of Birmingham,Mathematical Economics,2003
brooks-gather,Duke University,Computer Science,2016
broux18,EPITA: Ingénierie Informatique,Computer Science,2014
broux18,Lycée Edouard Herriot,Science,2009
broux18,Tampere University of Technology,"Computer Science, Maths And Software Engineering",2011
brp22,Cornell University,Financial Economics,2011
brryant,"University of California, San Diego",Computer Engineering,2008
brsbilgic,Boğaziçi University,Computer Science,2012
brsbilgic,DTU - Technical University of Denmark,Computer Science,2011
brshepherd,University of Arizona,Physiological Sciences,2003
brshepherd,University of Washington,Zoology,1999
brsoccer017,University of Pennsylvania,Computer And Systems Engineering,2014
brucetribbensee,"University of California, Santa Cruz",Physics,1989
bruchmanng,Universidad Nacional de Cordoba,Applied Science,2017
bruno_,IADE,Communication Design,2011
bruno_luigi,Universidade de Pernambuco,Computer Engineer,2008
bruno_supercool,University of Chicago,Computer Science,2019
brunoloiola,IE Business School,Imba,2016
brunoloiola,Universidade Federal de São Carlos,Computer Science,2005
brunolucas04,Cornell University,"Cum Laude, Economics And Government",2013
brunolucas04,LycÃ©e MoliÃ¨re,Section Ã‰conomique Et Social,2008
brunolucas04,Lycée Molière,"Mention Trés Bien, Section Économique Et Social",2008
brunorpassos,Campus Code,Software Development,2016
brunorpassos,FEI - Faculdade de Engenharia Industrial,Mechanical Engineering,2015
brunovcosta,Instituto Militar de Engenharia,Computer Engineering,2018
brunovegreville,"Ecole Polytechnique, Paris","Applied Mathematics, Computer Science",2016
brunovegreville,Ecole normale supérieure,Machine Learning,2017
bryanhe,California Institute of Technology,Computer Science,2015
bryanhe,Stanford University,Computer Science,2022
bryanlep,University of Washington,Computer Science,2006
bryantrang,General Assembly,Ux Design,2016
bryantrang,"University of California, Riverside",Business Economics,2014
bryantwolf,Georgetown University,Finance,2013
bschafer,Stanford University,Biological Sciences,2003
bschafer,Stanford University School of Medicine,Neuroscience,2009
bscharfstein,Harvard University,Applied Math,2016
bscholl,Carnegie Mellon University,Computer Science,2001
bshih,Franklin W. Olin College of Engineering,Electrical And Computer Engineering,2007
bshins,"University of California, Santa Barbara",Biopsychology,2014
bsick7,Georgia Institute of Technology,Computer Science,2008
bsmith43,University of Waterloo,"Mechatronics, Robotics, And Automation Engineering",2020
bspringwater,Stanford University Graduate School of Business,Master Of Business Administration,2016
bspringwater,Williams College,Psychology,2008
bstanfield15,Iovine & Young Academy - USC,Entrepreneurship/entrepreneurial Studies,2019
bstanfield15,University of Southern California,"Arts, Technology, And The Business Of Innovation",2019
bstokes2,Tennessee State University,Economics And Finance,2011
bstokes2,The School of Hard Knocks,First Business At 9yrs Old And Getting After It Every Since,2024
bstokes2,Y Combinator,Qwest,2019
btandon,IIT Delhi,Biochemical Engineering And Biotechnology,2012
btandon,Rice University,Biochemistry And Molecular Biology,2018
btateyama,Massachusetts Institute of Technology,Mech Eng,2000
btittelbach,Studienheim Mariahilf Gymnasium,Ahs Humanities,1998
btittelbach,Technical University of Graz,Information And Computer Engineering,2009
btmerr,Brown University,Cognitive Neuroscience,2006
btobbes,Stanford University,Management Science And Engineering,2015
btobbes,University of Arizona,Materials Science And Engineering,2014
btrautsc,University of Tennessee,"Economics, International Business",2009
btrautsc,University of the Sunshine Coast,International Marketing And Logistics,2008
buddhadevpc,"ESIEE Paris / Nanyang Technological University (NTU), Singapore",Mems And Microsystems Engineering,2007
buddhadevpc,Imec / KU Leuven,Electrical Engineering,2012
buddhadevpc,Vellore Institute of Technology,Electronics,2005
bukhtarkhan,McMaster University,Finance,2018
bukinoshita,Coursera,Design,2013
bulkmro,University of Pennsylvania,Finance And Electrical Systems Engineering,2004
burtonmiller,The University of Texas at Austin,Computer Science,1991
buzdin,Lomonosov Moscow State University,Molecular Biology,1999
bvallelunga,"University of California, Santa Cruz",Computer Science,2017
bvanvugt,University of Waterloo,Computer Science,2008
bviolante,Google Squared,Digital Marketing/strategy,2014
bwallach,Yale University,Political Science,2003
bwood,University of New Brunswick,Mechanical Engineering,2013
byilmaz,METU,Molecular Biology And Genetics,2010
byilmaz,Northeastern University,Bioengineering,2020
byilmaz,Turgut Ozal University,Medical Genetics,2014
byronhsu,Massachusetts Institute of Technology,Electrical Engineering And Computer Science,2008
byronhsu,Massachusetts Institute of Technology,Materials Science And Engineering,2006
byronm,Stanford University,Computer Science,2011
cadillion,Northwestern University,Innovation Design Engineering,2012
cadillion,Northwestern University,Theater,2011
cafish,Pacific Lutheran University,Biology,2005
cahlansharp,Brigham Young University,Instructional Psychology And Technology,2010
cahlansharp,Brigham Young University,Portuguese,2006
caitlin_leksana,Georgia Institute of Technology,Mechanical Engineering,2017
calaniz,The University of Texas at El Paso,Computer Science,2005
calderwoodra,Virginia Commonwealth University,Computer Science,2015
calebcross,Y Combinator,S19 Alumni,2019
calebtv,Iowa State University,Software Engineering,2015
calix_huang,University of Southern California,"Arts, Technology, And The Business Of Innovation",2026
callmevlad,Academy of Art University,"Visual Effects 3d Animation, Graphic Design",2002
callmevlad,California Polytechnic State University,Computer Science,2006
calummoore,The University of Sheffield,Management Studies,2010
calvinlegassick,University of Southern California,Computer Science,2017
calvintuong,Stanford University,Computer Science,2013
camador,George Mason University,Graphic Design,2013
cambioai,Stanford University Graduate School of Business,Master Of Business Administration,2022
cambrookhouse,Royal College of Art | Imperial College London,Innovation Design Engineering,2019
cambrookhouse,University of Oxford,Materials Science,2015
cameroncooper,The Ohio State University,Electrical And Computer Engineering,2006
camerony,California Institute of Integral Studies,Counseling Psychology,2009
camilojimenez,Universidad de Los Andes,"Computer Science, Engineering",2005
camilojimenez,Universidad de Los Andes,Computer Software Engineering,2006
camiloruiz007,UPB,Graphic Design,2016
camilosanchez88,Colegio de Estudios Superiores de Administración,Marketing Digital,2013
camuhoh,University of Washington,Bioengineering,2014
camuhoh,Washington University in St. Louis,Biomedical Engineering,2010
caoxuwen,Stanford University,Computer Science,2012
caoyxl,Duke University,Biomedical Engineering,2017
caoyxl,Tsinghua University,Mechanical Engineering,2012
caprilynn,"University of California, Berkeley",Political Science And Philosophy,2020
careertu2018,Hobart & William Smith Colleges,Architectural Studies,2011
careertu2018,University of Rochester,Business Administration,2012
cariante,Stevens Institute of Technology,Mechanical Engineering,2014
carinawarmly,"University of California, Berkeley",Computer Science,2015
carlcarell,Lund University,"Finance, General",2012
carlcarell,San Diego State University,International Business,2009
carlcervone,Wesleyan University,Environmental Science,2004
carlcortright,University of Colorado Boulder,Computer Science,2019
carlmadi01,"The Wharton School, University of Pennsylvania",Master Of Business Administration,2017
carlobadini,University of Bern,Business Administration,2017
carlocandela,University of Florida,Business,2015
carlosaave,The Manchester Metropolitan University,Marketing Communications Marketing And Digital Marketing Communications,2011
carlosaave,Universidad ICESI,Telematics Engineering Telecommunications,2004
carlosaave,Universidad de Los Andes,Specialist Marketing,2009
carlosamg,CEROUNO,Computer Programming,2018
carlosamg,Copenhagen Business School,Economics And Business Administration,2013
carlosamg,Humber College,Global Business Management,2022
carlosamg,Tecnológico de Monterrey,Financial Management,2008
carlosgomeza,IPADE Business School,Business,2004
carlosgomeza,Instituto Tecnológico y de Estudios Superiores de Monterrey / ITESM,Mechanical And Electrical Engineering,1998
carlosgomeza,"Instituto Tecnológico y de Estudios Superiores de Monterrey / ITESM
Preparatoria",Bicultural,1994
carlosgomeza,Stanford University,Stanford Endeavor Leadership Program,2014
carlosmunily,Babson College,Business Administration And Entrepeneurship,2018
carlyballen,The George Washington University,Psychology,2011
carlypso,EBS Universität für Wirtschaft und Recht,Corporate Finance,2005
carlypso,Stanford University Graduate School of Business,Entrepreneurial Studies,2013
carlypso,"Universidad Adolfo Ibañez, Viña del mar, Chile",Finance,2005
carlypso,University of Sydney,Finance,2006
carlywp,Bard College at Simon's Rock,Liberal Arts,1993
carlywp,Pratt Institute,Industrial Design,1996
carmelo_invofox,Universidad Autónoma de Madrid,Matemáticas E Informática,2014
carolinealgabio,Haverford College,Chemistry,2018
carolinealgabio,"University of California, Berkeley",Physical Chemistry,2020
carsoncgibbons,Southwestern Adventist University,Pr / Advertising,2011
casas111,HUBBOG,Entrepreneurship/entrepreneurial Studies,2013
casas111,IED Barcelona,Iteraction And Apps Design,2015
casas111,RMIT University,Computer Science,2012
casas111,University of the Andes,Computer And Systems Engineering,2013
casenjo,Concordia University,Software Engineering,2013
casenjo,Vanier College,Health Science,2005
cashflowportal,Duke University,Computer Science,2010
casschoi24,Northeastern University,Nursing,2013
cassedsj,Universidade Federal de Minas Gerais,Computer Science,2015
cassedsj,"University of California, Riverside",Computer Science,2018
cassie_sarfo,University of Cape Coast,Information Technology,2014
castig,University of Amsterdam,New Media,2009
castrinho8,"Universidad de A Coruna, Spain",Computer Science Engineering,2016
catherinezng,Alexander W. Dreyfoos School of the Arts,Music,2016
catherinezng,Massachusetts Institute of Technology,Electrical Engineering And Computer Sciences,2020
catherynl,Massachusetts Institute of Technology,"Computer Science And Engineering, Mathematics",2018
caublestone,Massachusetts Institute of Technology,Electical Engineering And Computer Science,2013
cauchyk,"International Institute of Information Technology, Hyderabad",Computer Science,2013
caydian,Northwestern University,General Surgery Residency Program,2015
caydian,Stanford University,Biodesign Innovation Fellowship,2014
caydian,Vanderbilt University,Biomedical Engineering,2005
cbames89,Cornell University,Computer Science / Mechanical Engineering,2012
cbames89,Duke University,Ai/robotics,2022
cbar33,Chaminade College Preparetory,High School/secondary Diplomas And Certificates,1999
cbar33,Santa Clara University,Management Information Systems And Services,2003
cbar33,Stanford University Graduate School of Business,Entrepreneurship/entrepreneurial Studies,2015
cbatt,Imperial College London,Computing,2020
cbell234,California State University,Construction Management,2012
cbell234,"University of California, Berkeley",Environmental Economics,2010
cbodnar,The University of Manchester,Computer Science,2018
cbodnar,University of Cambridge,Computer Science,2022
ccampbell,University of S. Florida,Management Information Systems,2002
ccamrobertson,University of Colorado at Boulder,Finance,2010
ccheever,Harvard University,Computer Science,2003
ccraighill,University of Colorado Boulder,"Aerospace, Aeronautical And Astronautical/space Engineering",2011
ccraighill,University of Virginia,Mathematics,2006
cdevine1,Duke University,Political Science,2018
cdevine1,Notre Dame,Program Of Liberal Studies,2016
cdreynolds,University Of Maryland,Civil Engineering,2012
cdreynolds,University of Michigan,Environmental Engineering,2019
cdturns,University of Southern California,Business Administration,2008
cdurbin5,Princeton University,Economics,2019
ceciliacorral,South Texas College,Engineering,2008
ceciliacorral,Stanford University,Product Design Engineering,2012
ceciliacorral,The University of Texas at Austin,Mechanical Engineering,2013
cedelste,Princeton University,Public And International Affairs,2010
cedelste,Princeton University,"School Of Public And International Affairs, Scholar In The Nation's Service Initiative",2014
ceelee,Santa Clara University,"Biology, Political Science",2004
celestindewer,Imperial College London,Medical Device Design And Entrepreneurship,2021
celestindewer,Université catholique de Louvain,Bio Engineering,2017
celinaqi,Harvard University,Neurobiology,2019
celsinga,Lighthouse Labs,Web Development Bootcamp,2021
celsinga,Y Combinator,S22,2022
cenzovit,Tufts University,Computer Science,2013
cepr,"ENSEEIHT - Ecole Nationale Supérieure d'Electrotechnique, d'Electronique, d'Informatique, d'Hydraulique et des Télécommunications",Electronics Engineering,2005
cerkiner,Anadolu University,Business Administration,2016
ceylanismail,Isik University,Computer Science And Engineering,2011
ceylanismail,Universitat Politècnica de València,Computer Science And Engineering,2010
cfarm,Massachusetts Institute of Technology,"Management Science, Economics",2006
cfarm,Punahou School,Highschool,2002
cfield,Stanford University,Electrical Engineering And History,1995
cfonger,Massachusetts Institute of Technology,Computer Science,2009
cfonger,Massachusetts Institute of Technology,Electrical Engineering And Computer Science,2008
cfoudjet,Wharton Business School,Management,2022
cg_terminal,Ivey Business School at Western University,"Business Administration And Management, General",2018
cg_terminal,Western University,Software Engineering,2018
cglace,Clemson University,Microbiology,2009
cgnry,The University of Texas at San Antonio,Marketing,2008
cgyulay,Harvard University,Computer Science,2017
chadlpowell,University of Colorado Boulder,Economics,2007
chadr,The University of Akron,Computer Science,2002
chaimishra,"University of California, Berkeley",Mechanical Engineering,2012
chandler_rogers,Brigham Young University,Strategic Management And Computer Science,2022
chandlercraig,Reed College,English,2012
channyhong,Harvard College,Computer Science,2020
chaos5k,Case Western Reserve University,"Biology, General",2004
chaos5k,Stanford University,Cancer Biology,2011
chapolantern,Stanford University,"Computer Science, Security",2022
charduff,"Goldsmiths College, U. of London",Design,2015
charistoph,TU Vienna,Technical Physics,2017
charistoph,TU Vienna / CERN,Technical Physics,2020
charles30,University of Buea,Mathematics,2016
charlesacknin,Hebei University of Technology,Computer Science,2006
charlesacknin,Oxford Brookes University,Software Engineering,2008
charlesacknin,SUPINFO,Computer Science,2008
charleslambert,Cégep Garneau,Computer Science,2011
charleslambert,Université Laval,"Animation, Interactive Technology, Video Graphics And Special Effects",2015
charleslambert,Université Laval,Computer Science,2013
charleyslee,University of Waterloo,Computer Science,2023
chasb,Princeton University,Psychology,2006
chasb,University of Michigan,Law,2009
chaseadam17,"University of California, Santa Barbara",Global Socioeconomics And Politics,2008
chasebonhag,University of Illinois Urbana-Champaign,Entrepreneurship And Innovation,2016
chasebonhag,Western Michigan University,Sales And Marketing,2012
chasemcaleese,Boston College,Management And Computer Science,2013
checksabe,Universidad del Pacífico,Economics,2018
chenchenhuo,"University of California, Berkeley",Music,2014
chenxi9649,The University of British Columbia,Electrical Engineering,2019
cheriandr,"All India Institute of Medical Sciences, New Delhi",Medicine,2011
chetandalal1993,IIT Kanpur,Computer Science And Engineering,2015
chetankulhari,Stanford University,Computer Science,2023
chetanrane,Stanford University,Computer Science,2019
chhay,Harvard University,English,2002
chhinna,Fergusson College,Science,2018
chhinna,IIT Bombay,Communications And Signal Processing,2023
chilkoti,University of Washington,Chemical Engineering,1991
chilmonczyk,Georgia Institute of Technology,Mechanical Engineering,2020
chilmonczyk,University of South Florida,Mechanical Engineering,2014
chine,Johns Hopkins University,Writing Seminars,2015
chiragm,National Institute of Technology Karnataka,Electrical Engineering,2023
chirath,California Institute of Technology,Aeronautics,2005
chishunkwongmv,Indiana University Bloomington,Mathematics,1997
chishunkwongmv,The University of Hong Kong,Mathematics And Physics,1989
chongshen,University of Waterloo,Nanotechnology Engineering,2013
chooby,Cornell Tech,Technology,2017
chooby,Tufts University,International Relations,2008
chornesays,Texas A&M University,Environmental Design,2008
chornesays,Texas A&M University,Visualization Sciences,2011
chris-devtools,Colorado School of Mines,Computer Science,2011
chris20n,The Scripps Research Institute,Chemistry,2003
chris20n,University of North Carolina at Chapel Hill,General Chemistry,1998
chrisab,Ryerson University,Information Technology,2005
chrisc11,Brown University,Electrical Engineering,2011
chriscarlson95,"University of California, San Diego",Biochemistry And Cell Biology,2016
chriscarlson95,"University of California, San Francisco",Biochemistry,2022
chriscave,Northeastern University,Music Industry,2008
chrischancc,The University of Hong Kong,Architecture,2009
chrisdrexler,Karlsruhe Institute of Technology (KIT),Mechanical Engineering,2016
chrisdrexler,Technical University Munich,Mechanical Engineering,2019
chriseigeland,Griffith University,Law And International Relations,2013
chriseigeland,The University of Hong Kong,International Law,2011
chrisghill,Colorado School of Mines,Math And Computer Science,2008
chrisgreben,Queensland University of Technology,Information Technology,2010
chrishood,Griffith University,Computer Science,2004
chrishsu,Princeton University,Computer Science,2018
chrishull7,Oklahoma State University,Secondary Science Education,2009
chrismachine26,Ludwig Maximilian University of Munich,Economics,2015
chrismayan3,Massachusetts Institute of Technology,"Finance, Mathematics Minor, With Economics Concentration",2011
chrismessina,Carnegie Mellon University,Communication Design,2003
chrismjelde,King's College London,Business Management,2014
chrisnaoumidis,Monash University,Finance,2019
chrisphillips,Imperial College London,Laser Physics,1984
chrisphillips,University of Cambridge,Natural Sciences,1979
christeli,Wichita State University,Business Analytics And Information Management,2017
christian_green,Southern Methodist University,Computer Science,2017
christiankn,CESA,Marketing Digital,2016
christiankn,Colegio de Estudios Superiores de Administración,Business And Economics,2016
christiankn,Reforge,Growth,2021
christiankn,"Zeppelin University, Friedrichshafen",Business,2015
christianpbrink,Columbia University,Middle Eastern And Asian Languages And Cultures,2007
christielagally,Sonoma State University,Organizational Psychology,1998
christielagally,The University of British Columbia,Mechanical Engineering,2010
christielagally,"University of California, Santa Barbara",Mechanical Engineering,2006
christinac,Stanford University,Economics,2008
christinac,Stanford University,"Management Science, Engineering",2009
christoffern123,Idrætsefterskolen Klintsøgaard,Sport Og Motion,2011
christophepas,Ecole Centrale Paris,Electrical Engineering,2014
christos_antono,University of Cambridge,Information And Computer Engineering,2024
chrisvandyke9,Stanford University,Mechanical Engineer,2003
chrisvandyke9,University of Virginia,Chemical Engineering,2009
chrungoo,University of Pennsylvania,Robotics,2015
chunsli,University of Toronto,Bachelor Of Commerce,2010
chuvpilo,Massachusetts Institute of Technology,Electrical Engineering And Computer Science,2003
chuvpilo,University of Pennsylvania,Finance And Strategic Management,2017
ciaranomara,University of Limerick,Electronic And Computer Engineering,2019
cicekser,University of Toronto,Engineering Science,2017
cicekser,University of Toronto,Pharmaceutical Sciences,2020
cidargroup,Enterprise Development Centre - Pan Atlantic University,"Business, Management, Marketing, And Related Support Services",2014
cidargroup,National Open University Nigeria,Computer Science,2012
cidargroup,University of Oxford - Said Business School,Management,2022
ciminelli,Rollins College,Computer Science,2015
ciprianoec,Duke University,"Bachelor Of Science In Economics Certificates: Decision Sciences, Markets And Management",2019
ciprianoec,London School of Economics and Political Science,Microeconomics,2016
cirdes,Universidade Federal de Pernambuco,Computer Engineering,2011
cissou,HEC School of Management,Management Of New Technologies,2012
cissou,Lycée Carnot,Early Childhood Studies,2008
civan,Boğaziçi University,Economics,2005
civan,Boğaziçi University,Management Information Systems,2009
cjbest,University of Waterloo,Systems Design Engineering,2010
cjiang98,Stanford University,Symbolic Systems,2020
cjisakow,"The Wharton School, University of Pennsylvania",Entrepreneurial Management,2008
cjisakow,University of Michigan,Economics,2002
cjr,Imperial College London,Computer Science,2007
cjreyes,Carnegie Mellon University,"Information Systems, Human",2013
cjreyes,Georgia Institute of Technology,Computer Science,2018
cjs327,Drexel University,Electrical And Computer Engineering,2014
cjwinch,Imperial College London,Electrical And Electronic Engineering,2015
ckelly,University of Notre Dame,Economics And Finance,2005
cl42,University of Oxford,"Mathematical Modelling And Scientific Computing, Social Science Of The Internet",2010
cl42,University of Toronto,"Mathematics, International Development Studies",2007
clairethere,Columbia University,History,2005
clem-shone,Stanford University,"Management Science, Engineering",2015
clem-shone,École des Ponts ParisTech,Industrial Engineering,2013
clement-nguyen,Collège Stanislas Paris,"Mathematics, Physics, Engineering Sciences",2017
clement-nguyen,Ecole nationale des Ponts et Chaussées,Mathematics And Computer Science,2021
clement-nguyen,École Normale Supérieure Paris-Saclay,Mathematics And Computer Science,2021
clementbruneau,EDHEC Business School,Strategy And Organisation Consultancy,2013
clementinej,Stanford University,Symbolic Systems,2015
clemo_ra,London School of Economics and Political Science,Economic History,2018
clemo_ra,University of Oxford,Dropped Out: Economic And Social History,2020
clemo_ra,Universität Mannheim,Economics,2016
clemrom,Ecole Centrale de Lyon,Mechanical Engineering,2006
clemrom,University of Michigan,Aerospace,2016
cleor41,Stanford University,Computer Science,2015
cliffordkeeney,University of Florida,Mathematics,2009
clockwork_189,University of Waterloo,Systems Design Engineering,2014
clocombo,Western Governors University,Business Administration,2016
cloudgeek,Columbia University,Computer Science,2010
cmarchal,Universitat Politècnica de Catalunya,Computer Science,2019
cmcginn,"University of California, Los Angeles",Computer Engineering,2020
cmdalsanto,University of Wisconsin-Milwaukee,Computer Engineering,2016
cmikec,Oberlin College,"Philosophy, Computer Science",2009
cmjacobs07,Vanderbilt University,"Economics, Minor In Corporate Strategy And Financial Economics",2015
cmmurray,Massachusetts Institute of Technology,Mathematics And Computer Science,2005
cmmurray,Rathmore Grammar School,Physics,2001
cmoreno_uw,McGill University,Electrical Engineering,2005
cmoreno_uw,University of Waterloo,Electrical And Computer Engineering,2013
cmwang,"University of California, Berkeley","Machine Learning, Computer Vision",2010
cmwang,University of New South Wales,"Computer Engineering, Biomedical Eingeering",2005
coastalism,Stanford University,"Computer Science, Ai Concentration",2018
coastalism,Stanford University,Computer Science: Ai Concentration,2026
coatol5,"University of California, Berkeley",History,2016
cobalternate,University of Bristol,Computer Science,2012
cocab17,Dartmouth College,Economics,2017
cocozuloaga,INSTITUTO TECNOLÓGICO Y DE ESTUDIOS SUPERIORES DE MONTERREY (ITESM),Applied And Engineering Physics,2004
cocozuloaga,Rice University,Physics,2011
cocozuloaga,University of Waterloo,Applied Mathematics,2006
cocusocial,Columbia University,Chemical Engineering,2015
cocusocial,"University of California, Berkeley",Chemical Engineering And Material Science,2013
codelion,National Institute of Technology Warangal,Computer Science And Engineering,2007
codelion,National University of Singapore,Computer Science,2014
cofactor,University of Arizona,"Biology, Computer Science",1998
cofactor,Washington University School of Medicine in St. Louis,Genetics,2004
cofactor,Washington University in St. Louis,Molecular Genetics / Computational Biology,2004
coffeebite,National University of Singapore,Computer Engineering,2008
cogunwole,Harvard University,Economics,2012
colabsoftware,Memorial University of Newfoundland,Mechanical Engineering,2017
colbycornish,Northwestern University,"Computer Science, Film, And Create Writing",2013
colehostai,Chapman University,"Bachelor Of Science In Business Administration, Real Estate Emphasis, Studio Art Minor",2021
colerise,Emerson College,Cinematography And Film/video Production,2006
colinfeo,St. Andrews Episcopal School,High School/secondary Diplomas And Certificates,2011
colinfeo,University of Pennsylvania,Digital Media Design,2015
colinmcd,Massachusetts Institute of Technology,Electrical Engineering And Computer Science,2016
collinjackson,Stanford University,Computer Science,2009
collinjackson,Yale University,"Computer Science, Math, Philosophy",2004
collinpham,Northwestern University,"Computer Science, Materials Science",2018
colophonemes,University of Adelaide,"Politics, International Relations, Moral Philosophy, Indigenous History",2011
colophonemes,University of Adelaide,Sound Engineering,2008
coltonv,Purdue University,Computer Science,2017
combat_wombat,Carnegie Mellon University,Physics,2000
cominatchu,Duke University,Computer Science,2009
cominatchu,London School of Economics and Political Science,Entrepreneurship,2007
cominatchu,Universitat Politècnica de València,Computer Science,2008
compilertrash,"Barnard College, Columbia University",Psychology,2013
compilertrash,King's College London,Applied Neuroscience,2023
compilingfreak,Bilkent University,Industrial Engineering,2013
compilingfreak,University of South Florida,Engineering Management,2015
compumike,Massachusetts Institute of Technology,Electrical Engineering And Computer Science,2009
compumike,Massachusetts Institute of Technology,Electrical Science And Engineering,2008
conder,Columbia University,Computer Science,2019
conesus,Case Western Reserve University,Computer Engineering,2008
conesus,Harvard University,Design Engineering,2020
conjecTech,Georgia Institute of Technology,Computer Science,2014
connon,Massachusetts Institute of Technology,Cities And Technology,2008
connon,University of Missouri-Kansas City,Urban Planning And Design,2005
connon,Y Combinator,A+,2020
connor-lee,Columbia University,Applied Math,2026
conormccarter,Harvard Business School,Dropped Out,2020
conormccarter,Harvard School of Engineering and Applied Sciences,Dropped Out,2020
conormccarter,University of Notre Dame,Computer Science Engineering,2015
conradchan1,Stanford University,Computer Science,2014
conradspencerl,Westminster College,Finance,2016
contagionhealth,St. Mary's College of Maryland,English,2004
contagionhealth,Widener University,Bio/behavioral Health,2000
conwaypatrick,Penn State University,Information Sciences And Technology,2007
coopermor1,Babson College,Tech Entrepreneurship,2012
coopernewby,Colorado School of Mines,Mechanical Engineering,2012
coopernewby,Stanford University,Music Technology At Ccrma,2015
corbinhennen,Boise State University,Computer Science,2017
corbinhennen,Boise State University,Venture College,2016
corbinhennen,University of Idaho,"Physics, Mathematics",2014
corey-vectrix,Oklahoma State University,Managing Information Systems,2010
cormacdriver,Dublin Institute of Technology,Business Information Systems,2001
cormacdriver,Trinity College Dublin,Networks And Distributed Systems,2002
cormacdriver,"Trinity College, Dublin","Mobile, Context",2007
cornellwright,Carnegie Mellon University,Computer Science,2007
correliabio,University of Florida,Mechanical Engineering,2005
corry,Wilfrid Laurier University,Strategic Marketing,2007
countrodrigo,Florida International University,Computer Science,2004
countrodrigo,University of Central Florida,Computer Engineering,2007
courtney_sabo,Drexel University,Graphic Design,2015
coyleandrew,Milwaukee Institute of Art and Design,Design,2013
cozdem,UT Southwestern Medical Center,Molecular Genetics,2011
cparthiban,University of Pennsylvania,Bachelor Of Arts,2020
cpeterson42,Georgia Institute of Technology,Analytics,2022
cpeterson42,Georgia Institute of Technology,Industrial Engineering,2021
cpierson,"The Wharton School, University of Pennsylvania",Information Strategy And Economics,2010
cpierson,University of Pennsylvania,Computer Science Engineering,2004
cpihl,University of Washington,Innovation And Technology Management,1999
cpinkus,"University of California, Los Angeles",Chemistry,1980
cpino,Universidad del Valle (CO),Cryptography,2012
cpodlaski,Indiana University,Informatics/business,2017
craigbonnoit,Massachusetts Institute of Technology,Physics,2013
craigsoules,Carnegie Mellon University,Computer Science,2006
crcarlson,Stanford University,Mechanical Engineering,2003
crcarlson,"University of California, Davis",Mechanical Engineering,1998
creatinnov,Massachusetts Institute of Technology,Artificial Intelligence,2022
creatinnov,Massachusetts Institute of Technology,Electrical Engineering And Computer Science,2018
cristinachar,Colegio de Estudios de Administración (CESA),Ba,2013
cristinachar,IE Business School,Ba,2017
cristinachar,IE School HST,Human Science And Technology,2017
cristinaibunea,King's College London,Computer Science,2019
crjvice,The University of Texas at Arlington,Finance,2007
crowdhailer,University of Oxford,Physics,2010
crrashby,University of Cambridge,Manufacturing Engineering Tripos,2013
crubier,Advanced Study Institute of the NATO Science for Peace and Security Programme,Dependable Software Systems Engineering,2014
crubier,CPGE Lycée Chateaubriand,"Science, Mathematics, Engineering",2006
crubier,ISAE,"Aerospace, Aeronautical And Astronautical Engineering",2011
crubier,Université Paul Sabatier,Mathematics Computer Science Telecommunications,2014
cruxcode,Columbia University,Computer Science,2021
cruxcode,IIT Kharagpur,Engineering,2017
cruzguilherme,UNIVEM - Centro Universitário Eurípides de Marília,Computer Science,2011
cruzguilherme,Universidade Federal de São Carlos,Signal And Image Processing,2015
csabol,University of Southern California,Physics/computer Science,2011
csallen,Massachusetts Institute of Technology,Computer Science,2009
csar,Stanford University,Computer Science,2008
cschiller,"Fachhochschule Konstanz - Hochschule für Technik, Wirtschaft und Gestaltung",Wirtschaftsinformatik,2009
cschiller,Lunds tekniska högskola,Business Informatics,2008
cschiller,Technical University of Munich,Information Systems,2011
cschreiber,42 Silicon Valley,Software Engineering,2018
cschreiber,CODE University of Applied Sciences,Software Engineering,2019
cschreiber,EBS,General Management,2017
cscontalink,INSTITUTO TECNOLÓGICO Y DE ESTUDIOS SUPERIORES DE MONTERREY (ITESM),It Management,2010
cscpoly03,California Polytechnic State University,Computer Science,2005
cshelner,Santa Clara University,Mechanical Engineering,2012
cshelner,University of Southern California,Aerospace Engineering,2006
csmajorfive,Cornell University,Computer Science,2008
csmajorfive,Cornell University,"Computer Science, Operations Research And Information Engineering",2007
csmeder,California Polytechnic State University,Software Engineering,2009
csmoak,Carnegie Mellon University,"Computer Science, Cognitive Science",2004
csnowden17,University of Virginia,Psychology,2006
cspa,UC Berkeley College of Engineering,Electrical Engineering And Computer Sciences,2004
cspa,University of Illinois Urbana-Champaign,Computer Science,2006
cspence,Columbia University,International Politics,2004
cspunjabi,"University of California, San Diego",Computer Science,2014
cstanley,Yale University,Economics,2011
cstewart913,Virginia Commonwealth University,Information Systems,2005
ctalledo,Santa Clara University,Computer Engineering,2005
ctalledo,"University of California, Irvine",Computer Engineering,1998
ctc24,Brown University,Computer Science,2015
ctc24,Harvard Business School,Dropped Out,2020
ctc24,Harvard School of Engineering and Applied Sciences,Dropped Out,2020
ctraina,Stanford University,Computer Science,2026
ctriley,Georgia Institute of Technology,Operations Research,2022
ctriley,University of Connecticut,Computer Science And Engineering,2016
ctriley,University of Michigan,Operations Research,2018
ctriolo,Princeton University,Computer Science,2012
cturitzin,Stanford University,Product Design,2006
cuauhtli,Tecnologico de estudios superiores de monterrey,Hardware And Software,2019
cuauhtli,Tecnológico de monterrey campus GDA,Product Development And Manufacturing,2013
cusackw,Brown University,Computer Science,2016
cusackw,The King's College,"Politics, Philosophy, And Economics",2013
cusiri,Trinity Univeristy,Computer Science And Economics,2018
cvander,Istituto Europeo di Design,Design Managment,2007
cvduffy,Massachusetts Institute of Technology,Computer Science And Molecular Biology,2017
cvduffy,Stanford University,Genetics,2019
cweill,Cornell University,40,2012
cweill,Cornell University,Computer Science,2013
cwfparsonson,Imperial College London,Materials Science And Engineering,2018
cwfparsonson,University College London,Machine Learning,2023
cwfparsonson,University of Cambridge,Integrated Photonic And Electronic Systems Engineering,2019
cyang08,Stanford University,"Computer Systems Engineering, Management Science And Engineering",2008
cybergen,Binghamton University,Asian Studies,2006
cybergen,関西外国語大学 / Kansai Gaidai University,International Studies,2005
cydneykim,Princeton University,School Of Public And International Affairs,2017
cyen,Massachusetts Institute of Technology,Computer Science,2009
cyrieu,Yale University,Computer Science,2019
czarlos,Duke University,Computer Science,2015
d-k-p,University of Sussex,Industrial And Product Design,2009
d0lin,Queen's University,Business,2014
d3ce1t,University of Alicante,Computer Science,2015
d8niel,Kauffman Foundation's Fasttrac,Entrepreneurship Business / Entrepreneurship,2008
d8niel,Nassau Community College,Psychology,1997
d8niel,Rock Health,Entrepreneurship/entrepreneurial Studies,2011
d8niel,Stony Brook University,Computer Science,2003
d8niel,Stony Brook University,Computer Science And Psychology,2001
dNovo,Stanford University,Genetics,2015
dNovo,"University of California, Irvine",Developmental Biology,2008
dabaitu,University of Illinois Urbana-Champaign,Electrical Engineering,2010
dabbott,"University of California, Los Angeles",Computer Science,2013
dacostaj,University Of Warwick,Economics,2017
dadiomov,Harvard Business School,General Management,2015
dadiomov,Stanford University,Economics And Earth Systems,2007
daftshady,KAIST,Computer Science,2014
dafzal,University of Florida,Computer Engineering,2009
dagriz,The University of British Columbia,"Engineering Physics, Physics",1977
dagriz,The University of Kansas,Aerospace,1981
dahmakanChris,Technical University Munich,"Management Information Systems, General",2013
dakshgupta,Georgia Institute of Technology,Computer Science,2023
dakshshah96,National Institute of Technology Surat,Computer Engineering,2017
dakshshah96,Y Combinator,W21,2021
damien_henry,Université de Technologie de Compiègne (UTC),Avi,1998
damills62,University of Minnesota,Biochemistry/microbiology,1996
damills62,University of Wisconsin-Madison,Biochemistry,1985
dan-j,The University of Manchester,Computer Science And Mathematics,2012
dan0net,University of Southampton,Computer Science,2017
dan0net,"University of Southampton, UK","Computer Vision, Biometric Identification And Machine Learning",2018
dan_barabander,Colgate University,History And Geography,2013
dan_hong,Yonsei University 연세대학교,Business Administration,2015
dana_lee,Albion College,"English, French",2002
dana_lee,Harvard University Graduate School of Education,Learning And Teaching,2008
dana_lee,Mercer University,English Education,2005
danarlow,Massachusetts Institute of Technology,"Mathematics With Computer Science, Biology",2007
danarlow,"University of California, Berkeley",Biophysics,2018
danbarak,Tel Aviv University,Computer Science And Management,2008
danbarak,"The Wharton School, University of Pennsylvania","Finance, Strategic Management",2011
dancapsule,City University of New York,Business Strategy And Corporate Finance,2016
dancapsule,Institut Supérieur de Gestion,Business Strategy And Management,2016
dancellchorus,Middlebury College,Mathematics,1999
dancellchorus,Tuck School of Business at Dartmouth,General Management,2006
danchi,University of Pittsburgh,Mechanical Engineering,2018
dandevs,University of Michigan,Business Administration,2018
dangelosaurus,Stanford University,Computational And Mathematical Engineering,2016
dangelosaurus,State University of New York at Buffalo,"Electrical Engineering, Computer Engineering",2012
danghoa1,"University of California, Los Angeles",Computer Science,2015
dangoodmanUT,University of Delaware,Computer Engineering,2021
danialhashemi,New York University,Philosophy Politics And Writing,2020
danialhashemi,University of Southern California,Philosophy Politics Economics,2022
daniconejorico,Universidad del Valle de Mexico,Graphic Design,2014
daniel_jones_54,Brown University,Entrepreneurship And Technology Management,2018
danielb14065,Rice University,Biomedical Engineering,2018
danielcavero,San Diego State University,Mechanical Engineering,2016
danielcavero,San Diego State University-California State University,Mechanical Engineering,2016
danielcavero,Y Combinator,W2021,2021
danielfang7,"University of California, Berkeley, Haas School of Business",Business Administration And Finance,2018
danielha,"University of California, Davis","Computer Science, Engineering",2007
danielhanchen,University of New South Wales,Computer Science,2019
danielhanchen,University of New South Wales,Law,2017
danielkluesing,Stanford University,Computer Science,2009
danielkluesing,"University of California, Berkeley",Electrical Engineering And Computer Sciences,2007
danielkwak515,Massachusetts Institute of Technology,Nuclear Engineering,2027
danielkwak515,University of Michigan,Nuclear Engineering,2013
daniellanger,University of Pennsylvania,Computer Science,2015
danielmogilny,University of Toronto,Machine Intelligence,2016
danielpetkevich,Yale University,Physics,2012
danielportela,Massachusetts Institute of Technology,Computer Science And Engineering,2026
danielrhodes,Boston University,Political Science,2006
danilosapad,Art Institute of California - San Francisco,Interactive Media And Web Design,2009
dankasan123,McGill University,Finance,2016
dankasan123,University of Oxford,Public Policy,2021
dankim714,University of Washington,Computer Science,2018
danlenton,Imperial College London,3d Vision For Robotics,2022
danlenton,Imperial College London,Mechanical Engineering,2016
danmaas,Cornell University,Physics And Digital Animation,2001
dannaliu,Carleton University,Computer Science,2022
dannieb,University of Waterloo,Computer Science And Software Engineering,2007
dannycastonguay,McGill University,Electrical And Computer Engineering,2004
dannycastonguay,McGill University,Electrical Engineering,2006
dannyolinsky,Flatiron School,Computer Engineering,2013
dannyolinsky,University of North Carolina at Chapel Hill,Business Administration,2010
dannysu,University of Waterloo,Bachelor Of Applied Science Computer Engineering,2007
dannyv,Penn State University,Finance,2007
danperito,INRIA Grenoble,Computer Science,2011
danperito,Sapienza Università di Roma,Computer And Network Security,2008
danperito,"University of California, Berkeley",Computer Science,2011
danpfi,Western University,Computer Science,2020
danpl,Stevens Institute of Technology,Information Systems,2013
danrosa,Accademia Italiana,International Business,2010
danrosa,American University,International Service,2013
dansun123,Massachusetts Institute of Technology,Mathematics And Computer Science,2022
dantheputzer,City University of New York-Baruch College - Zicklin School of Business,"Business Administration And Management, General",2021
dantheputzer,"Technological High School ""Max Valier""",Electronics And Automation,2017
dantheputzer,Udacity,Artificial Intelligence,2019
dantheputzer,Udacity,Nanodegree: Cloud Devops Engineer,2020
dantheputzer,WU (Wirtschaftsuniversität Wien),International Economics,2021
danwalker,Sheffield University,Computer Software Engineering,1999
dapang,Iolani School,N/a,2015
dapang,"The Wharton School, University of Pennsylvania",Economics,2019
dapookster,Harvard University,Sociology And Computer Science,2017
daredia,University of Pennsylvania,"Finance, Management, Systems Engineering",2006
dariaalgabio,The University of British Columbia,Chemistry,2019
dariaalgabio,"University of California, Berkeley",Chemical Physics,2025
dariaevdo,Harvard College,Computer Science,2013
darinjoel,Georgia Tech,Aerospace,2014
darinjoel,Michigan State University,Mechanical Engineering,2009
darkmirage,Stanford University,Business Administration,2021
darkmirage,Stanford University,Computer Science,2015
darpank,IIT Delhi,Electrical Enginnering,2012
darrambide,Stanford University,Bioengineering,2012
darren-hsu,"University of California, Berkeley",Computer Science,2021
darren-hsu,"University of California, Berkeley",Electrical Engineering And Computer Science,2022
darrenafike,University of Mississippi,Integrated Marketing Communications,2013
dart_cook,"Columbia College, Columbia University",Economics,2012
dartland,Dartmouth College,Biology,2003
darynaop,University of Windsor,"Business Administration, Computer Science",2011
dasickis,Northeastern University,Computer Science,2011
davebryand,Boston College,Business / Computer Science,2000
davecyen,University of Michigan,Economics,2009
davecyen,University of Michigan,Information Science,2011
davej,University College Dublin,Computer Science,2010
daverecycles,Carnegie Mellon University,"Information Systems, Human Computer Interaction",2010
daviaki,Harvard University,Economics,2007
daviaki,University of Cape Town (Graduate School of Business),Inclusive Innovation,2018
daviaki,University of Chicago,Economics,2012
david_l_lin,"California State University, Fullerton",Biology,2014
david_l_lin,"University of California, Davis","Biotechnology, Emphasis In Microbiology",2009
david_l_lin,University of Michigan,Microbiology And Immunology,2018
david_lieb,Princeton University,Electrical Engineering,2003
david_lieb,Stanford University,Machine Learning,2005
david_lieb,The University of Chicago Booth School of Business,General Management,2009
david_t,Boston College,"Computer Science, Economics, French",2010
david_t,Université Paris,"Computer Science, Economics, French",2009
david_t,Université Paris Dauphine,"Computer Science, Economics, French",2008
david_valiu,Escuela Normal Superior Santiago de tunja,Highschool,2013
david_valiu,Universidad Pedagógica y Tecnológica de Colombia,Computer Science,2013
davidaragao,Universidade Federal de Pernambuco,Computer Science,2013
davidbuniat,Princeton University,Computer Science,2021
davidbuniat,University College London,Computer Science,2016
davidcann,Cogswell Polytechnical College,3d Animation And Filmmaking,2002
davidcox143,Texas A&M University,Computer Science,2016
davidcox143,The University of Texas,Computer Science,2021
daviddicko,HEC School of Management / HEC Paris,"Aviation, Aerospace",2013
daviddicko,"Indian Institute of Management, Bangalore",Master Of Business Administration,2012
davideberle,Erasmus University Rotterdam,Business Administration,2010
davideberle,INSEAD,Business Administration,2017
davidfiala,Middle Tennessee State University (MTSU),Computer Science,2010
davidfiala,North Carolina State University,Computer Science,2015
davidhegarty,University College Dublin,Engineering,2000
davidhu2000,University of Pittsburgh,Chemical Engineering,2012
davidlalor,Stanford University,Computer Science And Economics,2023
davidlinjiahao,"University of California, Los Angeles",Philosophy,2022
davidlstanton,The University of Buckingham,Computing,2014
davidlstanton,The University of Edinburgh,Electrical And Electronics Engineering,2012
davidmokos,Czech Technical University in Prague,Artificial Intelligence,2021
davidmokos,RMIT University,Data Science,2019
davidndindi,Stanford University,Chemical And Computational Engineering,2016
davidndindi,Stanford University,Chemical Engineering,2015
davidnordhausen,EBS Universität für Wirtschaft und Recht,General Management,2017
davidnordhausen,University of Southern California,Business,2017
davidolski,Southern Methodist University,"Finance, General",2008
davidpervan,University of Nottingham,3d Printing With Metal Nanoparticles,2019
davidpervan,University of Nottingham,Chemical Engineering With Environmental Engineering,2015
davidpervan,Woehlerschule,Abitur,2010
davidppp,University of Canterbury,"Computer Science, Philosophy, Art History",2002
davidyaha,The IDF School for Computer Professions (Mamram),Software Development,2009
davidyzeng,Stanford University,Electrical Engineering,2020
davidyzeng,University of Illinois Urbana-Champaign,Electrical Engineering,2014
davidz,University of Washington,Computer Engineering,2004
davispalmie,Georgia Institute of Technology,Biomedical Engineering,2022
davispalmie,Georgia Institute of Technology,Computer Science,2025
davissp14,University of Wisconsin - Whitewater,"Management Of Computer Systems, Web Development And Administration",2011
davj,"University of California, Santa Barbara",Economics And Accounting,2009
davlantesc,Massachusetts Institute of Technology,Electrical Engineering And Mechanical Engineering,2015
dawalker,Massachusetts Institute of Technology,Computer Science And Engineering,2024
dawnho,Stanford University,International Relations,2011
dawnho,The University of Hong Kong,Law,2014
dayan,Saint Petersburg State Art-Industrial Academy,"Communication Design, Graphic Design",2014
daytonthorpe,"University of California, Berkeley",Physics,2017
daytonthorpe,University of Southern California,Math And Physics,2011
dayvough,De La Salle University - Manila,Computer Science,2014
dazh,The University of British Columbia,Computer Science,2018
dbirulia,Belarusian State University,Computer Science,2006
dbklein6,Washington University in St. Louis,Economics,2011
dbladow,University of Colorado at Boulder,International Business Management,2007
dcaisen,Stanford University,Mcs,2009
dchanm,"University of California, Berkeley",Computer Science,2007
dchhugani,Bentley University,Economics,2014
dchhugani,London School of Economics and Political Science,Economics,2012
dchu17,Brown University,"Computer Science, Economics",2024
dchu17,University of Oxford,"Philosophy, Politics, And Economics",2023
dconrad,"University of California, Davis",Economics,2002
dconrad,University of Oxford,Complex Systems,2011
dcu,Universidad del Valle (CO),Computer Science,2007
ddematheu,"Pennsylvania State University, Schreyer Honors College",Computer Engineering,2018
ddiinn,PwC,Management Course,2012
ddiinn,Tel Aviv University,Dance Teacher,2012
ddiinn2,The Hebrew Reali School,Computer Science,2008
ddiinn2,University of Haifa,Computer Science,2009
ddispaltro,Oregon State University,Computer Science,2007
ddumik,Southern Federal University (former Rostov State University),"Computer And Information Sciences, General",2008
deakoxp,Johnson & Wales University,Computer Science,2005
deakoxp,Johnson & Wales University,Organizational Leadership,2007
debergalis,Massachusetts Institute of Technology,Electrical Engineering And Computer Science,2000
debussyman,Stanford University,Computer Science,2005
deepakspringy,IIT Delhi,Business Management,2016
deepakt143,"Birla Institute of Technology and Science, Pilani (BITS Pilani)",Computer Science,2015
deepbluedot,Harvard Business School,Business,2021
deepbluedot,Seoul National University,Business,2014
deepmadan,"University of California, Riverside",Computer Science,2014
deepnotderp,"University of California, Berkeley",Computer Science,2021
deeveekashi,New York University,Philosophy,2010
deheller,Massachusetts Institute of Technology,Biological Engineering,2018
dekha,Bandung Institute of Technology,Informatics,2014
delewis,Yale University,History,2007
delmottejy,IAE Nice (Graduate School of Management),Master Of Business Administration,2017
delmottejy,Polytech Nice-Sophia,Computer Science,2016
deltaci,East China University of Science and Technology,Pharmaceutical Engineering,2010
deltaci,Eidgenössische Technische Hochschule Zürich,Bioinformatics,2014
deltaci,Universität  Zürich | University of Zurich,Bioinformatics,2014
demetriusg,Sullivan University,Accounting,2010
demetriusg,University of Louisville,Accounting,2010
demetriusg,University of Louisville,Finance,2009
denismars,Stanford University,Management Science And Engineering,2014
denismars,University of Sydney,Mechanical Engineering,2002
denismars,University of Sydney,Physics,2001
denisvlr,HEC School of Management / HEC Paris,Business,2012
denisvlr,Lycée Pierre de Fermat,Psi*,2009
denisvlr,Télécom Paris,"Computer Science, Computer Graphics, Machine Learning",2012
denizkavi,Stanford University,Computer Science,2023
denizsert,Massachusetts Institute of Technology,Computer Science,2023
denolfe,Y Combinator,Yc S22,2022
deoates,Northeastern University,Computer Science And Philosophy,2016
dereckwpaul,Johns Hopkins University,Biotechnology,2014
dereckwpaul,"University of Maryland, College Park",Biological Sciences: Physiology And Neurobiology,2013
derekchan,The University of Hong Kong,Information Systems,2007
derekchan,The University of Hong Kong,Software Engineering,2008
derekchiang,Cornell University,Computer Science,2016
derekdahmer,University of Pennsylvania,Computer Science,2009
derekherrera,UCLA Anderson School of Management,Entrepreneurship,2015
derekherrera,US Naval Academy,Systems Engineering,2006
dereklow,"University of California, Berkeley",Electrical Engineering And Computer Sciences,2014
derekmetcalf26,Georgia Institute of Technology,Computational Quantum Chemistry,2022
derekmetcalf26,Michigan State University,Chemical Engineering,2018
derekmod,Johns Hopkins University,Applied Mathematics And Statistics,2018
derekwaynehall,Brigham Young University - Hawaii,Business Management/entrepreneurship,2010
deshraj,Georgia Institute of Technology,Machine Learning,2018
desisapna,Harvard T.H. Chan School of Public Health,International Public Health/international Health,2009
desisapna,University of Chicago,"Biological Sciences, Economics",2004
desisapna,University of Chicago,Medicine,2010
deskfolio,Universidad Nacional de La Plata,"Artes Plásticas, General",2005
desmetben,KU Leuven,Commercial Engineering,2018
desmetben,KU Leuven,Medicine,2014
desmetben,London School of Economics and Political Science,"Bargaining And Negotiation: Interests, Information, Strategy And Power",2016
desmetben,"The Wharton School, University of Pennsylvania",Finance,2017
detente18,Georgia Institute of Technology,Computer Science,2021
devangvshah,University of Pennsylvania,Computer And Telecommunications Engineering,2004
devgod,Obafemi Awolowo University,Bachelor Of Science,2018
devongall,University of Waterloo,"Systems Design Engineering, Option In Management Sciences",2010
devonkcc,University of Waterloo,Mechatronics Engineering,2019
devyesh_tandon,IIT Bombay,Aerospace Engineering,2017
dewaart,Harvard University,Economics And Computer Science,2019
deyangz,Carnegie Mellon University,Robotics,2013
deyangz,Tsinghua University,Mechanical Engineering,2011
dfeehrer,"Fachhochschule Konstanz - Hochschule für Technik, Wirtschaft und Gestaltung",German,2016
dfeehrer,Worcester Polytechnic Institute,Computer Science,2018
dfguo,The Chinese University of Hong Kong,Computer Science,2011
dfguo,University of Illinois Urbana-Champaign,Computer Science,2010
dfilion08,New York University,Computer Science,2012
dfinch,Brown University,"Computer Science, Mathematics",2013
dflantz93,William & Mary,Computer Science,2016
dfrappier,"University of California, Berkeley",Social Welfare,1993
dfrappier,"University of California, Hastings College of the Law",Law,1996
dfuego,La Salle BCN,Project Management,2009
dfuego,Stanford University,Global Entrepreneurship Program,2013
dfuego,Universidad Nacional de Tucumán,Business Management,2006
dggarcia,Pontificia Universidad Católica de Chile,Industrial Engineering,2014
dghoshnc,Indian Institute of Science (IISc),Electrical Engineering,1992
dghoshnc,North Carolina State University,Computer Engineering,2000
dgobaud,Harvard Law School,Law,2015
dgobaud,Queen's University Belfast,Corporate Governance,2012
dgobaud,Stanford University,Computer Science,2010
dgoerz,Stanford University,Operations Research Engineering,1990
dgoerz,"University of California, Los Angeles",Applied Mathematics,1986
dgoncharov,British Columbia Institute of Technology,Computer Systems Technology,2015
dgraunke,Seattle University,Humanities,2010
dgreenf,Harvard University,Chemistry And Physics,2002
dgreenf,"University of California, Berkeley",Biophysics,2009
dgreensp,Massachusetts Institute of Technology,Computer Science And Engineering,2007
dgrossman314,Brown University,Applied Mathematics,2024
dgurson,Y Combinator,Founder,2014
dhachuel,Cornell University,Computer And Information Science,2019
dhachuel,Harvard T.H. Chan School of Public Health,Epidemiology,2021
dhachuel,New York University,Mathematics,2014
dhachuel,Technion - Israel Institute of Technology,Computer And Information Science,2019
dhand,University of Southern California,Electrical Engineering,2018
dhavalg,Stanford University,Computer Science,2018
dhouston,Massachusetts Institute of Technology,Computer Science,2006
dhruhin,"University of California, San Diego",Computer Science,2017
dhruv4912,Harvard University,Computer Science,2020
dhruv4912,Harvard University,Computer Science And Government,2016
dhruv_m,Stanford University,Physics,2021
dhruvg9,University of Michigan,Computer Science Engineering,2003
dhruvkaran,National Institute of Technology Tiruchirappalli,Computer Science And Engineering,2008
dhunter,Humboldt State University,Chemistry,2008
dhunter,Humboldt State University,Entrepreneurial And Small Business Operations,2010
dhwroos,KTH Royal Institute of Technology,Engineering Physics,2000
dianwen,Duke University,Electrical And Computer Engineering,2017
diazailan,Universidad Empresarial Siglo 21,Business Administration,2013
diazailan,University of Virginia,Digital Product Management Specialization,2020
dickfickling,Northeastern University,Computer Science,2013
diedrikv,"Ghent University, Belgium",Photonics,2012
diegobanovaz,Università degli Studi di Trieste,Computer Engineering,2011
diegobanovaz,Università degli Studi di Trieste,Computer Science,2008
diegobaugh,Stanford University,Computer Science,2021
diegoesc,Massachussets Institute of Technology,Computer Science,2022
diegofischer,Escola Politécnica da Universidade de São Paulo,Electrical Engineering,2006
diegofischer,MIT Sloan School of Management,General Management,2013
diegorey,Cornell University,Biomedical Engineering,2010
diegorey,"University of California, Santa Barbara",Electrical Engineering,2004
diegorojas,Universidad Nacional del Centro de la Provincia de Buenos Aires,Computer Science,2011
digi_till,Baden-Wuerttemberg Cooperative State University (DHBW),"Business, Digital Finance",2020
digi_till,Ludwig Maximilian University of Munich,Management And Digital Technologies,2023
digiace,Pan-Atlantic University,Media And Communication,2009
digiace,University of Lagos,Mechanical Engineering,2006
digitaltrees,Duke University School of Law,Law,2009
digitaltrees,University of Central Florida,Philosophy,2005
dilanj,Massachusetts Institute of Technology,Computer Science,2006
dilip09,VIT University,Computer Science,2015
dilloncarns,Appalachian State University,Computer Science,2019
dillonnys,Arizona State University,Environmental Engineering,2019
dillonnys,Arizona State University,Interdisciplinary Studies,2017
dilyevsky,St. Petersburg State University,Applied Math / Computer Science,2009
dimeji,"Queen Mary, U. of London",Banking And Finance Law,2014
dimitriko,Lomonosov Moscow State University (MSU),Math And Computer Science,2004
dimitriko,School 865,Mathematics,1999
dinesh2609,IIT Roorkee,Biotechnology,2012
dineshgadge,IIT Bombay,Computer Science And Engineering,2007
dineshgadge,"Indian Institute of Management, Bangalore",Strategy,2012
dingliqing53,Harvard University,Applied Mathematics,2015
dinkman,California Polytechnic State University,Computer Engineering,2006
dinm,KAIST(Korea Advanced Institute of Science and Technology),Electrical Engineering And Computer Science,2022
dinodicarlo,UC Berkeley and UCSF,Bioengineering,2006
dinodicarlo,"University of California, Berkeley",Bioengineering,2002
dipeshmittal,IIT Delhi,Electrical Engineering,2012
dipeshmittal,St. Xavier's School - New Delhi,Medical Sciences,2008
diqi,Princeton University,Computer Science,2018
dirtae,Case Western Reserve University,Computer Science,2005
ditokrista,Bandung Institute of Technology,Chemical Engineering,2013
ditokrista,INSEAD,Business Administration,2018
divji18,IIT Roorkee,Biotechnology,2011
divya,Massachusetts Institute of Technology,"Math W/ Computer Science, Management Science",2002
divya,University of Washington,Genome Sciences,2008
divyagnan,University of North Florida,Philosophy,2015
divyanshudamani,"St. Xavier's College, Kolkata",Business,2017
djain_redcliffe,Cass Business School,"Economics, Finance, Business, Strategy",2008
djamo,EADA BArcelona,Business,2011
djbauer,Maastricht University School of Business and Economics,International Business,2014
djchoi,University of Waterloo,"Mechatronics, Robotics, And Automation Engineering",2016
djyoesep,Northwestern University,Biotechnology,2019
djyoesep,University of Southern California,Neuroscience,2015
dkang009,University of Chicago,Mathematics And Economics,2014
dkash,Stanford University Graduate School of Business,Business,2005
dkash,"The Wharton School, University of Pennsylvania",Economics Business,1999
dkildishev,Y Combinator,Winter 2020,2020
dkimerling,The University of Chicago Booth School of Business,Booth Scholar,2010
dkimerling,University of Chicago,"Analytic Finance, Accounting, Economics, And Strategy",2009
dkimerling,University of Chicago,International Relations,2008
dkirtley,University of Michigan,Aerospace Engineering,2008
dkirtley,University of Michigan,Nuclear Engineering,2005
dkjonzy,Brigham Young University,Computer Science,2024
dklebe,ETH Zurich,Computer Science,2023
dkobran,University of Michigan,Architecture,2014
dlau,Stanford University,Computer Science,2010
dlevine,Massachusetts Institute of Technology,Bioengineering,2009
dlevine,Massachusetts Institute of Technology,"Cognitive Science, Extensive Coursework In Computer Science",2002
dliao,"Institute of Computing Technology, Chinese Academy of Science","Computer Science, Artificial Intelligence",1996
dliao,Massachusetts Institute of Technology,Nuclear Engineering,2001
dliao,University of Science and Technology of China,"Computer Science, Special Class For Gifted Young",1995
dliao,Yucai,Class For Gifted Young,1990
dmarcos,National School of Computer Science and Applied Mathematics of Grenoble,Graphics,2006
dmarcos,Université Joseph Fourier (Grenoble I),Master Of Science,2008
dmayman,University of Technology Sydney,Finance,1987
dmc1228,University of Oxford,"Philosophy, Politics And Economics, Rhodes Scholarship",2015
dmc1228,Yale University,Economics,2013
dmillard10,The University of Georgia,Mathematics And Computer Science,2014
dmillard10,University of Southern California,Computer Science,2023
dmitry_lyfar,Omsk State Transport University (OSTU),Electromechanical Engineering,2008
dmitry_lyfar,Omsk State University (OSU),Omsk,2012
dmitrystar,Tomsk State University,Technical Physics,2007
dmmalam,Imperial College London,Computing,2006
dmohs,University of Idaho,Computer Science,2004
dmohs,Washington State University,Computer Science,2002
dmoldavskaya,Cornell Tech,Computer Science,2018
dmoldavskaya,Cornell University,Industrial And Labor Relations,2012
dmolot,"University of Maryland, College Park",Marketing And Information Systems,2019
dmundhra1992,IIT Kharagpur,Mathematics And Computing,2014
dmungai,Kenyatta university,Computer Science,2018
dmvaldman,New York University,Mathematics,2005
dmvaldman,"University of California, Santa Barbara",Applied Mathematics,2012
dna4cy,Iowa State University,Microbiology,2013
dna4cy,Iowa State University,"Molecular, Cellular, And Developmental Biology",2018
dnarvaez27,Universidad de Los Andes,Engineering,2021
dnedohin,University of Manitoba,Civil Engineering,2006
dnlkwk,Massachusetts Institute of Technology,Nuclear Engineering,2027
dnlkwk,University of Michigan,Nuclear Engineering,2013
dogan,Bilkent University,Computer Science,2009
dogan,Bilkent Üniversitesi,Computer Science And Engineering,2008
dolftax,"Shanmugha Arts, Science, Technology & Reserch Academy (SASTRA), Thanjavur",Information And Communication Technology,2015
dom_opencredit,Yale University,Physics,2013
dominiccrosbyGT,Cardiff University / Prifysgol Caerdydd,Mechanical Engineering,2010
dominichaul,University of Applied Sciences Munich,Physics,2010
dominik15,Center for Digital Technology and Management,Technology Management,2022
dominik15,Stanford University,Data Science,2024
dominik15,Technical University of Munich,Information Systems,2021
dominik15,"University of California, San Diego",Data Science,2019
donatnode,Miami University,History,1988
donatnode,William & Mary Law School,Law,1994
dongle,Dartmouth College,Ancient History/classics,2007
dongle,Parsons School of Design,Design And Technology,2017
donjh,University of Illinois Urbana-Champaign,Computer Engineering,2013
donpansacola,Simon Fraser University,Interactive Arts And Technology,2010
donpinkus,Vassar College,"Economics, Math, Biology",2010
dontmitch,Northwestern University,"Mechanical Engineering, Economics",2011
dontmitch,University of Melbourne,"Mechanical Engineering, Economics",2009
dori23,Sewanee-The University of the South,Economics,2016
dori23,"University of California, Santa Barbara",Economics,2017
doron2402,Shenkar College of Engineering and Design,Engineering And Management,2012
dorus,Delft University of Technology,Industrial Design Engineering,2015
dorus,Delft University of Technology,Strategic Product Design,2018
dossa,Massachusetts Institute of Technology,Computer Science,2010
dossa,Massachusetts Institute of Technology,Computer Science And Electrical Engineering,2008
dossa,Massachusetts Institute of Technology,Sustainable Development,2013
dotc1,IIT Madras,Metallurgical And Materials Engineering,2017
dott4,City College of San Francisco,"Android, Java And Ios Development",2014
dott4,University of Colorado at Boulder,Accounting,2009
dott4,University of New Haven,Data Science,2016
doubledutchlabs,Georgetown University,Government,2012
doug_neumann,Davidson College,Physics,1996
doug_neumann,Washington University in St. Louis,Computer Science,1998
douglaspaul,University of Surrey,Technology Entrepreneurship,2011
dpgol88,IIT Kharagpur,Mechanical Engineering,2012
dpgol88,"Indian School of Management, Calcutta",Management,2014
dpryan,Boston University,Electrical Engineering,2010
drab,Lycée Kléber,Classes Préparatoires,2006
drab,SUPAERO,Aeronautical Engineer,2010
drab,Universidad Politécnica de Madrid,"Aerospace Engineering: Flight Mechanics, Helicopters, Propulsion",2010
drabie,London School of Economics and Political Science,Economics,2007
drabie,Universidad Antonio de Nebrija,"Business, Spanish",2009
drabie,"University of California, Santa Barbara",History,2009
drabie,University of Chicago,"Entrepreneurship, Strategy, Marketing",2015
dreche,ICEX-CECO (Dirección Ejecutiva de Formación de ICEX España Exportación e Inversiones),International E,2017
dreche,La Salle (Ramon Llull University),Computer Science,2009
drew,Franklin W. Olin College of Engineering,Electrical And Computer Engineering,2006
drew,Massachusetts Institute of Technology,Media Arts And Sciences,2012
drewag,Rensselaer Polytechnic Institute,Computer And Systems Engineering,2009
drewhendricks,McGill University,Anatomy And Cell Biology,2018
drewhendricks,Rice University,Bioengineering,2019
drewhendricks,Texas A&M University,Biomedical Engineering,2021
drflash,"College of Medicine, Unilag",Medicine,2016
drflash,Jireh Computer Institute,Computer Hardware Engineering,2006
drflash,Ladoke Akintola University of Technology,Human Anatomy,2010
drichardson1976,Queen's University,Electrical,1999
drichardson1976,"University of California, Berkeley","Business Administration And Management, General",2007
drm237,Penn State University,Information Sciences And Technology,2006
drolnitzky,"University of California, Berkeley",Human,2011
drpp,Brandeis University,"Physics, Math, English",2003
drpp,"University of California, San Francisco",Biophysics,2010
drpp,University of Cambridge,European Literature,2004
drshkreli,Massachusetts Institute of Technology,Computer Science,2021
drupeek,University of Toronto at Scarborough,Strategic Management,2006
drusenko,Penn State University,Information Sciences And Technology,2007
drvanleeuwen,University of San Francisco,Business Administration,2005
dsacellarius,King's College London,Applied Machine Learning And Neuroscience,2019
dsacellarius,University of Patras,Artificial Intelligence,2013
dsacellarius,University of Patras,Physics,2010
dschairer32,Arizona State University,Business,2013
dschairer32,University of Iowa,Communication Studies,2007
dschneider17,Dartmouth College,Human Centered Design,2021
dschofie,University Of Maryland,Computer Engineering,2018
dsharma7,Stanford University,Computer Science,2021
dsil,Carnegie Mellon University,"Mathematics, Computer Science",2001
dsinghvi,University of Michigan,Computer Science,2017
dstavisky,"Institute of Geography, Academy of Sciences, Moscow",Geophysics And Numerical Climate Modeling,1990
dstorgaard,DTU - Technical University of Denmark,Biotechnology,2021
dstorgaard,Mercantec Viborg,Industrial Electronics Technology/technician,2013
dsuchr39,University of Oxford,Applied Statistics,2012
dsuchr39,University of Oxford,Biology And Statistics,2010
dsugarman,State University of New York at Stony Brook,Computer Science,2015
dsugarman,"University of Maryland, College Park",Bachelor Of Science Computer Science And Mathematics,2010
dswigh,Imperial College London,Chemical Engineering,2019
dswigh,University of Cambridge,Chemical Engineering,2024
dsynmunky,Antelope Valley College,Focused Study On Fine Art And General Education,1998
dsynmunky,Art Center College of Design,Industrial And Product Design,2002
dterrones,Stanford University,Computer Science,2020
dtft,University of Southern California,Physics,2015
dtran,Stanford University,Computer Science,2010
dtulman,Tulane University,Bioinnovation,2018
dtw,Carnegie Mellon University,Human,2009
dtw,Technische Universität Darmstadt,Computer Science,2008
dtw,Universidade da Madeira,Human,2009
dtw,University of Cambridge,Computer Science,2014
dubeysuchit,Georgia Institute of Technology (Atlanta),Human Computer Interaction,2012
dubeysuchit,"Indian Institute of Technology, Guwahati",Design,2009
ductoanle,National University of Singapore,Computer Engineering,2006
duskokelez,University of the Pacific,Economics,2008
dvdsgl,University of Pennsylvania,Computer Science Engineering,2008
dvdt,Princeton University,"Physics, Biophysics, Engineering And Management Systems",2011
dvdt,Rice University,Bioengineering And Biomedical Engineering,2017
dvlasits,University of Cambridge,Computer Science,2024
dweinberg305,Massachusetts Institute of Technology,Biology,2013
dweinberg305,Yale University,Molecular Biophysics And Biochemistry,2007
dwen,University of Southern California,"Finance, General",2009
dwhensley,The University of Texas at Austin,Biomedical Engineering,2010
dwhensley,"University of California, Berkeley",Bioengineering,2017
dwhensley,"University of California, San Francisco",Bioengineering,2017
dwiner,Brown Univeristy,Applied Math,2013
dwiner,"University of California, Berkeley",Electrical Engineering And Computer Science,2017
dwshorowitz,IMG Leadbetter Golf Academy,Competitive Golf,2007
dwshorowitz,"University of Maryland, College Park",Bachelor Of Science Finance,2011
dwurtz,Franklin W. Olin College of Engineering,Bioengineering,2007
dwwoelfel,Texas A&M University,Mathematics,2010
dxiao,Harvard University,Computer Science,2003
dxiao,Paris 6,Mathematics,2004
dxiao,Princeton University,Computer Science,2009
dy,Fullstack Academy,Computer Science,2012
dy,University of Illinois Urbana-Champaign,"Electrical Engineering, Computer Science",2004
dyanisse,EPFL,Microengineering,2011
dyanisse,Ecole polytechnique fédérale de Lausanne,Microtechnique,2010
dyim,Massachusetts Institute of Technology,Computer Science,2013
dylanallen,Brigham Young University,Computer Science,2024
dylmcfar,NYU Stern,Business,2024
dzung167,Amherst College,Economics,2008
eallam,Florida State University,Information Technology,2006
eambutu,Carnegie Mellon University,"Computer Science, Math",2019
eambutu,Carnegie Mellon University,School Of Computer Science,2018
eba7keb,Gallaudet University,Clinical Psychology,2011
eba7keb,University of Virginia,Psychology,2004
ebarhydt,Harvard University,Government / Economics,2014
eblondeel,University of Waterloo,Chemical Engineering,2018
eborgnia,California Institute of Technology,Mathematics,2019
eborgnia,University of Chicago,Computer Science,2027
ebrescia,University of Southern California,Finance,2003
ebucai,Universidad Católica de Córdoba,Contador Público,2013
ebucai,Universidad Católica de Córdoba,Licenciado En Administración De Empresas,2012
ebucai,Y Combinator,Winter Batch 2022,2022
ecandela,Imperial College London,Ai Safety For Autonomous Vehicles,2023
ecandela,Instituto Tecnologico Autonomo de Mexico (ITAM),Industrial Engineering,2015
ecandela,Massachusetts Institute of Technology,Operations Research,2017
echamussy,Oakland University,Electrical Engineering,2006
echisom1,"University of Maryland, Baltimore County",Political Science And Government,2013
echu87,Carleton University,Computer Science,2023
echu87,University of Waterloo,Computer Engineering,2021
ecksor,"University of California, Los Angeles",Computer Science And Engineering,2003
ecmax,Babson College,Business Administration,2008
ecmax,"Universidad Iberoamericana, Ciudad de México",Corporate Law,2000
econti,Massachusetts Institute of Technology,Quant Finance,2013
econti,Rutgers University,"Math, Computer Science",2012
edamato,Massachusetts Institute of Technology,Computer Science And Molecular Biology,2018
edance,University of Michigan,Computer Science Engineering,2013
edawerd,Stanford University,Electrical Engineering,2006
edclayton,University of Cambridge,Computer Science,2004
eddiewu80,Salve Regina University,Information Systems Science,2006
eddylu,"University of California, Berkeley",Computer Science,2003
eddyp,Obafemi Awolowo University,Computer Engineering,2008
eddyright,Peking University,Advertising,2010
ederecheverria,CENTRO DE ESTUDIOS EN CIENCIAS DE LA COMUNICACION - CECC,Marketing,2010
ederecheverria,"IE business school, Madrid",Programa Europeo De Gestion Empresarial,2010
edgahan,"University of California, Santa Barbara",Biochemistry,2007
edgoode,Vanderbilt University,Computer Science,2018
ediep,University of Waterloo,Mathematics,2005
edithaelliott,Stanford University,International Policy Studies And Global Health,2012
edithaelliott,Tufts University,International Relations,2006
edkearney1,Lloyd's Maritime Academy,Naval Architecture And Marine Engineering,2019
edkearney1,University of New South Wales,Civil Engineering,2010
edkearney1,University of New South Wales,Coastal Engineering,2013
edmack,University of Cambridge,Computer Science,2009
edmack,University of Oxford,"Mathematics, The Foundations Of Computer Science",2011
edouard-harris,University of Ottawa,Physics,2010
edouard-harris,University of Toronto,Physics,2016
edreichua,Dartmouth College,Physics And Computer Science,2017
edrenova,The University of Chicago Booth School of Business,"Finance, Enterpreneurship",2020
edrenova,University of Massachusetts Amherst,Cell And Molecular Biology,2013
edriavw,Bandung Institute of Technology,Computer Science,2011
edrizio,City University of New York,Computer Science,2006
edrizio,"The Wharton School, University of Pennsylvania",Entrepreneurial Management,2011
eduardorp,ESCP Europe,Mba,2013
eduardorp,Universidad de Los Andes,Industrial Engineer,2008
edublancas,Columbia University,Data Science,2018
edublancas,INSTITUTO TECNOLÓGICO Y DE ESTUDIOS SUPERIORES DE MONTERREY (ITESM),Mechatronics Engineering,2015
edufaraday,Stanford University Graduate School of Business,Startups,2019
edufaraday,"University of California, Berkeley",Founder Alumni,2019
edulpatel,IIT Bombay,Materials Science,2011
edustack,Indian Institute of Technology,Mining Engineering,2003
edustack,UCLA Anderson School of Management,General Managment,2024
edvinfernqvist,KTH Royal Institute of Technology,Engineering/industrial Management,2021
edward_tan,Brown University,Computer Science,2023
edward_tan,University of Washington,Computer Science,2021
edwardschembor,Johns Hopkins University,Computer Science,2016
edwardzmh96,The University of British Columbia,Computer Science,2018
edwinolson,Massachusetts Institute of Technology,Electrical Engineering And Computer Science,2008
eeallen1,University of Mississippi,Computer Science,2017
eeeugin,"Universidad Iberoamericana, Ciudad de México","Mechatronics, Robotics, And Automation Engineering",2019
eeshan_sharma,National Institute of Technology Trichy,Mechanical Engineering,2022
efarrar1,Hull York Medical School,Medicine,2015
effyyzhang,Fullstack Academy,Computer Software Engineering,2019
effyyzhang,School of Visual Arts,Interaction Design,2015
efg,Princeton University,"Mechanical Engineering, Computer Science, Robotics And Intelligent Systems",2011
egaldv,Tel Aviv University,Computer Science,2008
egbolade,"Pan-Atlantic University, EDC",Enterprise Development,2018
egrigokhan,Bilkent University,Electrical And Electronics Engineering,2020
egrigokhan,Harvard University,Computer Science,2024
egrigokhan,National University of Singapore,Electrical And Computer Engineering,2018
ehairston,Yale University,Computer Science And African American Studies,2018
ehe3,Princeton University,Computer Science,2018
ehewage,University of Cambridge,Engineering,2011
ehliu,Massachusetts Institute of Technology,Aerospace Engineering,2014
ehliu,Massachusetts Institute of Technology,Mathematics,2008
ehsankam,University of Toronto,Applied Mathematics,2012
ehsmeng,University of Gothenburg,Computer Science,1999
ehudh,Carnegie Mellon University,Electrical And Computer Engineering,2007
ei8htyfi5e,James Madison University,Geographic Science,2009
ei8htyfi5e,Massachusetts Institute of Technology,Media Arts And Sciences,2013
eilaml,"University of California, Berkeley",Electrical Engineering And Computer Sciences,2018
einapuri,University of Pennsylvania,Bioengineering,2019
eitanfr,The Open University of Israel,Cognitive Science,2020
ejpark,"University of California, Berkeley",Business Administration,1999
ejs7wc,Missouri University of Science and Technology,Electrical And Electronics Engineering,2010
ejs7wc,"University of California, Los Angeles",Electrical And Electronics Engineering,2018
ejz,"University of California, Berkeley",Law,2020
ejz,University of Chicago,Economics,2016
ekduman,Duke Kunshan University,Global Health,2022
ekduman,Duke University,Interdisciplinary Studies,2022
ekduman,University of Oxford,Medical Anthropology,2023
ekduman,University of Oxford,Translational Health Sciences,2024
ekeekaran_1,IIT Delhi,Computer Science,2016
eksmith,Oklahoma Wesleyan University,"Communications Communication, General",2011
el_al,Chalmers University of Technology,Computer Science And Engineering,2027
el_al,NTI Gymnasiet Johanneberg,Engineering,2022
elabarthe,Ecole polytechnique,Machine Learning,2022
elabarthe,Ecole polytechnique fédérale de Lausanne,Mechanical Engineering,2020
elabarthe,University of Oxford,Engineering Science,2020
eladsp,The Hebrew University of Jerusalem,Finance And Banking,2019
eladsp,The Hebrew University of Jerusalem,Law School,2018
eldrick,Stanford University,Electrical Engineering,2022
elenasamuylova,CEMS,International Management,2012
elenasamuylova,Corvinus University of Budapest,International Business,2012
elenasamuylova,ESADE Business School,International Business,2012
elenasamuylova,Saint Petersburg State University,Economics,2010
elenasamuylova,Saint Petersburg State University,International Business,2012
elfred,Universidad de Puerto Rico,Computer Engineering,2004
elgenio117,Sri Siddharta Institute of Technology,Electronics And Communication,2012
elham,University of Michigan,Computer Engineering,2024
elicodan,The Hebrew University,Computer Science,1998
elijahbenizzy,Brown University,Applied Mathematics,2014
elirankuta,College of Management,Computer Science,2014
elirankuta,Ort Hermelin,Computer Software Engineering,2005
elirankuta,Ort yad Leibovich,Computer Software Engineering,2004
elit,Brigham Young University,Electrical Engineering,2003
elizabethiorns,"The Institute of Cancer Research, U. of London",Cancer Biology,2007
elizabethiorns,University of Auckland,Biomedical Science,2002
elizabethsdavis,Stanford University,Computer Science,2017
ellenfkh,Harvey Mudd College,Computer Science,2015
elliot42,"University of California, Berkeley",Sociology,2008
elliot42,University of Washington,Computing And Software Systems,2012
ellsonchen1234,"University of California, San Diego",Computer Science,2017
elninosanz,Obafemi Awolowo University,Economics,2007
elsadany22,Carnegie Mellon University,Computer Science,2016
eltneg,Obafemi Awolowo University,Mechanical Engineering,2015
eltneg,freeCodeCamp,Computer Software Engineering,2018
eltonlossner,Harvard University,Electrical Engineering,2019
elyall,"University of California, Berkeley",Bioengineering,2012
elyall,"University of California, Berkeley",Biophysics,2018
emaciolek,University of Wisconsin - Madison,Mechanical Engineer,2018
embonilla,University of Michigan College of Engineering,Aerospace Engineering,2023
emekaokwuagwu,Northumbria University,Business Information Systems Management,2013
emekaokwuagwu,University of Lagos,Computer Science,2005
emelidral,Peoples’ Friendship University of Russia,Applied Mathematics And Informatics,2013
emelidral,Yandex School of Data Analysis,Computer Science,2012
emgeee,Virginia Tech,Electrical Engineering,2012
emibob,Boston University,"Art History, Spanish",2007
emibob,New York University,Computer Science,2016
emibob,The American University of Paris,Art History,2008
emibob,The George Washington University,Art History And Dance,2009
emielvl,Utrecht University,Computer Science,2006
emielvl,Y Combinator,S21,2021
emilfroberg,KTH Royal Institute of Technology,Industrial Engineering / Machine Learning,2020
emilfroberg,KTH Royal Institute of Technology,Industrial Engineering And Computer Science,2018
emilfroberg,National University of Singapore,Computer Science,2018
emiliebuckley,Georgetown University,Sociology,2004
emilpitkin,Harvard University,Mathematics,2009
emilpitkin,University of Pennsylvania,Statistics,2014
emilsjolander,Umeå University,Interaction Design,2015
emilycg,Dartmouth College,Computer Science,2017
emilypyqai,Harvey Mudd College,"Computer Science, French",2018
eminto,Rensselaer Polytechnic Institute,Bs,2013
emiratli,Williams College,Computer Science And Economics,2023
emlieber,"University of California, Berkeley",Economics,2009
emmabitz2020,Copenhagen Business School,Bachelor Of Science,2018
emmabitz2020,Copenhagen Business School,Master Of Science,2023
emmandev,University of Waterloo,Electrical And Electronics Engineering,2012
emmanuelbuah,Lawrence University,Cs And Mathematics,2004
emmanueloquendo,University of Puerto Rico,Mechanical Engineering,2017
emmettmiller,University of Southern California,Computer Science And Business Administration,2021
emmiechang,Rice University,Electrical Engineering,2002
emmiechang,The University of Texas at Austin,Business,2006
emotenow,"University of California, San Diego",Biochemistry And Cell Biology,2009
emotu,University of Lagos,Computer Engineering,2007
emreas,Ohio Wesleyan University,Economics And Management,2007
emreas,Stanford University,Business,2009
emregucerr,Northwestern University,Computer Science,2026
emucasey,Lehigh University,Mechanical Engineering,2013
emyanghas,Washington University in St. Louis,"Computer Science, International Area Studies",2009
enanale,California Institute of Technology,Applied Physics,1990
enassiam,American University of Cairo,Economics,2010
enelu1,Ecole polytechnique fédérale de Lausanne,Mechanical Engineering,2020
eng101,Massachusetts Institute of Technology,Electrical Engineering And Computer Science,2009
engomez,Massachusetts Institute of Technology,"Business Analytics, Computer Science",2019
enijoshua,"Hochschule Heilbronn - Hochschule für Technik, Wirtschaft und Informatik",Software Engineering And Management,2019
enijoshua,Obafemi Awolowo University,Chemical Engineering,2013
enlaU,University of the Andes,Economics,2016
enra,University of Vaasa,School Of Economics,2008
enra,Y Combinator,Startups,2013
enrique-ferrao,Manipal Institute of Technology,Mechatronics Engineering,2022
enzini,Pontificia Universidad Catolica de Chile,Computer Science,2021
enzoavigo,ESCP Europe,Management,2016
enzoavigo,Université Paris 1 Panthéon-Sorbonne,Economics And Management,2010
enzoavigo,Université Paris Dauphine,Finance,2011
enzoavigo,Université Paris Dauphine,Management,2012
enzobiancato,Universidad Tecnológica Nacional,Ingeniería De Sistemas,2016
eob,Massachusetts Institute of Technology,Computer Science,2014
eob,University of Virginia,Computer Science,2005
eobropta,Massachusetts Institute of Technology,Aeronautics And Astronautics,2015
eobropta,Massachusetts Institute of Technology,Aerospace Engineering,2013
eoghan-tendev,University of Limerick,Electronic And Computer Engineering,2019
eoinw-tendev,University of Limerick,Applied Deep Learning,2023
eoinw-tendev,University of Limerick,Applied Physics,2019
eoo_owid,University of Oxford,Economics,2014
eportet,Boston University,Computer Engineering,2018
eprom,Carnegie Mellon University,"Electrical And Computer Engineering, Computer Science",2012
eradjei1,Southern Methodist University,Accounting,2013
eradjei1,The University of Texas at Dallas,Accounting,2010
eramismus,Aalto University,"Energy Technology For Communities And Energy Economics, Advanced Energy Systems",2016
eramismus,Aalto University,"Major: Energy Technology, Minor: Extended Mathematics",2014
eramismus,Loughborough University,Architectural And Building Sciences/technology,2021
eramismus,Loughborough University,Energy Demand Studies,2018
eramismus,Luostarivuoren lukio,Eximia Cum Laude Approbatur,2010
eramismus,University of Wisconsin-Madison,Energy Technology And Economics,2015
erea77,Brigham Young University Marriott School of Business,Information Systems,2012
ereza90,Massachusetts Institute of Technology,Mechanical Engineering And Entrepreneurship,2013
ericadu,Massachusetts Institute of Technology,Computer Science,2015
ericchen08,"University of California, Davis",Computer Science,2011
ericciarla,University of New Hampshire,Economics And Philosophy,2022
ericd,Massachusetts Institute of Technology,"Computer Science, Engineering",2007
ericflo,Iowa State University,Computer Science,2008
ericisaiah,Goucher College,Computer Science,2008
ericklee500,Mississippi State University,Electrical Engineering,2000
ericlafleche,Daniel Webster College,Management Information Systems,2011
ericlucb1,Stanford University Graduate School of Business,"Business Administration And Management, General",2020
ericlucb1,"University of California, Berkeley",Business Administration,2013
ericmills2,University of Illinois Urbana-Champaign,Computer Science,2014
ericyanez1,Collective Academy,Entrepreneurship And Technology,2021
ericyanez1,Universidad Panamericana,Business And Finance,2021
ericz,University Of California,"Electrical Engineering, Computer Science",2013
eries,Yale University,Computer Science,2000
erik_goldman,Stanford University,Computer Science,2010
erik_landerholm,Oregon State University,Computer Engineering,2000
erikduhaime,Brown University,"Economics, Human Biology",2010
erikduhaime,MIT Sloan School of Management,Work And Organization Studies,2018
erikduhaime,University of Cambridge,Human Evolution,2011
erikziegler,Hasso Plattner Institute,It-systems Engineering,2021
erikziegler,Hasso Plattner Institute,It-systems-engineering,2019
erlenstar,UC Santa Cruz,Organic Farming,2011
ernestipark,Massachusetts Institute of Technology,Computer Science,2012
erohead,Delft University of Technology,Mobile Product Design,2008
erohead,University of Waterloo,Systems Design Engineering,2009
eroms,Chartered Institute of Arbitrators,Arbitration/law,2007
eroms,The Nigerian Law School,Law,2006
eroms,The University of Manchester,Financial Law,2009
eroms,University of Ibadan,Law,2004
eroshenko,Harvard University,Bioengineering,2014
eroshenko,Virginia Commonwealth University,Biomedical Engineering,2008
ersatz_username,Baylor University,Physics,2013
ersatz_username,Drexel University,Physics,2013
erschuur,"University of California, Los Angeles",Biology,1981
erschuur,"University of California, Los Angeles",Experimental Pathology,1991
escheiner,NYU Tandon School of Engineering,Computer Science,2021
eschluntz,Harvard University,Electrical Engineering,2015
eseidel,Lawrence University,Mathematics,2003
eserra,Politecnico di Torino,Software Engineering,2006
esha_manideep,IIT Kharagpur,Computer Science,2023
eshanagarwal,Columbia University,Computer Science,2018
esilverman,Santa Clara University,Computer Engineering,2010
esmyth4,Duke University,Mechanical Engineering,2020
esoliman,Harvard University,Electrical Engineering And Computer Science,2012
esoliman,University of Oxford,Biomedical Engineering,2017
esonnier,Harvard Business School,"Business Administration And Management, General",2014
esonnier,The University of Texas at Austin - Red McCombs School of Business,Marketing,2008
especht428,Johns Hopkins University,Chemical And Biomolecular Engineering,2009
especht428,"University of California, San Diego",Biological Sciences,2014
estebantrii,"IE business school, Madrid",Mba,2021
estebantrii,Universidad Francisco Marroquín,Economics,2017
esteen,Brown University,Bioengineering,2005
esteen,Purdue University,Engineering,2000
esteen,"University of California, Berkeley",Bioengineering,2010
esteen,"University of California, Berkeley",Management Of Technology,2009
esteen,"University of California, San Francisco",Bioengineering,2010
esthercrawford,Durham University,International Relations And National Security Studies,2007
esthercrawford,Oregon State University,Philosophy,2006
esthercrawford,University of Jordan,Arabic Language,2005
estitesc,Brown University,Computer Science,2011
eswardhinak,"University of California, San Diego",Computer Science,2015
etcetc,"University of California, Berkeley",Electrical Engineering And Computer Science,2017
etesial,Moscow Institute of Physics and Technology,Applied Mathematics And Physics,2006
ethanblackburn,Loyola University Chicago,Physics And Computer Science,2012
ethanblackburn,Saint Louis University,Computer Science And Computer Engineering,2015
ethanhoroschak,Stanford University,Computer Science,2018
ethanyu94,Dartmouth College,Computer Science,2016
ethchang,Johns Hopkins University,Economics,2019
ethernetdan,Baltimore School for the Arts,Theater Technology,2011
ethernetdan,"University of Maryland, College Park",Geographical Information Systems,2014
etienn,Aix-Marseille Graduate School of Management - IAE,"Management, Information Technologies",2006
etienne_devtool,Academy of Art University,Drawing And Sculpture,2016
etienne_devtool,Ecole nationale supérieure des Télécommunications,Computer Science,2011
etienne_devtool,Ecole nationale supérieure des Télécommunications / ENST,Computer Science,2011
etienne_devtool,University of Cambridge,Advanced Computer Science,2011
etienne_krause,ESCP Europe,Strategy And Digital Business,2022
etiennebcp,École Normale Supérieure Paris,Physics,2011
etiennebcp,École Normale Supérieure Paris-Saclay,Physics,2008
etlnyc,University of Chicago,Economics,2012
etticat,Hagenberg Campus - FH Upper Austria,Software Engineering,2016
etticat,Technische Universität Berlin,Information Systems Management,2018
etticat,University of Hertfordshire,Computer Science,2016
eugenehuangsg,Nanyang Polytechnic,Interactive And Digital Media,2007
eugenehuangsg,National University of Singapore,Computer Science,2013
eunicekurczyk,The University of Western Australia,"Finance, Marketing",2009
eunicekurczyk,University of Oxford - Said Business School,Business,2025
eunleecl,University of Waterloo,Software Engineering,2020
evalinetsai,Princeton University,Chemical And Biological Engineering,2015
evalinetsai,University of Cambridge,Chemical Engineering And Biotechnology,2019
evan-arm,California Institute of Technology,Computer Science,2007
evancharles,New York University,Recorded Music,2007
evanlimanto,"University of California, Berkeley",Electrical Engineering And Computer Science,2016
evanlimanto,"University of California, Berkeley",Statistics,2017
evgenyq,National Research Nuclear University MEPhI (Moscow Engineering Physics Institute),"Applied Mathematics, It",2005
evieathhc,Stanford University,Computer Science,2012
evieathhc,Stanford University,Symbolic Systems,2010
evisdrenova,The University of Chicago Booth School of Business,"Finance, Enterpreneurship",2020
evisdrenova,University of Massachusetts Amherst,Cell And Molecular Biology,2013
evmunro,University of Waterloo,Computer Science,2019
evolsb,Massachusetts Institute of Technology,Electrical Engineering And Computer Science,2006
evolvecreate,"University of California, Santa Barbara",Philosophy,2008
eweagel,Brigham Young University,Microbiology And Molecular Biology,2017
ewilliamsh,Tecnológico de Monterrey,It,2007
ewilliamsh,Tecnológico de Monterrey,It Management,2006
ewilliamsh,Y Combinator,S21,2021
exhaze,De Anza College,Mathematics,2005
exhaze,"University of California, Berkeley",Computer Science,2009
eyakubovich,Iowa State University,Computer Science,2002
eyenaz17,University of Toronto,Machine Learning,2014
ezhang37,Dartmouth College,"Computer Science, Economics",2013
ezraFeilden,Imperial College London,Materials Science,2017
ezraFeilden,Imperial College London,"Materials Science And Engineering, First/distinction",2013
ezt,"University of California, Berkeley",Computer Science,2019
faberwatson,University of Pennsylvania,Business Administration,2014
faberwatson,Yale University,Political Science And Government,2006
fabiangomez,INSA - Lyon (France),Engineering,2010
fabiangomez,Universidad de Los Andes,Engineering,2012
fabianrothfuss,CODE University of Applied Sciences,Software Engineering,2020
fabiolm,Columbia University - School of International and Public Affairs,Elab Fellowship,2021
fabiowitt,FIA,Behavioral Economics,2020
fabiowitt,UNAERP,Information Systems,2014
facio,Universidade de São Paulo,"Aerospace, Aeronautical And Astronautical Engineering",2012
fagerhult,City University London,Computer Science,2012
fagerhult,City University London,Neural Network Architectures For Musical Source Separation,2019
fagerhult,School of Audio Engineering,Audio Engineering,2008
fahimaziz,American University,Global Economics And Business,2013
fahimaziz,London School of Economics and Political Science,Development Economics,2013
fahimaziz,Notre Dame College,Science,2009
fahimaziz,The College of Wooster,Mathematics And Economics,2015
fahimf,Pennsylvania State University,Computer Science,2010
faiyamrahman,Cornell University,Computer Engineering,2015
faiyamrahman,Duke University,Mathematics,2013
faiyamrahman,Stuyvesant High School,High School Graduate,2009
falexwolf,Ludwig Maximilian University of Munich,Computational Physics,2015
falexwolf,University of Erlangen-Nuremberg,Electrical And Electronics Engineering,2013
falexwolf,Universität Augsburg,Physics,2011
fall3flake,University of Rochester,Computer Science And Economics,2002
fancyremarker,Princeton University,Computer Science,2006
fandipeng,Georgia Institute of Technology,Electrical And Computer Engineering,2016
fanzhang,Harvard University,Economics,2013
fanzhang,Harvard University,Mathematics,2009
farahg,Columbia University,Operations Research,2014
farisyagh,University of Bath,Accounting And Finance,2016
fastaubone,University of Durham,History,1991
fastaubone,Warwick Business School,"Business, Finance, Marketing",2001
fastfarma2021,Columbia University,Industrial Engineering And Operations Research,2015
fatihcelikbas,Yale University,Computer Science,2020
fatmaakcay,Harvard College,Computer Science,2016
fawadhussain,International Islamic University,Electronics And Communications Engineering,2009
fbriggs,Harvey Mudd College,Computer Science,2006
fbriggs,Oregon State University,Machine Learning,2013
fcareau,Collège des Compagnons,Programme Protic,2009
fcareau,Cégep Limoilou,"Technologie De Électronique, Télécommunications",2012
fceyssen,KU Leuven,Electrical Engineering,2010
fceyssen,KU Leuven,Engineering,2003
fceyssen,KU Leuven,Medicine,2022
fdominguezc,Pontificia Universidad Católica de Chile,Computer Science,2020
febrigamal,Parahyangan Catholic University,Accounting,2012
febrigamal,Prasetiya Mulya Business School,Finance,2014
fedegar,Universidad Blas Pascal,Telecommunications Engineering,2005
fedster,Scuola Superiore 'Sant' Anna' di Studi Universitari e di Perfezionamento,"Robotics, Haptics, Hmi",2002
fedster,Stanford University,Robotics,2004
fedster,Università di Bologna,Engineering,1998
feelto88,Seoul National University,농경제학,2014
feepfoop,University of Waterloo,Computer Engineering,2021
fegoarr,ITAM,Actuarial Sciences,2009
fegoarr,"The Wharton School, University of Pennsylvania",Mba,2014
fehintolu,Obafemi Awolowo University,Electronics/electrical Engineering,2008
fehintolu,University of Lagos,Information Technology,2014
felarof,Carnegie Mellon University,Systems And Machine Learning,2019
felarof,National Institute of Technology Karnataka,Computer Science,2013
felipap,Yale University,"Economics, Computer Science",2020
felipemonsalve,Massachusetts Institute of Technology,Computer Science,2022
felipemonsalve,Massachusetts Institute of Technology,"Computer Science, Mathematical Economics",2020
feliperestrepo,Universidad EAFIT,Business Administration,2021
felix_eckert,Center for Digital Technology and Management,Technology Management,2021
felix_eckert,Stanford University,Center For Design Research,2022
felix_eckert,Technical University of Munich,Informatics,2023
felix_eckert,The University of Tokyo,Hci For Machine Learning,2023
felix_glocally,Ludwig Maximilian University of Munich,Business Administration,2020
felixgabler,"University of California, San Diego","Computational Science, Mathematics, And Engineering",2020
felixgabler,University of Tübingen,Computer Science,2019
felixgabler,University of Tübingen,Machine Learning,2022
felixwang,Stanford University,Mathematics,2021
felman,University of Ghana,Business Administration,2018
femi_aluko,"Obafemi Awolowo University,Ile-Ife",Electrical Engineering,2015
femiadebogun,University of Redlands,International Finance,2018
femiaw,University College London,Computer Science,2017
femiaw,University of Exeter,Economics,2016
femiiromini,Obafemi Awolowo University,Geophysics,2012
femikuti,Obafemi Awolowo University,Medicine And Surgery,2009
fengjiabo2400,Stanford University,Management Science And Engineering,2021
fengjiabo2400,Stanford University,Product Design,2017
fer_albertorio,Pontifical Catholic University of Puerto Rico,Chemistry,1998
fer_albertorio,Texas A&M University,Analytical Chemistry,2006
ferdelat,Babson F.W. Olin Graduate School of Business,Entrepreneurship And Marketing,2008
ferdelat,Instituto Tecnológico de Morelia,Electrical And Electronics Engineering,2002
ferdelat,MIT Sloan School of Management,Strategy And Innovation,2019
ferhatb,Sakarya Üniversitesi,Mechanical Engineering,2020
ferhatb,Technical University of Munich,Automotive Technologies And Management,2020
ferlopezm94,Tecnológico de Monterrey,Computer Science,2018
fernandohuerta,Tecnológico de Monterrey,Engineering,1991
fernandohuerta,Tecnológico de Monterrey,Management,1994
fernandotmz,Universitat Politècnica de Catalunya,Industrial Engineering,2016
ferus85,Babson F.W. Olin Graduate School of Business,Entrepreneurship/entrepreneurial Studies,2014
ferus85,"University of California, Berkeley","Business Administration And Management, General",2007
ferus85,Wesleyan University,"Computer Science, Minor Equivalent In Photography",2008
festinalente,Johns Hopkins University,International Relations And International Economics,2014
festinalente,Johns Hopkins University,International Studies,2013
fevillamarin,Universidad de Los Andes,Economics,2012
ffahleraz,Bandung Institute of Technology,Software Engineering,2020
fgdemussy,Pontificia Universidad Católica de Chile,Civil Engineering,2011
fgdemussy,Singapore Management University,Business Administration And Finance,2010
fgfm,CentraleSupelec,Mathematics And Computer Science,2017
fgfm,"Ecole Polytechnique, Paris",Economic Modelling,2017
fgfm,Lycee Jean-Baptiste Say,Applied Mathematics,2013
fheisler,Princeton University,"Operations Research, Financial Engineering With Applications Of Computing",2010
fiddle-earth,National Institute of Technology Trichy,Electrical And Electronics Engineering,2022
filip43,University of Cambridge,Information And Computer Engineering,2018
filipt,Massachusetts Institute of Technology,"Mathematics, Aeronautical And Astronautical Engineering",2017
finolex,Cornell Tech,Tech,2023
finolex,New York University,Integrated Digital Media,2019
firdevs,Cornell University,Economics,2007
firdevs,Robert College,Math And Science Diploma,2003
first_pilot,Libera Università di Bolzano,Master Of Science,2013
first_pilot,Saint Petersburg State University,Bachelor Of Arts,2010
first_pilot,Technische Universität Dresden,Msc,2013
first_pilot,University of Oxford,Doctor Of Philosophy,2020
first_pilot,Y Combinator,Winter 2019 Batch,2019
firstjames,"University of California, Berkeley",Electrical Engineering And Computer Sciences,1997
firstjames,"University of California, Berkeley, Haas School of Business",Entrepreneurship,2006
fjmoscato,Instituto Cumbres de Caracas,High School/secondary Diplomas And Certificates,2017
fjmoscato,Ningbo University,"Logistics, Materials, And Supply Chain Management",2021
fjmoscato,Y Combinator,W21,2021
fkettlun,Pontificia Universidad Catolica de Chile,Electrical Engineering,2011
fkettlun,Stanford University,Computer Science,2020
fkilaiwi,An-Najah National University,Computer Engineering,2012
flanagan89,University of New South Wales,Electrical Engineering,2013
flanagan89,University of New South Wales,History,2012
floba,Elisabeth Gymnasium Eisenach (Secondary School),18,2007
floba,"Fachhochschule Bielefeld, University of Applied Sciences, Germany",Renewable Energies,2012
floba,Technical University of Munich,Airborne Wind Energy,2020
floba,Technical University of Munich,Electrical Engineering And Information Technology,2013
floba,Y Combinator,Yc Batch S19,2019
flobb,HEC Montréal,Business Administration And Finance,2010
flobb,Warwick Business School,Business Analytics,2012
florent31,University Louis Pasteur,Studyimaging And Robotics Medical And Surgical,2007
florent31,University of Paul Sabatier,Biomechanics,2012
flybayer,Wright State University,Electrical Engineering,2012
flyx,Stanford University,Computer Science,2011
fnaderg,Tecnológico de Monterrey,Civil Engineering,2020
fnaderg,University of Illinois Urbana-Champaign,Construction Management,2021
fnewberg,"University of California, Los Angeles",Ee,2002
fnfilho,Universidade Federal de Uberlândia,Business,2016
folley,AGH University of Science and Technology,Computer Science,2017
fonso3142,Community College of the Air Force,Aviation Technology,2006
fonso3142,Florida International University,Economics,2025
fonso3142,St. Petersburg College,General Studies,2011
foodhackerchick,Harvard Business School,Business Administration,2013
foodhackerchick,"Rutgers, The State University of New Jersey",Finance,2009
forceunwrap,Michigan State University,Computer Science And Engineering,2018
fortawesome,Massachusetts Institute of Technology,Mechanical Engineering,2007
fortefranco,Instituto Tecnológico de Buenos Aires (ITBA),Engineer,2013
fouadmatin,George Mason University,Computer Science,2013
fra,Brown University,Electrical Engineering,2011
franciscomello,FUNDAÇÃO GETULIO VARGAS,Business Administration,2006
franciscomello,London School of Economics and Political Science,International Political Economy,2005
francisd,University of New South Wales,Computer Engineering,2001
franckl,ICN Business School,Entrepreneurship,2009
frankcastled,State University of New York at Stony Brook,Computer Science,2015
frankyhershko2,IDC Herzliya,Law,2011
frankyhershko2,The Interdisciplinary Center,Government,2011
frankyhershko2,ness it school,Sap,2007
franziloew,Heinrich Heine Universität Düsseldorf,"Econometrics, Industrial Economics",2015
franzwarning,Stanford University,Computer Science,2015
freddieevans10,University of Oxford,Literae Humaniores,2015
freddiegmgreen,University of Oxford,Mphys,2015
freddier,Harvard Business School,Scaling Entrepreneurial Ventures,2017
freddier,Stanford University Graduate School of Business,"Business Administration And Management, General",2018
freddier,Universidad Piloto de Colombia,Systems Engineering,2005
frederickw,Harvard University,Computer Science And Statistics,2017
fredrunit,Jackson State University,Computer Engineering,2014
freeerror,State University of Nizhni Novgorod named after N.I. Lobachevsky (UNN),"Business, Commerce",2005
freese,University of Helsinki,Food Science,2020
freshbreakfast,Stanford University,Ba,2004
freshmuse,Aalto University,New Media,2008
freshmuse,Harvard Extension School,Strategic Management,2014
freshmuse,London School of Economics and Political Science,"Management, Entrepreneurship And Leadership",2011
freshmuse,Massachusetts Institute of Technology,Senseable City Lab,2012
freshmuse,Politecnico di Milano,Communication Design,2010
freshmuse,"University of Rome ""La Sapienza""",Design,2006
frew,Stanford University,Computer Science,2009
friism,California Institute of Technology,"Computer Science, Math",2004
friism,Himmelev Gymnasium,"A-levels In Math, Physics And Chemistry",2000
friism,IT,"It, Internet And Software Technology",2010
friism,University of Copenhagen,Computer Science,2005
frisco,Duke University,Biomedical Engineering,2012
frk1206,Cornell University,"Computer Science, Economics And Operations Research",2002
frk1206,Udacity,Autonomous Vehicles,2017
froman88,California Institute of Technology,Computer Science,2017
frostli,National Taiwan University,Electrical Engineering,2009
frostli,University of Michigan,Computer Science And Engineering,2010
fsaint,Yale University,Computer Science,2010
fsandoval,IE Business School,Business Administration,2020
fsandoval,IE School HST,Technology,2021
fsandoval,INSTITUTO TECNOLÓGICO Y DE ESTUDIOS SUPERIORES DE MONTERREY (ITESM),Finance,2010
fssoar,University of Illinois Urbana-Champaign,Computer Science,2022
ftraeger,Stanford University,Computer And Network Security,2024
ftraeger,Stanford University,Human Computer Interaction,2023
fturner,University of Oxford,Biochemistry And Molecular Biology,2016
fuJiin,University of Southern California,Aerospace Engineering,2009
fuelfive,University of Pennsylvania,"Individualized Computer Science, Business, And Design",2005
funbobby,California Institute of Technology,Engineering And Applied Science,1998
fvryan,University of Arkansas,"Economics, Japanese",2010
fwinokur,Duke University,"Computer Science, French Language",2005
g2graham,OCADU,Inclusive Design,2016
g2graham,University of Waterloo,"Liberal Studies, International Studies Option",2012
g_h,Massachusetts Institute of Technology,Computer Science,2007
gabesaruhashi,Yale College,Computer Science And Psychology,2021
gabev,Johns Hopkins University,Applied Mathematics And Statistics,2020
gabev,Johns Hopkins University,Computer Science And Applied Mathematics,2019
gaboluque,Tecnológico de Monterrey,Software Engineering,2018
gaborcselle,ETH Zurich,Computer Science,2006
gabriel-lima,Universidade de São Paulo,Computer Engineering,2020
gabriel-lima,"University of California, Berkeley",Engineering Leadership,2023
gabriel_archanj,Universidade São Francisco,Computer Science,2007
gabriel_archanj,University of Campinas,Electrical Engineering,2012
gabrielbirnbaum,Heidelberg University,"Computer Science, Math",2020
gabriellechou,"Fudan University, Shanghai (PRC) & University Assas (Paris II)",Law: Intellectual Property Dispute Resolution In China,1996
gabriellechou,Queen Mary University of London,International Trade Law,1993
gabrielruttner,Cornell University,Computer Science,2017
gabrielruttner,Stony Brook University,"Applied Mathematics, Biomedical Engineering",2016
gajendra94,National Institute of Technology Warangal,Mechanical Engineering,2015
galen211,University of Chicago,Political Science,2009
gandharv88,"All India Institute of Medical Sciences, New Delhi",Medical Sciences,2011
gangeshwark,Bangalore Institute of Technology,Computer Science,2017
gangeska1984,BPP Law School,"Gdl,lpc",2009
gangeska1984,The George Washington University Law School,Ip Law,2010
gangeska1984,University of Cambridge,"Mathematics, Computer Science",2006
gapl,University of Ljubljana,Computer And Information Science,2015
garbowza,University of Minnesota,"Computer Science, Mathematics",2003
garrettfrohman,University of New Hampshire,Engineering,2021
garrettlangley,Georgia Institute of Technology,"Signal Processing, Bioengineering",2009
garthgoodson,Carnegie Mellon University,Computer Engineering,2004
garthgoodson,Carnegie Mellon University,Ece,1998
garyamaral,Canadian Securities Institute,Csc,2003
garyamaral,George Brown College,Marketing Management,2007
garyamaral,Western University,Political Science,2003
garyjlin,University of Waterloo,Computer Science,2019
garymlin,Columbia University,Computer Science,2017
gatsby91,Yale College,Humanities,2017
gatsby91,Yale University,Humanities And Computer Science,2013
gatumialiyu,University of Medicine and Health Sciences,Doctor Of Medicine,2016
gatumialiyu,University of Pittsburgh,"Biology, Chemistry",2013
gaurav1992,IIT Kanpur,Materials Science And Engineering,2014
gaurav_,K J Somaiya College of Engineering,Information Technology,2005
gaurav_,University of Mumbai,Information Technology,2005
gaurav_,Y Combinator,Winter 2021 Batch,2021
gaurav_maken,University of Toronto,Electrical And Computer Engineering,2010
gaurav_rd,Harvard University,Computer Science,2017
gauravchaubey,"St. Stephen's College, Delhi",Chemistry,2007
gauravchaubey,Symbiosis Centre For Management and Human Resource Development,Human Resources,2010
gauravchaubey,Y Combinator,S20,2020
gauravluthra,Indian Institute of Foreign Trade,Marketing,2008
gauravluthra,The NorthCap University,Computer Science,2005
gaurinanda,Massachusetts Institute of Technology,Media Lab,2013
gaurinanda,University of Michigan,Arts And Technology,2001
gausebeck,University of Illinois Urbana-Champaign,Computer Science,1998
gavin_phoenix,Camosun College,Marketing,2003
gavin_phoenix,York University,Science And Technology,2013
gavinmai,Stanford University,Symbolic Systems,2018
gazrocks,Manchester Business School,Finance And Strategy,2009
gazrocks,Manipal Institute of Technology,Engineering,2020
gbelote,Massachusetts Institute of Technology,Computer Science,2008
gbgana,Georgia Institute of Technology,Data Science,2020
gbgana,Georgia Institute of Technology,Electrical Engineering,2015
gbgana,Harvard Business School,Business Administration,2022
gbiermann,Center for Digital Technology and Management,Environmental Science,2021
gbiermann,LMU Munich,Environmental Science,2021
gbiermann,Technical University of Munich,Sustainable Resource Management,2016
gburkhard,Stanford University,Physics,2011
gburkhard,Yale University,Physics,2005
gbyfrans,Bandung Institute of Technology,Electrical Engineering,2015
gchakr,Brown University,"Neuroscience, Computational Biology",2010
gchakr,The University of Texas Southwestern Medical Center at Dallas,Oncology And Cancer Biology,2015
gcquraishi,Yale University,History,2005
gdaniele,Stanford University,Computer Science,2013
gdi2290,Hack Reactor,Full Stack Javascript Developer,2013
gdi2290,Online/Self Education,Computer Science,2013
gdillon,Georgetown University,"Communication, Culture, And Technology",2009
gdillon,Wesleyan University,Psychology With High Honors,2003
gdix,Rensselaer Polytechnic Institute,"Computer Science, Mathematics",2006
geekypete,Community College of the Air Force,Bioenvironmental Engineering,2009
geekypete,University of North Carolina at Wilmington,Computer Science,2013
geepytee,University of Waterloo,Bachelor Of Applied Science,2019
gega,United States Naval Academy,Civil And Environmental Engineering,2014
genielsen,Davidson College,Economics,2014
genielsen,Stanford University Graduate School of Business,Business,2023
geo3211,"University of California, Berkeley, Haas School of Business",Entrepreneurship/biotech,2021
geofflucks,University of Pennsylvania,Bioethics,2012
geofflucks,University of Wisconsin-Madison,"Economics, Biology",2010
geofflucks,Vanderbilt University,Finance,2017
geoffsegal,University of Hawaii at Manoa,Economics,2014
geoffsegal,University of Illinois,Economics And Statistics,2016
geoffsegal,University of Illinois,Statistics,2018
geoffwoo,Stanford University,Computer Science,2011
georgedotsmith,Purdue University,Civil Engineering,2012
georgedotsmith,University of Canterbury,Civil Engineering,2012
georgefoot,University Of Warwick,Bioscience,2014
georgefoot,University of Cambridge,Bioscience,2018
georgek,Yale University,Political Science And Government,2007
georgekorsnick,Carnegie Mellon University,Information Technology Management,2010
georgekorsnick,University of Pittsburgh,"Computer Science, Film Production",2004
georgeluc,Virginia Tech,Computer Science And Applications,2007
georgewang,Stanford University,Biology,2009
georgewang,The Ohio State University,Molecular Genetics,2003
georgewangsf,Dartmouth College,Computer Science/biology,2017
georgewangsf,Harvard Business School,Business,2022
georgewfraser,Carnegie Mellon University,"Cognitive Science, Biology",2005
georgewfraser,University of Pittsburgh,Neurobiology,2011
german_claims,University College London,Computer Science,2018
gesusc,Purdue University,Computer Graphics Technology,2008
getjusto,Universidad Adolfo Ibañez,Industrial Civil Eingeneer,2010
getmdchat,Harvard College,Biology,2005
getmdchat,Stanford University School of Medicine,Doctor Of Medicine,2015
getsprintai,IIT Kanpur,Electrical Engineering,2009
getvasu,Andhra University,Marketing,2008
gfang200,Indiana University - Kelley School of Business,Computer And Information Systems Security/information Assurance,2016
gfavvas,Vanier College,Communications,1996
gfgentille,Chartered Alternative Investment Association,Caia,2014
gfgentille,Chartered Financial Analyst,Cfa,2014
gfgentille,Universidad de Piura,Business Management,2010
gfgentille,Universidad de Piura,Finance And Economics,2009
gfgentille,"University of California, Berkeley, Haas School of Business",Business,2018
gflacount,University of San Francisco,Finance,2016
gflarity,University of Waterloo,Hon Bmath Mathematics/computer Science,2003
ggalanter,Universidad Torcuato di Tella,Economics,2012
ggalanter,Universidad Torcuato di Tella,Finance,2015
ggordonhall,"Birkbeck, University of London",Computer Science,2018
ggorenstein1,FGV - Fundação Getulio Vargas,Marketing,2007
ggorenstein1,Stanford University,Entrepreneurship/entrepreneurial Studies,2012
ggorenstein1,Universidade de Pernambuco,Business,2004
ggorenstein1,University College London,Technology Entrepreneurship,2011
ggranito,Cornell University,Computer Science,2016
ghazel,College for Digital Arts,Sound Arts,2005
ghego,Imperial College London,"Physics, Quantum Fields And Fundamental Forces",2002
ghego,Pierre and Marie Curie University,Biophysics,2008
ghego,Singularity University,Graduate Studies Program Exponential Tecnologies,2011
ghego,Università degli Studi di Padova,Biophysics,2008
ghego,Università degli Studi di Padova,Laurea Theoretical Physics,2003
ghempton,University of Washington,"Computer Science, Mathematics",2007
ghostwriternr,IIT Kharagpur,Computer Science And Engineering,2018
ghostwriternr,Stoa School,Business Administration And Management,2022
gichuru,Daystar University,"Communications, Public Relations",2009
gichuru,Strathmore Universtity,"It, Cisa",2009
gigerbytes,University of St.Gallen,Economics,2020
giladbeeri,Tel Aviv University,Business Administration,2011
giladbeeri,The Hebrew University,Talpiot,2007
giladbeeri,The Open University of Israel,Mathematics,2004
gillesp,Staffordshire University,Business,2006
gillianrobrien,New York University,Nutrition And Dietetics,2017
gillianrobrien,Walnut Hill School for the Arts - High School,Theatre And Musical Theatre,2013
gilliant,Columbia Business School,Accounting And Finance,2012
gilliant,Columbia University,"International Affairs Joint Degree Finance And Economics, Social And Political Development, Media And Communications",2012
gilliant,University of Melbourne,Computer Science,2004
gilperry,Tel Aviv University,Computer Science,2014
ginorooney,Stanford University,Electrical And Electronics Engineering,2015
ginorooney,University of Illinois Urbana-Champaign,"Marketing, Multimedia Design",2013
ginter,University of Florida,Computer Science,2007
gitclone,Peking University,Computer Science,2008
gjacuna,Pontificia Universidad Católica de Chile,Engineering,2009
gjohnson,Florida State University,Political Science And Literature,2006
gjohnson,University of Oxford,Migration Studies,2008
gkaemmer,Yale University,Computer Science,2016
gkdemaree,United States Military Academy at West Point,Nuclear Engineering,2013
glamp,University of Virginia,Financial Mathematics,2010
glaugh,Stanford University,Sociology,2006
glebby,Carnegie Mellon University,Information Systems,2018
gleidig,University of York,Medicine,2015
glennmarkov,Arizona State University,Biochemistry,2011
glennmarkov,Stanford University School of Medicine,Genetics,2017
glimow,ENSTA ParisTech - École Nationale Supérieure de Techniques Avancées,Applied Mathematics And Computer Science,2019
glimow,Ecole polytechnique,Deep Tech,2020
glimow,HEC Paris,Entrepreneurship,2020
glimow,"University of California, Berkeley",Postgraduate Entrepreneurship Track,2020
glithgow,University of Glasgow,Genetics,1989
glithgow,University of Strathclyde,Microbiology,1985
gmargerum,Santa Clara University,Computer Science,2017
gmh58,Drexel University,Biological Sciences And Bioinformatics,2016
gmnistan,Stanford University,Political Science,2012
gnazareths,Minerva,Statistics,2019
godot,"University of California, Davis","Computer Science, Engineering",2005
godstimea,University of Benin,Computer Science,2015
goeldhru,Delhi College of Engineering,Information Technology,2014
goeldhruv,"ESADE Business School, Barcelona",Strategy And Business Development,2018
goeldhruv,Jaypee Institute of Information Technology,Computer Science,2012
goggs,"Carnegie Mellon University, School of Computer Science",Artificial Intelligence,2022
gogwilt,Massachusetts Institute of Technology,"Computer Science, Physics",2010
gogwilt,Massachusetts Institute of Technology,"Electrical Engineering, Computer Science",2011
gogwilt,University of Cambridge,"Physics, History And Philosophy Of Science",2009
goldfish,Massachusetts Institute of Technology,Mechanical Engineering,2010
goldlist,University of New Brunswick,Interdisciplinary Leadership,2006
goler,Harvard University,Chemistry,1993
gomezpaz,Brigham Young University,Computer Science,2025
gomezpaz,Instituto La Salle Florida,Electromechanical Engineering,2018
goofyahead,Udacity,Front,2016
goofyahead,Universidad Pontificia de Salamanca,Computer Science,2010
goofyahead,Universidad Pontificia de Salamanca,Computer Software Engineering,2012
gordonhw,Duke University,"Public Policy, Political Science",2011
gordonhw,University of Central Florida,Mathematics,2015
gordonhw,University of Florida,"Statistics, Mathematics",2017
gorka_aguirre,Universidad de Deusto,Law And Business Administration,2015
got2surf,Harvard University,Computer Science,2016
govind201,National University of Singapore,Computer Engineering,2011
govind201,University of Pennsylvania,Technology Entrepreneurship,2010
gparisi,Harvard Business School,Business Administration,2013
gparisi,Stanford University,Mechanical Engineering,2010
gpayzer,Stanford University,Computer Science,2019
gpease76,Stanford University,Management Science And Engineering,2022
gpesce,University of Buenos Aires,Molecular Biology,1997
gpguilherme,Federal University of Espírito Santo,Civil Engineering,2018
gputnam,Colorado College,"Political Science, Economics",2005
grabowss,Carleton College,Computer Science,2012
gracaninja,Instituto Superior Técnico,Computer Science,2010
gracaninja,Instituto Superior Técnico,Egenharia Informatica,2002
gracaninja,University of Pennsylvania,Computer Science,2011
gracegarey,"University of California, Santa Barbara",Political Science And Global Studies,2011
gracegarey,"University of California, Washington Center",Studied Relationship Between Public Opinion And Humanitarian Intervention,2010
gracegarey,University of Ghana,Post,2010
gracesaiunravel,INSEAD,Organizational Psychotherapy,2017
gracesaiunravel,Kauffman Fellows,Investing,2017
gracesaiunravel,University of Oxford,Business Administration,2010
gradient_ascent,Stanford University,Computer Science,2024
grahamdoig,University of Glasgow,Aeronautical Engineering,2004
grahamdoig,University of New South Wales,Aerodynamics,2009
grahamdoig,University of New South Wales,University Learning And Teaching,2014
grahamrdick,Stanford University,Chemistry,2017
grahamrdick,University of Illinois Urbana-Champaign,Chemistry,2010
grahamrr,Rensselaer Polytechnic Institute,"Electronic Media, Arts, And Communications",2016
grant-uplink,"University of Maryland, College Park",Accounting,2014
greatokonkwo,Baruch College,Comp Sci,2025
greblernoam,"University of California, Los Angeles",Major: Cognitive Science With A Computer Science Specialization,2018
greblernoam,Y Combinator,S22,2022
greenfish6,Cornell University,Electrical And Computer Engineering,2018
greg,McMaster University,Psychology,2006
greg,University of Victoria,Economics,2004
gregarious,New York University,Sociology,1996
greggurevich,Lehigh University,"Engineering, Finance",2006
greggurevich,Lehigh University College of Business,Engineering,2006
gregkidd,Brown University,History: Thesis,1981
gregkidd,Harvard University Kennedy School of Government,Public Policy,2002
gregkidd,Stanford University,Human Computer Interface,2010
gregkidd,Yale University,"Operations Research, Strategy, Organizational Behavior, Game Theory",1984
gregkress,Stanford University,Mechanical Engineering,2012
gregkress,University of Michigan,Engineering Physics,2006
gregorypoulin,Wheaton College,Political Science And Government,2012
greysteil,University of Cambridge,Economics,2009
greysteil,University of Cambridge,Mathematics,2006
grigorecezar,Imperial College London,Mathematics And Computer Science,2014
grigorecezar,"National College ""PETRU RARES""",Computer Science And Mathematics,2011
grippi,Illinois Institute of Technology,Bs,2005
grippi,University of Southern California,Ma,2008
grmmph,Tampere University of Applied Sciences,Interactive Media,2015
groodt,The Open University,"Computing, Ict",2008
groovetandon,"Birla Institute of Technology and Science, Pilani",Engineering,2016
groovetandon,London Business School,Business,2024
gsavit,Princeton University,Aerospace Engineering,2013
gsdatta,"University of California, San Diego",Computer Science,2016
gtfarrell,Paso Robles High School,40,2017
gtlpanda,Rutgers University,Digital Comms,2023
gtlpanda,Rutgers University,Information Technology And Informatics,2013
gtm1260,Carnegie Mellon University,Environments Design,2019
gtthomas,University of Waterloo,Nanotechnology Engineering,2016
guidomb_cedalio,ITBA,"Bsc And Msc In Computer Science And Engineering, Computer Science",2011
guilhermedelai,Universidade de São Paulo (USP),Industrial Engineering,2016
guilhermempinh,Faculdade Carlos Drummond de Andrade,Computer Science,2013
guillaumekroll,ISEG - Lisbon School of Economics & Management,Economics,2008
guillaumekroll,Lessius Hogeschool Antwerpen,Business Studies,2009
guillaumekroll,New York University,International Development And Humanitarian Assistance,2013
guillaumekroll,University of Liège,International Business And Economics,2009
guillaumekroll,University of Liège,Management Sciences,2011
guillemetteD,McGill University,Development Economics And International Development,2008
guillemetteD,University of Auckland,Development Economics And International Development,2009
guit92,CESA,E,2012
guit92,HBS,Management,2019
guit92,Universidad de Los Andes,Business,2006
guit92,Universidad de Los Andes,"Finance, General",2012
gulatid,University of Illinois Urbana-Champaign,Computer Engineering,2009
gulatid,University of Illinois Urbana-Champaign,"Strategy, Operations And Technology Management",2013
gurubavan,University of Toronto,Aerospace Engineering,2013
gururao001,AMRITA VISHWA VIDYAPEETHAM,Electrical And Electronics Engineering,2014
gururao001,Auburn University,Industrial Engineering And Operations Research,2016
gusakov-jobeasy,Far Eastern Federal University,Economics,2008
gustavoSK,UNESP,Mechanical Engineering,2010
guymorita,The Chinese University of Hong Kong,International Business: China,2008
guymorita,University of Washington - Michael G. Foster School of Business,"Finance, Entrepreneurship, Accounting",2009
guysnir,Duke University,Business Administration,2011
guysnir,Tel Aviv University,Business Administration,2011
guysnir,The IDF School for Computer Professions,Computer Science,1999
gvancassel,IMT Lille Douai,Mechanical Engineering,2012
gvilums,ETH Zürich - Swiss Federal Institute of Technology Zurich,Computer Science,2023
gvilums,Massachusetts Institute of Technology,Electrical Engineering And Computer Science,2021
gvkr,IIT Kanpur,Mechanical Engineering,2014
gwintrob,Massachusetts Institute of Technology,Electrical Engineering And Computer Science,2012
gwtall,Georgia Institute of Technology,Computer Science,2018
gwtall,Northwestern University,Mechanical Engineering,2014
gzelerteins,ORT Argentina,System Analyst,2004
gzelerteins,Universidad de Palermo,Computer Sciences,2010
haakonzen,Fudan University,Business Economics And Management,2007
haakonzen,Norwegian School of Economics (NHH),Finance And Economics,2008
haakonzen,University of Melbourne,Business Administration And Finance,2006
haakonzen,University of Oslo,"History, Art, Philosophy",2021
hackscience,General Assembly,Data Science,2016
hackscience,Imperial College Business School,Business Analytics,2016
hackscience,London School of Economics and Political Science,Principles Of Management,2012
hackscience,The University of Hong Kong,Economics And Finance,2013
hackscience,University of Southampton,Economics And Finance,2014
hailpixel,Georgia Institute of Technology,Computational Media,2007
haishachen,University of Chicago,Economics,2012
haksudol,Korea Advanced Institute of Science and Technology,Computer Engineering,2013
haksudol,Sungkyunkwan University,Computer Engineering,2020
haksudol,University of Southern Denmark,Computer Engineering Gradeexchange Student,2009
halbertn,"University of California, Berkeley",Applied Mathematics In Computer Science,2003
hallofstairs,Duke University,Electrical And Computer Engineering,2022
hamiltonchan,Harvard University,Psychology,1995
hammadbawany,Institute of business administration,Management Information Systems,2012
hamraduncan,Trial and Error,Whatever's Needed/and Or Fun Right Now,2015
hamzahc,Altrincham Grammar School For Boys,High School,2009
hamzahc,Hack Reactor,Advanced Software Engineering Immersive,2016
hamzahc,University College London,European And Middle Eastern Languages And Linguistics,2014
hamzaouazzanic,"Ecole Polytechnique, Paris","Physics, Entrepreneurship",2013
hamzaouazzanic,Lycée Sainte Geneviève,"Mathematics, Physics, Chemistry",2010
hamzaouazzanic,"University of California, Berkeley",Computer Science,2014
hannahla,Mount Holyoke College,"French, Theater",2020
hannahla,Université Paul Valéry,"French Literature, History And Architecture",2001
hannonaaron98,"National University of Ireland, Galway",Computer And Electronic Engineering,2020
hannonaaron98,Trinity College Dublin,Engineering,2018
hanrelan,Stanford University,Management Science And Engineering,2012
hanrelan,"University of California, Berkeley",Computer Science And Electrical Engineering,2006
hansarne,Klosterskogen VGS,Electrical And Electronics,1989
hansarne,Lunde Videregående Skole,Electrical Engineering,1990
hansarne,Lunde Videregående Skole,Electrics,1988
hansarne,NTNU Trondheim,Materials Science And Engineering,2001
hanselhansel,MIT Sloan School of Management,Business Administration And Management,2019
hanshuo888,Tsinghua University,Department Of Automation,2011
haomiao,California Institute of Technology,Electrical Engineering,2005
haomiao,Stanford University,Aeronautics And Astronautics,2012
haomiao,"University of California, Berkeley",Electrical Engineering And Computer Science,2011
haoyuQ,"University of California, Los Angeles",Computational Mathematics,2016
happilabs,Benedictine University,Molecular Biology,2003
happilabs,University of Illinois at Chicago,Pharmacology,2008
happylinks,Hogeschool van Arnhem en Nijmegen,Informatica,2013
hardik_dhamija,Panjab University,Information Technology,2013
hardik_dhamija,Y Combinator,Y Combinator W20 Batch,2020
haris_,Rutgers University–New Brunswick,Computer Science,2019
harizopoulos,Carnegie Mellon University,Computer Science,2005
harizopoulos,Technical University of Crete / Πολυτεχνείο Κρήτης,Electronic And Computer Engineering,1998
haroon,Harvard Law School,Law,2005
haroon,University Of Maryland,Economics,2001
harrisc,Massachusetts Institute of Technology,Computer Science,2022
harrisgani,New York University - Leonard N. Stern School of Business,Finance With Computer Science Classes,2015
harrisonlee,Penn State University,Information Sciences And Technology,2008
harrisonmgordon,Northwestern University,Computer Engineering,2010
harrisontelyan,Rhode Island School of Design,Industrial Design,2014
harrykim,Monash University,Computer Science,2005
harrymcnamara,Harvard University,Physics,2020
harrymcnamara,Massachusetts Institute of Technology,Health Sciences And Technology,2019
harrymcnamara,Trinity College Dublin,Bioengineering,2014
harrymcnamara,University of Cambridge,Nanotechnology Enterprise,2013
harrymcnamara,Yale University,"Ethics, Politics, And Economics",2011
harsh3195,IIT Delhi,Electrical Engineering,2017
harshilmathur,Seedling Public School,Science Maths,2009
harshithmul,"Shanmugha Arts, Science, Technology &amp; Reserch Academy (SASTRA), Thanjavur",Computer Science,2019
harshitsv67,IIT Madras,Microelectronics And Vlsi Design,2011
harshmoney123,Vanderbilt University,Computer Science,2019
harshpp,Indian Institute of Technology,Mechanical Engineering,2014
harshpp,"Maharaja Sawai Man Singh Vidhyalaya, Jaipur",Science,2009
harshujain,IIT Delhi,Electrical Engineering,2004
harshujain,IIT Delhi,Information And Communication Technology,2005
harshujain,Kendriya Vidyalaya,General,1998
harshujain,Maheshwari Public School,"Physcics, Chemestry, Mathematics, Economics, English",2000
harshujain,"University of California, Los Angeles",Product Management And Marketing,2014
harshyadav,Motilal Nehru National Institute Of Technology,Electronics And Communication Engineering,2008
harshyadav,"Rutgers, The State University of New Jersey",Computer Engineering,2010
hasannawaz,Universitat Oberta de Catalunya,Computer Software Engineering,2013
haslindarasip,Universiti Teknologi MARA,Information Management,2006
haslindarasip,Universiti Teknologi Malaysia,Computer Science,2000
haslindarasip,Universiti Teknologi Malaysia,Dba,2024
hastewart39,Alfred University,Painting And Neon,2008
hastewart39,General Assembly,Front,2012
haxplorer,Anna University,Industrial Biotechnology,2006
haxplorer,Anna University,Information Technology,2007
haxsyn,CUNY Baruch,Intl Business,2008
hayaodeh2,Jami'at Amman Al,Graphic Design And Fine Arts,2007
hayleyleibson,Harvard University,Management,2025
hbamoria,IIT Delhi,Chemical Engineering,2013
hclifford,University of Oxford,Bioinformatics,2015
hcmilone,University of South Florida,Psychology And Women's Studies,1998
hcmilone,Università per Stranieri di Perugia,Italian Language And Culture,1997
hcmilone,Wittenberg University,Psychology,1996
healthtech1,University College London,Technology Entrepreneurship,2015
healthtech1,University Of Warwick,Economics,2014
heatherm,Raffles College of Design and Commerce,Multimedia Design,2009
heatherm,Raffles Design Institute,Multimedia Design,2008
heatherm,The Hong Kong Polytechnic University,Fintech,2022
heatherm,The Hong Kong Polytechnic University,Interaction Design,2011
heatherpayne5,Ivey Business School at Western University,"Business Adminstration, General Management",2009
heatherpayne5,The Hong Kong University of Science and Technology,Exchange Program Participant,2009
heatherpayne5,"The University of Western Ontario, London","Management And Organizational Studies, Finance And Administration Stream",2007
heatherpayne5,"Xiamen University, Xiamen, Fujian, P.R. China",General Scholar,2010
heddle317,Stanford University,Communication,2010
heddle317,Stanford University,Computer Science,2011
heidi_b_w,Brown University,Computer Science,1995
hekike,Budapest University of Technology and Economics,Computer Engineering,2012
helkheshen,University of Chicago,Computer Science And Economics,2019
hellahstellah,Carnegie Mellon University,Computer Science,2018
hellorashid,New York University - Polytechnic School of Engineering,Programming,2019
hellovai,The University of Texas at Austin,Computer Science,2015
helmaniac,Harvard University,Physics,1998
helmaniac,Stanford University,Applied Physics,2005
heltonsouza,Methodist University of Sao Paulo,Computer Software Engineering,2008
hemantanshu,Motilal Nehru National Institute Of Technology,"Electrical, Electronics And Communications Engineering",2011
hemantgangolia,IIT Bombay,Computer Science And Engineering,2013
hemantgangolia,"Indian Institute of Management, Ahmedabad",Business,2017
hemantgangolia,UNC Kenan-Flagler Business School,Exchange Program,2016
hemantv,Indian Institute Of Information Technology,Computer Science,2010
hendratj,Stanford University,Computer Science,2005
hendratj,"University of California, Los Angeles",Computer Science,2003
hendrychou,LimKokWing University of Creative Technology,Interaction Design,2011
henrikzillmer,"Baruch College, City University of New York",International Business,2005
henrikzillmer,City University of Hong Kong,International Business,2005
henrikzillmer,Copenhagen Business School,International Business,2006
henrikzillmer,Copenhagen Business School & IT University of Copenhagen,E,2009
henrino3,MEST Africa,Technology Entrepreneurship,2016
henrino3,Meltwater Entrepreneurial School of Technology,Technology Entrepreneurship,2016
henrino3,freeCodeCamp,Computer Software Engineering,2016
henrisuhardja,Australia Awards,Startup Ecosystem,2019
henrisuhardja,Flinders University,Startup Ecosystem,2019
henrisuhardja,University of Gadjah Mada Indonesia,Food Technology,2016
henrychibuzo,University of Uyo,Computer Science,2014
henryheng,University of York,Computer Science,2022
henryheng,Waterford Institute of Technology,Electronics Engineering,2016
heshamg,German University in Cairo,Computer Science And Engineering,2011
heshamg,Technical University of Munich,Computer Science,2016
hetalshah6,The University of Georgia,Advertising,2004
hevans66,Massachusetts Institute of Technology,Computer Science,2008
heyzk,University of Denver,Computer Engineering,2005
hfaudella,Pontificia Universidad Catolica de Perú,Economics,1991
hfaudella,Universidad Nacional de Ingenieria (INICTEL),Audiovisual Technologies,1988
hfaudella,Universidad de Lima,Comunication Science,1990
hfwm,University of Cambridge,Chemical Engineering,2016
hheikinh,Aalto University,Computer Science,2010
hhg2103,Columbia Engineering,"Computer Science, Electrical Engineering",2007
hhg2103,University of Pennsylvania,"Biology, Chemistry",2010
hhlee,Boston University,Biomedical Engineering,2011
hhlee,Boston University,"Jim Collins Lab, Systems Biology",2012
hhlee,Harvard Medical School,"George Church Lab, Synthetic Biology",2019
hhlee,University of Washington,"Electrical Engineering, Signal Processing",2004
hientnguyen,Fairleigh Dickinson University,Cosmetic Science,2010
hientnguyen,University of Houston,Biology/biological Sciences/chemistry,2007
hiphipjorge,Universidad de Puerto Rico,Magna Cum Laude,2011
hiphipjorge,Virginia Commonwealth University,Visual Communications,2013
hiranyajaya,University of New South Wales,Mechatronics Engineering,2016
hiranyajaya,"University of Peradeniya, Sri Lanka",Bsc,2011
hirokitakeuchi,University of Oxford,Mathematics,2008
histowiz,Cornell University,"Biochemistry, Molecular And Cell Biology",2008
histowiz,University of Rochester,Molecular Genetics,2003
hiwale,IIT Kharagpur,Computer Science,2012
hkh,Robert Gordon University,Computing For Business And Ecommerce,2007
hkh,The University of Edinburgh,Business Computing,2008
hlangeland,Norwegian University of Science and Technology,Engineering,2013
hlopezconde,NYU Stern School of Business,Business Administration,2007
hlopezconde,Universidad de Buenos Aires,Industrial Engineering,2000
hmahallati,Columbia Business School,"Management, Marketing, Entrepreneurship",2007
hmahallati,Vanderbilt University,Mechanical Engineering,1998
hmao5,Massachusetts Institute of Technology,"Computer Science And Engineering, Mathematics",2012
hmchung,Nanyang Technological University,Aerospace,2017
hmchung,National University of Singapore,Electrical And Computer Engineering,2016
hodsonwill,University of Bristol,Economics And Politics,2003
hojothum,Bucks County Community College,Computer Science,1999
hojothum,Drexel University,Computer Science,2002
hol,University of Oxford,Mathematics,2008
holasivo,Whitstone School,Cat Herding,1988
holynuno,Escola Superior de Artes e Design,Product Design,2011
holynuno,Instituto Superior de Engenharia do Porto,Mechanical Engineering,2008
homanp,University of Gothenburg,Organic Chemistry,2008
honeydew,Tel Aviv University,Cinema,2009
honeydew,Tel Aviv University,Marketing And Strategy,2012
hong,"University of California, Berkeley",Electrical Engineering And Computer Science,2009
hornej,Brigham Young University,Electrical Engineering,2018
hornej,Green River Community College,Associate Of Arts,2010
hovoere,DTU - Technical University of Denmark,Software,2011
howardzh,Massachusetts Institute of Technology,Computer Science And Mathematics,2023
howardzh,Princeton University,Machine Learning,2023
howsta,Duke University,"Mechanical Engineering, Public Policy",2009
hpvic03,The University of Texas at Austin,"Business Honors, Coursework: Computer Science, Finance, Management Information Systems",2011
hrishi,Yale-NUS College,Computer Science,2018
hrituraj1997,IIT Roorkee,Electrical Engineering,2019
hroosna,Estonian Business School,Business And Technology Management,2021
hshi,Carnegie Mellon University,Electrical And Computer Engineering,2019
hshi,Carnegie Mellon University,Robotics,2021
hsiaosquad54,"University of California, Berkeley",Sociology,2009
hsiung,Rhode Island School of Design,Graphic,2005
hstern,Columbia University,"Computer And Information Sciences, Intellectual History",2013
hstern,Stanford University,Computer Science,2017
hstern,Stanford University,Earth Systems,2010
ht96,University College London,Mathematics,2017
hturner08,Massachusetts Institute of Technology,"Aerospace Engineering, Electrical Engineering And Computer Science",2022
hua,Beihua University,Mandarin,2003
hua,Oaksterdam University,Cannabusiness,2014
hua,Pennsylvania State University,"Finance, International Business",2004
huan42,China Europe International Business School,Business Administration And Management,2014
huan42,Tsinghua University,Engineering,2002
huangm,Massachusetts Institute of Technology,Mathematics,2010
hudoassenco,Universidade Tecnológica Federal do Paraná,Computer Engineering,2019
hudsonhooper,Massachusetts Institute of Technology,Computer Science And Business Analytics,2023
huertasluis123,Universidad de Los Andes,Business,2014
hugginsm,Massachusetts Institute of Technology,Computer Science,2019
hugginsm,Massachusetts Institute of Technology,"Computer Science, Concentration In Artificial Intelligence",2020
hugosilva_,Escola Secundária de Benavente,"Computer Programming/programmer, General",2011
hugosilva_,ISCTE,Computer Science,2017
hugotarle,Ecole polytechnique,Data Science / Technology Venture,2020
hugotarle,HEC Paris,"X-hec Entrepreneurs, Deep Tech Track",2020
hugotarle,ISAE-SUPAERO,Aerospace Engineering,2020
hugotarle,Montaigne (Bordeaux),"Mathematics, Physics",2016
hugotarle,"University of California, Berkeley",Deep Tech / Data Science,2020
hugotarle,Y Combinator,Entrepreneurship,2022
hunterbrooks,Penn State University,Astronomy And Astrophysics,2016
huriegas,Universidad Autónoma de Nuevo León,Computer Sciencie,2011
husseinsyed123,The University of Texas at Austin,Computer Science,2021
hviswanathan,PSG College of Technology,Electronics And Communication Engineering,2006
hviswanathan,Rutgers University,Electrical And Computer Engineering,2014
hwan,Kwangwoon University,Computer Software Engineering And Business Administration,2012
hwjwill,"University of California, Berkeley",Electrical Engineering And Computer Science,2018
hwjwill,"University of California, Berkeley",Industrial Engineering And Operations Research,2017
hydrazine,"University of California, Berkeley","Bs, Electrical Engineering And Computer Science",2013
hypatiadotca,University of Toronto,"Computer Science, Equity Studies",2011
hypeandvice,University of Southern California,Economics,2016
hyunjiejung,"University of California, Berkeley",Data Science And Media Studies,2023
hyunsoo90,Duke University,Computer Science,2016
hyunsoo90,Duke University,Electrical And Computer Engineering / Biomedical Engineering,2015
hzuo,Cornell University,Computer Science,2016
iCarossio,Ecole polytechnique,Computer Science,2019
iCarossio,HEC Paris,Business Administration And Management,2019
iCarossio,Lycée Henri IV,Preparatory Class To French Grandes Écoles,2015
iCarossio,UC Berkeley MS ME,Entrepreneurship,2020
iCarossio,Université Paris 1 Panthéon-Sorbonne,Applied Mathematics,2016
iCarossio,X-HEC Entrepreneurs,Entrepreneurship,2020
iFelix,Classe préparatoire aux grandes écoles,Physics And Chemistry,2013
iFelix,HEC Paris,Master In Management,2016
iFelix,École des Ponts ParisTech,Financial Engineering,2017
i_robi,Ecole polytechnique,Engineering,2012
i_robi,Stanford University,Computer Science,2013
iab,University of Cape Town,Electromechanical Engineering,2004
iab,University of Cape Town,Mechanical Engineering,2007
iab,University of Oxford,Engineering Science,2013
iaculch,University of Sydney,Computer Science,2014
iamkoby,Tel Aviv University,Law,2016
iampkhan,IIT Kharagpur,Computer Science And Engineering,2017
iamshnik,IIT Kharagpur,Computer Science And Engineering,2021
iamwil,Johns Hopkins University,Computer Science,2005
iamwil,University of Illinois Urbana-Champaign,Electrical Engineering,2001
ian,Beijing Language and Culture University,Mandarin Chinese,2001
ian,Tsinghua University,Mandarin Chinese,2006
ian,University of Cambridge,Information Engineering,2004
ian,University of Cambridge,Machine Intelligence,2005
ian-gillis,Carnegie Mellon University,Computer Science,2012
ian_dot_so,University of Arizona,Computer Science,2017
iandardani,University of Cambridge,Bioscience Enterprise,2016
iandardani,University of Pennsylvania,Bioengineering,2022
iandardani,Villanova University,Mechanical Engineering,2013
ianhoegen,Georgia Institute of Technology,Computer Science,2022
ianhoegen,University of Washington,Applied And Computational Mathematical Sciences,2018
ianjanicki,Cornell University,Architecture,2012
ianjroncoroni,Princeton University,Philosophy,2006
iankraskoff,University of Virginia,Commerce,2012
ianmchenry,Princeton University,Politics,2005
iannjuguna,The University of Salford,Business Information Technology,2018
ianroberts,University of Waterloo,Science And Business Biochemistry,2014
iansharp,Ignition Boulder,Computer Programming,2015
iansharp,University of Colorado Boulder,Strategic Communications / Business,2016
iansharp,University of Colorado Boulder,Technology Design,2017
ianstormtaylor,Rhode Island School of Design,Graphic Design Graphic Design,2012
ianyanusko,University of Virginia,Political And Social Thought,2017
ianye,Stanford University,Computer Science,2027
ibburges,Harvard University,Applied Physics,2012
ibburges,University of Waterloo,Mathematical Physics,2008
ibdknox,University of North Carolina at Chapel Hill,German,2008
ibdthor,Johns Hopkins University,Cellular And Molecular Biology,2009
ibhandari10,Shri G S Institute of Technology & Science,Mechanical Engineering,2018
ibhandari10,University of Washington Information School,Information Management,2020
icecrime,Conservatoire National des Arts et Métiers,Finance,2011
icecrime,EPITECH,Computer Science,2007
iddar,ITver,Mechatronic,2012
ideeobong,Cross River University of Technology,Computer Science,2017
idewanck,The University of British Columbia,Computer Science,2013
idewanck,University of Waterloo,Engineering,2011
idomi,Columbia University,Computer Engineering,2019
idomi,The Interdisciplinary Center,Computer Science,2016
iewnait,NUS Overseas Colleges,Management Sciences And Quantitative Methods,2009
iewnait,National University of Singapore,Computer And Electronic Engineering,2010
iewnait,Stanford University,Scpd Technology Entrepreneurship,2010
ifb23,Queen's University,Biochemistry,2012
ifc,Stanford University,Computational And Mathematical Engineering,2012
ifc,University of Rochester,"Computer Science, Applied Mathematics",2010
ife_kobo360,University of Michigan-Dearborn,Information Systems And Technology,2016
ife_kobo360,University of Michigan-Dearborn,Information Technology,2013
iffyuva,"National Institute of Technology, Tiruchirappalli",Eee,2005
iforiq,Chennai Mathematical Institute,Mathematics,2006
iforiq,Ecole normale supérieure,Mathematics,2006
iforiq,Princeton University,Computer Science,2011
igino,Carnegie Mellon University,Electrical And Computer Engineering,2006
igino,Stanford University,Electrical Engineering,2008
igluhovsky,Purdue University,Honors Math,1995
igluhovsky,Stanford University,Statistics,1999
ignacio-alana,London School of Economics and Political Science,Strategic Management And International Finance,2010
ignacio-alana,Universidad Metropolitana (VE),Economics,2011
ignacio-alana,Yale University,Business,2017
ignacioviau,IAE Business School,Entrepreneurship,2016
ignacioviau,Stanford University Graduate School of Business,Business,2022
ignacioviau,Universidad de Buenos Aires,Law,2012
igor-lyubimov,Novosibirsk State Technical University (NSTU),Nanotechnologies And Physics,2006
igorzagn,AGH University of Science and Technology,Marketing,2010
igul222,Massachusetts Institute of Technology,Computer Science,2016
iirfan,University of Waterloo,Software Engineering,2020
ij23,Carnegie Mellon University,Electrical And Computer Engineering,2021
ikanny,Ajou University,정보컴퓨터공학,2017
ikanny,Y Combinator,W22,2022
il,University of Wisconsin,Psychology,2010
ilabservicejw,University of Notre Dame,Class Of 2012,2012
ilabservicejw,Université de Fribourg - Universität Freiburg,Master Of European Business,2008
ilaffey2,McGill University,"Software Engineering, Economics",2022
ilananasser,University of Southern California,Entrepreneurship,2009
iliabara,University of Waterloo,Electrical Engineering,2013
iloveluce,"Cisco Networking Academy, Mcfatter Technical Center","Network Support Services Diploma, Completion Of Cisco Certification",2012
iloveluce,Harvard University,Computer Science,2016
ilyakisel,Minsk State Linguistic University,"Communication, General",2015
ilyausorov,New York University - Leonard N. Stern School of Business,Finance,2012
imalex,Stanford University,Computer Science,2013
imarquezc,Pontificia Universidad Catolica de Chile,Software Engineering,2018
imdane,The University of Texas at Austin,Electrical And Computer Engineering,2008
imesther,"University of California, Berkeley","Sociology, Ethnic Studies",2002
imharkunwar,Delhi Public School - R. K. Puram,Computer Science,2013
imiller,Grove City College,Electrical Engineering,2013
imkevinxu,Stanford University,Computer Science,2013
immad,University of Cambridge,Computer Science,2005
immortalloom,Texas Tech University,"Computer Science, Mathematics, Physics, Engineering, Art",2009
imrankk,University of Oxford,"Economics, Psychology, Philosophy",2011
imrankk,Williams College,"Economics, Psychology",2012
imsamyang,"University of California, Berkeley",Computer Science,2020
imstevej,Harvard University,Government,2009
imstevej,"The Wharton School, University of Pennsylvania","Marketing And Operations Management, Entrepreneurial Management",2014
imwiwiim90,Pontificia Universidad Javeriana,Computer Science,2019
incantuspulka,University of Michigan College of Engineering,Computer Science,2021
inderpal,University of Illinois Urbana-Champaign,Computer Science,2005
inesgamboa,Kellogg School of Management,Mba,2017
iniudoh,University of Calabar,Computer Science,2011
injoi,Georgia Institute of Technology,"Aerospace, Aeronautical And Astronautical/space Engineering",2015
injoi,"University of California, Davis","Aerospace, Aeronautical And Astronautical Engineering",2013
inmygarage,Northwestern University,"History, Urban Studies",2005
innovate,"University of California, San Diego",Cognitive Science With A Specialization In Hci,2005
insomabio,Duke University,Biomedical Engineering,2018
insomabio,Washington University in St. Louis,Biomedical Engineering,2012
internet_jockey,University of Otago,English Language And Literature/letters,2004
internet_jockey,Western University,Journalism,2006
inventure101,"University of California, Berkeley",Mass Communications,2016
invisiblefunnel,Arizona State University,Computer Systems Engineering,2010
invisiblefunnel,Ithaca College,Business Administration/finance,2008
inzewi,Yale University,Computer Science,2017
ipudney,University of Michigan,Computer Science,2016
ire,University of Bristol,Law,2014
ire,University of Bristol,Psychology,2012
irjustin,University of Washington,Electrical Engineering,2006
irreverentmike,DePaul University,Human Computer Interaction,2012
irreverentmike,University of Connecticut,Computer Science,2009
is_rajvardhan,SRM University,Computer Science And Engineering,2013
isaacaderogba,University College Dublin,Law,2018
isaackan,Stanford University,Computer Science,2026
isaqahmed,VTU,Information Science And Technology,2003
isemenov,Carnegie Mellon University,Information Systems Management,2013
isemenov,Saint Petersburg State University,Informatics And Economics,2012
ishanagr,National University of Singapore,Computer Science And Business,2012
ishanagr,Stanford University,Management Science And Engineering,2011
ishanishu,"Birla Institute of Technology and Science, Pilani",Mechanical Engineering,2009
ishanishu,CFA Institute,"Investment Management, Portfolio Management, Valuation",2012
ishanishu,DPS Noida,High School/secondary Diplomas And Certificates,2005
ishanishu,XLRI Jamshedpur,Finance,2011
ishwargogineni,Imperial College London,Finance,2020
ismail-khan,Brown University,Computer Science And Economics,2014
ismail-salim,Imperial College London,Computer Science,2020
ismail-salim,London School of Economics and Political Science,Economics,2019
isometri,Brigham Young University,Industrial Design,2018
isometri,Y Combinator,Winter 2019,2019
israel11,University of Puerto Rico,Computer Engineering,2014
israel11,University of Puerto Rico-Mayaguez,Computer Engineering,2017
isusmelj,ETH Zurich,Electrical Engineering,2019
ithayer,Carnegie Mellon University,Computer Science,2001
ithayer,Stanford University,Computer Science,2010
ithayer,"University of California, Los Angeles",Computer Science,2003
its4tom,Ecole polytechnique,Economics And Mechanical Engineering,2001
its4tom,Stanford University,Management Science And Engineering,2003
itsjefftong,University of Waterloo,Chemical Engineering,2014
itsjeremiahs,Imperial College London,Artificial Intelligence,2015
itsjeremiahs,McGill University,First Class Joint Honours In Mathematics And Computer Science,2010
itsjeremiahs,Y Combinator,S20 Batch,2020
itsmi,ETH Zurich,Mechanical Engineering,2018
itsmi,Imperial College London,Mechanical Engineering,2013
iudotong,Massachusetts Institute of Technology,Mechanical Engineering With Concentration In Global Development And Philosophy,2018
iusiri,Stanford University,Computer Science,2017
ivan_tsarynny,CDI,Network Administrator,1999
ivanadj,Harvard University,Immunology,2008
ivanadj,University of Massachusetts Boston,Biochemistry,2003
ivanchan,Imperial College London,Computer Science,2019
ivanchan,University College London,Maths And Econ,2018
ivandarmawan,University of Southern California,Industrial And Systems Engineering,2015
ivankirigin,Carnegie Mellon University,Robotics,2005
ivankirigin,New York University,Computer Science,2003
ivanovm,"University of California, Berkeley",Computer Science,2019
ivantorroledo,Universidad de Los Andes,Economics,2016
ivantorroledo,Universidad de Los Andes,Physics,2015
iveaves,"University of California, Berkeley",Computer Science And Business Administration,2018
ivicard,Tecnológico de Monterrey,Mechatronic Engineer,2006
ivicard,University of Liverpool,Mba,2013
ivtsy,SSU,Finance And Financial Management Services,2008
ivylee,Columbia University,Statistics,2014
ivylee,Guangdong University of Foreign Studies,Mathematics And Applied Mathematics,2012
ixnim,"University of California, Berkeley",Computer Science,2001
iyanuobi,Babcock University,Computer Science,2013
iyanuobi,Portland State University,Computer Science,2017
iyography,University of North Florida,Computer And Information Sciences And Support Services,2017
izharw,Technion,Computer Science,2003
izharw,University of Toronto,Computer Science,2012
j-cheong,"University of California, Berkeley",Applied Mathematics,2017
j-lo,Dev.F.,Web Development,2015
j-lo,Universidad Nacional Autónoma de México,Engineering,2015
j-reynolds,Northwest Nazarene University,Business Administration And Management,2001
j-reynolds,University of Oregon,Journalism With An Emphasis In Public Relations,1997
j3kuntz,University of Waterloo,Engineering,2011
jHoldroyd,Northumbria University,Computer Science,2010
j_andersonbaron,University of Alberta,Human Geography,2016
j_murphy,University of Waterloo,Statistics,2023
j_pv,Stanford University,Computer Science,2013
jabibchar,Universidad del Norte,Engineering,2013
jabrams2003,University of Southern California,Business Administration And Management,2005
jacalulu,University of Waterloo,Honours Mechatronics Engineering,2010
jacekendrick,Brigham Young University,Computer Science And Business,2022
jacekprus,Acton School of Business,Entrepreneurship,2017
jacekprus,The University of Texas at Austin,Philsophy,2016
jack_solomon,Imperial College London,Computer Science,2022
jack_solomon,University of Oxford,"Philosophy, Politics, Economics",2021
jackamadeo,New York University,Mathematics,2012
jackchen21,Shanghai Jiao Tong University,Computer Science,2005
jackdkendall,University of Florida,"Chemical Engineering, Physics",2016
jackfischer,Binghamton University,Computer Science,2017
jackmhilliard,University of Victoria,General Business,2002
jackocoins,London School of Economics and Political Science,Information Systems,2021
jackogrady,University of Southern California,Physics,2019
jackross,University of Virginia,Computer Engineering,2017
jacksonstokes,University of Washington,Computer Science,2022
jacksonstokes,University of Washington,"Computer Science, Mathematics",2021
jacobdi,"The Wharton School, University of Pennsylvania",Finance,2020
jacobthornton,The New School,Sociology,2010
jacobwg,The University of Texas at Dallas,Computer Science,2014
jacopoberlu,Politecnico di Milano,Energy Engineering,2016
jacopoberlu,Politecnico di Milano,"Energy Engineering, Power Production",2018
jad27,Cornell University,Computer Science,2018
jadietrich,Rice University,Bioengineering,2005
jadietrich,"University of California, Berkeley",Bioengineering,2011
jadillionaire,Northwestern University,Industrial Engineering And Management Sciences,2015
jafallone,Duke University School of Law,Entrepreurship And Law,2017
jafallone,Florida State University,Minor In Business,2007
jafallone,George Mason University School of Law,Law,2013
jagarcia29,Massachusetts Institute of Technology,Aerospace Engineering With Information Technology,2011
jagarcia29,Tufts University,Engineering Management,2017
jaggededge1313,Stanford University,Aeronautics And Astronautics,2007
jaguar75,IIT Kharagpur,Mechanical Engineering,1996
jaguar75,National College,Electronics,1992
jaguar75,University of Illinois Urbana-Champaign,Computer Science,1999
jaguilarr,Instituto Tecnologico Autonomo de Mexico (ITAM),Economics,2018
jahaan7,"University of California, Berkeley",Computer Science And Chemical Engineering,2018
jahearn,Emily Carr University of Art and Design,"Animation, Interactive Technology, Video Graphics And Special Effects",2005
jaigouk,Seoul National University of Science and Technology,Computer Science And Engineering,2009
jaimehing,MFI Technological Institute,Information Technology,2009
jaimehing,MFI Techonological Institute,Information Technology,2009
jaimelomro,Instituto Tecnologico de Queretaro,Electronics Engineering,2011
jaimelomro,University of Southampton,Artificial Intelligence,2013
jaimelomro,University of Southampton,Computer Vision,2017
jaimemedicalbnb,British Columbia Institute of Technology,Computer Systems Technology,2006
jainamol,DA-IICT,Information Technology,2011
jaip217,Massachusetts Institute of Technology,"Microbiology, General",2023
jaip217,University of Washington,"Microbiology, General",2016
jaiyarla,"University of California, Berkeley",Physics And Computer Science,2021
jakelau,The College of William and Mary,Accounting And Finance,2006
jakelau,The College of William and Mary,"Finance, Economics Economics",2005
jakemor,Emory University,Computer Science,2017
jakemoshenko,University of Michigan,Computer Engineering,2005
jakepgoldman,"The Wharton School, University of Pennsylvania",Business Analytics,2020
jakepgoldman,University of Pennsylvania,Computer Science,2020
jakequist,University of Utah,Computer Science,2007
jakestein,"The Wharton School, University of Pennsylvania",Finance And Entrepreneurship,2006
jakubcichon,NYU Tandon School of Engineering,Computer Science,2013
jalehr,Stanford University,Management Science And Engineering,2007
jalehr,"University of California, Berkeley",Mechanical Engineering,2006
jamenendez,Tec de Monterrey,Computer Engineering,2019
james_impliu,University of Cambridge,Economics,2010
james_rth,University of Oxford,Chemistry,2009
james_rth,University of York,Biochemistry,2005
jamesbrady,University of Cambridge,Computer Science,2005
jamescundle,Brighton University,Viticulture And Oenology,2011
jamescundle,Open University,Computing,2003
jamescundle,Wines and Spirits Education Trust,Wines And Spirits,2012
jameside,"University of California, Berkeley",Electrical Engineering And Computer Sciences,2010
jamesjarabotin,Centro Educativo Adventista de Costa Rica,Bachillerato,2006
jamesjarabotin,INCECOM,"Visual Basic, Java",2009
jamesjarabotin,Instituto Tecnológico de Costa Rica,Tec,2009
jamesjarabotin,Microsoft en New Horizons,Managing And Maintaining Windows Server 2008 Servers,2011
jamesjyu,Cornell University,Electrical Engineering,2004
jamesjyu,Stanford University,Electrical Engineering,2005
jameslevy,Northwestern University,"Journalism, Online Media",2008
jameslindenbaum,Boston University,Business Management Finance,2003
jamesliu08,University of Chicago,Computer Science,2021
jamest,University of Wisconsin,Industrial Engineering,2007
jamesvaughan,Stanford University,International Relations With Honors,2009
jamesvaughan,The University of Texas at Austin,Finance And Entrepreneurship,2016
jameswilsterman,Harvard University,Economics,2010
jamieblueschwab,University of Western Ontario,Math And Economics,2016
jamiemarshall,London School of Economics and Political Science,Public Finance,2016
jamiemarshall,Yale University,Neuroscience,2019
jamiequint,University of Portland,"Electrical Engineering, Entrepreneurship",2007
jamievayable,Columbia University,Broadcast Journalism,2006
jamievayable,Instituto Internacional,"Psychology, History, Journalism",2000
jamievayable,Universitat de Barcelona,"Art, History, Politics",2001
jamievayable,Wesleyan University,History,2002
jamilbk,The University of Texas at Austin,Electrical And Computer Engineering,2010
jamisonmercurio,Princeton University,Computer Science,2020
jamisonmercurio,The University of Edinburgh,Informatics,2019
jammur,HEC Paris,Mba,2007
jammur,University of Dayton,Computer Engineering,2000
janamith,Stanford University,Electrical Engineering,2020
janeteperez,Brown University,Computer Science,2006
janethur,Sogang University,Mechanical Engineering,2007
janethur,"University of California, Los Angeles","Mechanical And Aerospace Engineering, Mems",2012
janhenr,KU Leuven,Commercial Engineering In Management Information Systems,2019
janhenr,Tsinghua University,Computer Science And Technology,2022
janisberneker,University of Zurich,Media And Communications,2014
jannickbendtsen,Technical University of Denmark,Bioinformatics,2004
jannickbendtsen,University of Southern Denmark,Molecular Biology,2000
janoboril,University of Cambridge,"Chemistry, Molecular Biology, Statistics",2023
jansont,"Ecole Polytechnique, Paris",Artificial Intelligence,2023
jansont,McGill University,Electrical Engineering And Mathematics,2022
jaraujod,Universidad Politécnica de Madrid,Software Engineering,2014
jaraujod,Universidad del Norte,Ingeniería De Sistemas / Computer Science,2010
jaredgrippe,Santa Rosa Junior College,Computer Software Engineering,2001
jaredhanson11,Massachusetts Institute of Technology,Computer Science,2018
jaredhobbs,University of New Mexico,Computer Science,2008
jaredrodman,University of Utah,Philosophy,2011
jarmstropreamp,University of Missouri,Biological Sciences,1994
jarmstropreamp,University of Missouri,Neuroscience,1997
jarnoux,"ENSEEIHT - Ecole Nationale Supérieure d'Electrotechnique, d'Electronique, d'Informatique, d'Hydraulique et des Télécommunications",Mathematics And Computer Science,2010
jarnoux,University of Pennsylvania,Computer Science,2012
jasminenqhuynh,Massachusetts Institute of Technology,Computer Science,2013
jasonalco,"University of California, Los Angeles",Computer Science,2018
jasondc,University Of Maryland,Computer Science,2002
jasondgray,University of Calgary,Finance,2006
jasondgray,University of Calgary,"Law, Northern Planning And Development Studies",2000
jasondgray,University of Saskatchewan,Agriculture,2001
jasong,University of Waterloo,Bachelor Of Arts,2013
jasongillham,University of Waterloo,Mechanical Engineering,2007
jasongillham,University of Waterloo,Mechatronics Engineering,2012
jasonhoch,Massachusetts Institute of Technology,Math And Computer Science,2013
jasonjk,Harvard University,Computer Science,2003
jasonlaramburu,Princeton University,"Ecology And Evolutionary Biology, Renewable Energy, Environmental Studies",2007
jasonmccay,Auburn University Harbert College of Business,Information Systems,2000
jasonmustian,William & Mary,Economics,2003
jasonshen,General Assembly,Front,2015
jasonshen,Stanford University,Biology,2009
jasonshen,Stanford University,"Biology, Philosophy",2008
jasontan,University of Washington,Computer Engineering,2006
jasontraff,Texas A&M University,Finance,2006
jasonwcfan,University of Toronto,Computer Science,2017
jasonwilk,"Loyola Marymount University, College of Business Administration",Technology,2007
jasparartisan,Lord Wandsworth College,"Economics, Geography",2019
jasper_m,Elisava School of Design and Engineering,Design And Communication Strategies,2004
jasper_m,Utrecht School of Arts,Motion Design,2001
jasperdstory,University of Durham,"Politics, Philosophy, And Economics",2009
jasperjia,Imperial College London,Innovation Design Engineering,2021
jasperjia,University of Melbourne,Economics,2018
jassmith87,Baker College Business and Corporate Services,General,2006
jassmith87,Schoolcraft College,General,2007
jassmith87,Western Michigan University,Computer Science,2011
jasujaayush,IIT Kanpur,Computer Science,2015
jasujaayush,"University of California, San Diego",Computer Science,2018
javacuate,University of Canterbury,Computer Science,2012
javiergzz,Universidad Autonoma de Nuevo Leon,Technology,2013
javipalafox,ICEX-CECO-Universidad Internacional Menendez Pelayo (UIMP),International Management,2012
javipalafox,IEB,Auditing And Financial Risks,2010
javipalafox,Universidad Carlos III de Madrid,Economics,2009
javvee,Mälardalens Högskola,Computer Science,2008
jawest,University of Cambridge,Mathematics,2009
jaxr,Universidad Blas Pascal,Telecommunication Engineering,2007
jaxr,Universidad Nacional de Córdoba,Data Science,2021
jayair,University of Waterloo,Computer Engineering,2008
jayanthtn,Chennai Mathematical Institute,Physics,2009
jayanthtn,Syracuse University,Physics,2015
jaygokhale,"University of California, Davis",Machine Learning,2015
jaygokhale,"University of California, Davis",Mechanical Engineering,2014
jaygokhale,"University of California, Santa Barbara",Aerospace Engineering,2012
jayjay71,Carnegie Mellon University,Robotics,2012
jayjay71,University of Illinois Urbana-Champaign,Electrical Engineering,2008
jayokra,University of Michigan,Business Administration,2013
jayreno,Columbia University,Climate And Environmental Science,2012
jazofeifa,University of Colorado - Boulder,Computer Science,2016
jazofeifa,University of Colorado Boulder,Computer Science,2016
jazofeifa,Vassar College,Biology And Philosophy,2012
jazzychad,Georgia Institute of Technology,Computer Science,2006
jbackus,Stanford University,Computer Science,2016
jbaviat,ENSIIE,"Computer Science, Networks, Mathematics",2008
jbaviat,Université Pierre et Marie Curie,Computer Systems Networking And Telecommunications,2009
jbcoger,ISAE Supaero,"Aerospace, Aeronautical And Astronautical Engineering",2013
jbcoger,Umeå Institute of Design,Industrial And Product Design,2012
jbdowney,Massachusetts Institute of Technology,Electrical Engineering And Computer Science,2006
jbe90066,Princeton University,History,2005
jbeller,Brown University,History,2018
jberens,Northwestern University,Business,2013
jberens,University of Arizona,Economics,2006
jblanche,"Gobelins, Paris",Multimedia,2008
jblanche,"Institute of Technology, Tralee",Software Development,2006
jblancher,42,It,2016
jblancher,Corporate Finance Institute (CFI),International Finance,2020
jblancher,HEC Paris,Marketing And Communication,2014
jblok,Whitgift School,"Geography, German, Graphic Design, Design Technology",2009
jbmtiu,University of Santo Tomas,Food Technology,2014
jborrajo,Massachusetts Institute of Technology,Biological Engineering,2019
jborrajo,"University of California, Los Angeles",Chemical And Biomolecular Engineering,2013
jbott,Lehigh University,Computer Science And Business,2019
jbuc4338,University of Sydney,Economics,2010
jbuc4338,University of Sydney,Law,2012
jbwyme,Virginia Polytechnic Institute and State University,History,2010
jc00ke,Washington University in St. Louis,Mathematics,2003
jcady92,Rensselaer Polytechnic Institute,"Electrical Engineering, Computer And Systems Engineering",2014
jcameron,Monash University,Computer Science,1995
jcatalan,BASA,"Aeronautics/aviatioerospace Science And Technology, General",2017
jcatalan,Cisco Training,Information Technology,2008
jcatalan,Cultural Inglesa de Buenos Aires,English,2003
jcatalan,Instituto Tecnológico de Buenos Aires,Computer Engineering,2010
jcatalan,Instituto Tecnológico de Buenos Aires,Information Technology Analyst Computer Engineering,2008
jcdelarua,ITBA (Instituto Tecnologico de Buenos Aires),Engineering,2014
jcfiaschetti,Boston University,Mechanical Engineering,2017
jcgr,Collective Academy,Master In Business And Technology,2018
jcgr,Illinois Institute of Technology,Engineering/industrial Management,2015
jcgr,Latitud,Entrepreneurship/entrepreneurial Studies,2021
jcgr,Tecnológico de Monterrey,Industrial Engineering,2015
jchedev,EPITECH,Computer Science,2012
jchedev,"University of California, Berkeley",Computer Engineering,2011
jchermawan,Cass Business School,Finance,2003
jchermawan,Monash University,International Business,1997
jd007,University of Toronto,Computer Science,2012
jdamato,Carnegie Mellon University,"Computer Science, Cognitive Science",2007
jddw,Massachusetts Institute of Technology,Nuclear Engineering,2014
jddw,University of Florida,Nuclear Engineering,2008
jdeepali,"University of California, Berkeley",Electrical Engineering And Computer Science,2022
jdelafargue,Imperial College London,Computer Science,2012
jdelafargue,Lycee International,Science,2008
jdemaria1104,Loyola Marymount University,Biochemistry,2012
jdgalvez,New York University,Business And Entrepreneurship,2017
jdgibson_ts,Florida Institute of Technology,Aerospace Engineering,2008
jdgibson_ts,North Carolina State University,Aerospace Engineering,2013
jdorris3,Cornell University,Applied And Engineering Physics,2001
jdorris3,Massachusetts Institue of Technology,Physics,2009
jdorward,Cornell University,History,2003
jdorward,Santa Clara University,Finance,2007
jdorward,Santa Clara University School of Law,Law,2007
jdrewbarrett,University of Virginia,Accounting,2007
jdrewbarrett,University of Virginia,Commerce,2006
jdricci,"University of California, Riverside",Entomology,2015
jdricci,University of Illinois Urbana-Champaign,Integrative Biology,2012
jdsully,Ryerson University,Computer Science,2009
jdubey,Stanford University Graduate School of Business,Entrepreneurship And Finance,2015
jdubey,University of Michigan - Stephen M. Ross School of Business,"Finance, Accounting, And Economics",2007
jduggs01,Griffith University (Australia),International Business And Strategy,2012
jduggs01,Queens University,Business And History,2010
jdumazert,ETH Zürich,"Machine Learning, Data Mining",2015
jdumazert,Ecole polytechnique,Computer Science And Applied Mathematics,2014
jeankaddour,Imperial College London,Machine Learning,2019
jeankaddour,University College London,Machine Learning,2024
jeanlaf,Ecole polytechnique,Technological Innovation,2009
jeanlaf,University of Cambridge,Technology Policy,2009
jeanyngo,University of Houston,Management Information Systems,2011
jecastillof,UCAB - Universidad Católica Andrés Bello,Computer Science,2016
jechen,Carnegie Mellon University,Computer Science,2012
jechen,International Culinary Center,Culinary Arts/chef Training,2019
jeeshan,University of Alberta,Medical Science,2004
jeeshan,University of Oxford,Diagnostic Imaging,2011
jeevika,The Univeristy of Melbourne,Economics,2010
jeff-huang,University of Chicago,Mathematics And Economics,2016
jeff-jenfi,Northwestern University,Economics,2007
jeffDef,University of Michigan,Engineering,2000
jeffan,University of Waterloo,"Computer Science / Statistics, Business Option",2020
jeffbarg,"The Wharton School, University of Pennsylvania","Management, Entrepreneurship",2017
jeffbarg,University of Pennsylvania,Computer Science,2017
jefflab,California Polytechnic State University,Computer Engineering,2006
jefflab,California Polytechnic State University,Computer Science,2007
jeffpeterson,Western Michigan University,Computer Science,2013
jeffreybarrett,University of Arizona,Information Systems,2009
jeffreyengler,Columbia University,History,2005
jeffreyz,"University of California, Berkeley",Computer Science,2018
jeffreyz,University of Illinois Urbana-Champaign,Computer Vision,2023
jeffreyz,Y Combinator,S21,2021
jeffreyzliu,Duke University,Computer Science,2024
jeffwhitlock,Brigham Young University,Economics,2012
jeffwidman,Western Washington University,Economics,2009
jeffwidman,Whatcom Community College,Aa,2004
jeffyee,University of Michigan,Computer Science,2002
jefriyanto08,Universitas Bina Nusantara,Computer Science,2012
jeiting,The Ohio State University,Engineering Physics,2012
jennahua3,Stanford University,Stanford Prevention Research Center,2019
jennahua3,Stanford University Graduate School of Business,Certificate Program In Innovation And Entrepreneurship,2018
jennahua3,"University of California, Berkeley",Environmental Health Sciences,2016
jennahua3,"University of California, Berkeley",Nutrition,2007
jennahua3,VA Greater Los Angeles Healthcare System,Dietetics/dietitian,2009
jenniferpattee,"University of California, Santa Cruz",Politics,1993
jensenjd,Iowa State University,Mechanical Engineering,2010
jensenjd,Massachusetts Institute of Technology,Mechanical Engineering,2016
jer_ber,University of Pennsylvania,Computer Science,2018
jeremieh,De Anza College,Business Management,2003
jeremieh,University of Phoenix,"Business Administration, Management And Operations",2007
jeremieharris,Max Planck -- University of Ottawa Center for Extreme and Quantum Photonics,"Foundations Of Quantum Mechanics, Paradoxes In Quantum Mechanics",2017
jeremieharris,University of Ottawa,Physics,2013
jeremieharris,University of Toronto,Biological Physics,2014
jeremyandrews,Memorial University of Newfoundland,Mechanical Engineering,2017
jeremychamoux,Aix-Marseille University,Computer Vision,2007
jeremygoz,"Ecole Polytechnique, Paris",Artificial Intelligence,2021
jeremygoz,The University of Bath,Computer Systems Engineering,2019
jeremymims,Washington and Lee University,History,2004
jeremynevans,City University London,Broadcast Journalism,2013
jeremynevans,University of Cambridge,Physics,2012
jeresig,Rochester Institute of Technology,"Computer Science Data Mining, Economics, And Web Development",2006
jernejz,Univerza v Mariboru,Informatics,2013
jeromegn,Jerome's School for Autodidacts,Learning To Learn,2002
jeromesls,ENSTA ParisTech - École Nationale Supérieure de Techniques Avancées,"Engineering, Applied Mathematics",2011
jeromesls,Universitat Politècnica de Catalunya,Telecommunications Engineering,2011
jerryliu12,Duke University,Computer Science,2021
jescobedo,Pontificia Universidad Católica del Perú,Physics,2006
jescobedo,University of Amsterdam,Theoretical Physics,2008
jescobedo,University of Waterloo,Physics,2012
jess-gaiascope,Tulane University,Finance,2008
jess-zhang,Cornell University,"Finance, Management, Real Estate",2017
jessegenet,Art Center College of Design,Product Design,2010
jessegenet,"University of California, Los Angeles","Communications, Business Leadership",2008
jessemzhang,Stanford University,Electrical Engineering,2019
jessemzhang,Tufts University,Electrical Engineering,2014
jessep,Stanford University,"Product Design, Mechanical Engineering",2003
jessezhang,Harvard University,Computer Science,2018
jessi_ljx,University of Pennsylvania School of Medicine,"Genetics, Bioengineering",2024
jessi_ljx,Vanderbilt University,Molecular Biology,2017
jetaries,University of Rochester,"Computer Science, Economics",2002
jetzzzzz,Massachusetts Institute of Technology,Computer Science And Engineering,2011
jetzzzzz,Massachusetts Institute of Technology,Electrical Engineering And Computer Science,2012
jeztek,Stanford University,Computer Science,2007
jeztek,"University of California, Berkeley",Electrical Engineering And Computer Science,2003
jfainberg,New York Film Academy,Film,2008
jfainberg,The University of Edinburgh,Artificial Intelligence,2020
jfainberg,University of Oslo,"Calculus, Linear Algebra, Electromagnetism, Psychology",2011
jfainberg,University of Surrey,Music And Sound Recording,2014
jfb,Georgia Institute of Technology,Computer Science,2006
jfcastano,Dartmouth College,Economics,2019
jfcastano,MIT Sloan School of Management,Entrepreneurship,2024
jflesser,Amherst College,Biology,2007
jflesser,Harvard Business School,Business,2013
jflesser,University of Cambridge,Bioscience Enterprise,2010
jfraiman,Dartmouth College,Computer Science,2000
jfraiman,New York University,Computer Science,2002
jfriedland01,"University of California, Los Angeles",Bachelor Of Science,2019
jfrumar,"University of California, San Diego","Computer Security, Web Apps, Psychology, Economics",2003
jfrumar,University of New South Wales,Bit Business Information Technology,2003
jfudem,"University of Southern California, School of Cinematic Arts",Media Arts And Practice,2016
jfyzhao,Harvard University,"Computer Science, Secondary In Linguistics",2016
jgarciach,University of Pennsylvania,Engineering,2012
jgardner2051,Princeton University,Computer Science,2022
jgershen,Carnegie Mellon University,Computer Science,2010
jgillman,Minneapolis College of Art and Design,Interactive Media,2008
jgrafenstein,"University of Minnesota, Twin Cities",Computer Science,2016
jgrall,Eton College,"Biology, Physics, Mathematics",2001
jgrall,Massachusetts Institute of Technology,Computer Science,2005
jgrassia,National University of Singapore,"Southeast Asian Studies, Chinese",2007
jgrassia,"University of California, Los Angeles","International Development, Chinese Language",2009
jgrushcow,University of Chicago,Molecular Genetics And Cell Biology,2000
jgrushcow,University of Chicago,The Law School,2003
jgrushcow,University of Toronto,Human Biology,1995
jgynot,Penn State University,Entrepreneurship,2005
jh205026,Harvard University,Sociology And Computer Science,2019
jhansie,Lady Shriram College,Commerce,2013
jharding,University of Michigan,Computer Science,2011
jhchen,Stanford University,Computer Science,2011
jheinvirta,ZHAW School of Management and Law,International Management,2018
jheyman,The University of Texas at Austin,Business Honors/marketing,2000
jhnling,Dartmouth College,Computer Science And Economics,2017
jhought3,The University of Tennessee Knoxville,Marketing And International Business,2010
jhubball,Columbia Business School,Media Management And Marketing,2005
jhubball,Georgetown University,Business Administration,1997
jhubert3,Loyola Marymount University,Film,2016
jiaerxh,Texas A&M University,Nutrition,2016
jialutu,Imperial College London,Mathematics,2009
jiaweicli,University College London,Medicine,2014
jiawentang,Columbia University,Economics And Political Science,2015
jiawentang,Harvard University Kennedy School of Government,International Development,2021
jiaxinlin01,Huazhong University of Science and Technology,Messing Around,2012
jiaxinlin01,University of Colorado Boulder,Messing Around,2013
jiaxinlin01,University of Illinois Urbana-Champaign,Computer Science,2016
jie,Lycée Chaptal,"Mathematics, Physics",2004
jie,Université Denis Diderot,History,2006
jie,Université Pierre et Marie Curie,"Computer Science, Operations Research",2007
jiggity,Massachusetts Institute of Technology,Electrical Engineering And Computer Science,2010
jiggity,Seoul National University,정책학,2003
jiglum,SAE Institute,Audio Engineering,2007
jijosunny,Y Combinator,W19,2019
jillboyce,Princeton University,Electrical Engineering,1990
jillboyce,The University of Kansas,Electrical Engineering,1988
jim8181,University of Chicago,Mathematics,1994
jim8181,University of Wisconsin-Madison,"Applied Mathematics, Computer Science",1989
jimbru,University of Michigan,"Computer Science Engineering, Economics",2010
jimhi,Nanjing University,Mandarin,2010
jimhi,Northeastern University,"Computer Science, Business Administration",2014
jimiasty,Jagiellonian University,Computational Physics,2003
jimiasty,"Jagiellonian University
Master of Science",Applied Computer Science,2005
jimxmason,University of Washington - Michael G. Foster School of Business,Finance,2011
jinal,Sardar Patel University,Information Technology,2000
jinal,"St Xavier's High School, Ahmedabad",Science,1996
jinal,University of Southern California,Computational Biology And Bioinformatics,2004
jinpan,Massachusetts Institute of Technology,Computer Science,2016
jinrummie,University of Pennsylvania,Computer Science Engineering,2010
jinstedge,Massachusetts Institute of Technology,Aerospace Engineering,2013
jiunruh,Bristol University,Philosophy,2005
jiunruh,Flagler College,Philosophy,2004
jiunruh,Florida State University College of Law,Law,2011
jiyannwei,Georgetown University,English And Music Theory,2000
jja336,Columbia University,Political Science,2014
jja336,New York University,Economics,2016
jjackley,Bucknell University,Ba,2000
jjackley,Stanford University Graduate School of Business,Mba,2007
jjb123,Wake Forest University,"Economics, International Development And Policy",2008
jjmachan,Model Engineering College,Computer Science,2020
jjsylvestre,University of Wisconsin-Madison,Electrical Engineering,2019
jk327jk327,Cornell University,Biotechnology,2005
jk327jk327,Stanford University School of Medicine,Genetics,2011
jkapongo,University of Ottawa / Université d'Ottawa,Biomedical Mechanical Engineering And Computing Technology,2015
jkarol7,Emory University,Mathematics And Computer Science,2019
jkc101,Carnegie Mellon University,Computer Science,2015
jkelleyrtp,Franklin W. Olin College of Engineering,Electrical And Computer Engineering,2022
jkerber,Center for Digital Technology and Management,Technology Management,2020
jkerber,Technical University Munich,"Robotics, Cognition, Intelligence",2020
jkerber,University of Applied Sciences Ingolstadt,Automotive Computer Science,2017
jkerkvliet,Princeton University,Ecology And Evolutionary Biology,2021
jkhowland,Brigham Young University,Economics,2011
jkim00,University of Chicago,Economics,2023
jkirshner,City of Hope Graduate School of Biological Sciences,Molecular And Cell Biology,2003
jkirshner,Coursera,3d Modeling And Interaction In Vr,2023
jkirshner,"University of California, Davis",Genetics,1998
jkottapa,University of Waterloo,Computer Science With Business Option,2013
jkresner,University of New South Wales,History,2006
jks718,Stanford University,Computer Science,2015
jks718,Stanford University,Economics,2010
jkurnia,The George Washington University,International Economics,2007
jkurnia,Wake Forest University,Political Science,2005
jladd11,Harvard University Kennedy School of Government,Exponential Fundraising,2017
jladd11,Johns Hopkins Bloomberg School of Public Health,Epidemiology Of Infectious Diseases,2014
jladd11,Johns Hopkins Bloomberg School of Public Health,"Epidemiology, Health Communication",2011
jladd11,Pomona College,Public Policy / Human Sexuality,2008
jladd11,Stanford University Graduate School of Business,Executive Program For Nonprofit Leaders,2017
jlehman,"University of California, Santa Cruz",Computer Science,2011
jlemoine,Ecole pour I'Informatique et les Techniques Avancées,"Computer Engineering, Specialization In Cognitive Science And Advanced Algorithms",2004
jlevine29,Georgia Tech,Bs,2011
jlluch,IESE Business School,Mba,2011
jlluch,La Salle (Ramon Llull University),Electronic Engineer,2007
jlm382,Bard College at Simon's Rock,Liberal Arts,2007
jlm382,"University of California, Berkeley",Computer Science,2010
jlossada87,Universidad del Norte,Systems Engineering,2008
jltino,Stanford University,Computer Science,2013
jlturner,"University of California, Los Angeles",Design,2010
jma3,Stanford University,Management Science And Engineering,2015
jma3,Stanford University School of Medicine,Clinical Informatics Management,2024
jmagder,University of Toronto,Computer Science,2005
jmairena,Southwest Miami High,Engineering,2017
jmairena,University of Pennsylvania,Bioengineering,2021
jmarbach,Wake Forest University,Computer Science,2015
jmarcus,Massachusetts Institute of Technology,"Strategic Management, Operations, Marketing",2009
jmarcus,University of Michigan,"Electromagnetic Compatibility, Embedded Systems, System Control Theory",2007
jmarr,Case Western Reserve University,Computer Science,2004
jmarrapodi,University of Arizona,Marketing,1997
jmbotero,Y Combinator,Alumni,2020
jmcintire1,Harvard College,Philosophy,2019
jmcwjmcw,"National University of Ireland, Galway",Philosophy And Psychology,2006
jmcwjmcw,University of St Andrews,Philosophy,2007
jmdelaney8,Purdue University,Physics And Economics With A Focus In Electrical Engineering,2017
jmdelaney8,University of Michigan,Physics And Computer Sciece,2019
jmendez25,Colegio de Estudios Superiores de Administración - CESA,Business Administration,2018
jmendez25,Haagse Hogeschool Den Haag,Business Administration,2016
jmerz,"University of California, Berkeley",Electrical Engineering Computer Science,2017
jmil,Massachusetts Institute of Technology,Biology,2003
jmil,Rice University,Bioengineering,2020
jmil,University of Pennsylvania,Bioengineering,2013
jmintz,Santa Clara University,Electrical Engineering,2004
jmoorebeek,University of Cambridge,Aerospace Engineering,2014
jmoorebeek,University of Southern California,Aerospace Engineering,2010
jmorgan,University of Waterloo,Software Engineering,2013
jmorin007,The Pennslyvania State University,Information Sciences And Technology,2004
jmorrill,California College of the Arts,Design,2019
jmsantha,Georgia Institute of Technology,Industrial And Systems Engineering,2008
jmsetzer,North Carolina State University,Finance And Entrepreneurship,2013
jmsuarez21,"University of California, Berkeley",Psychology,2008
jmtame,University of Illinois Urbana-Champaign,"Computer Science, Advertising",2011
jmvldz,Stanford University,Computer Science,2014
jnewhouse,Harvey Mudd College,Mathematics,2012
jnymnz,University of Florida,Biological Engineering,2015
jnzewi,Pennsylvania State University,Petroleum Engineering,2016
jnzewi,Vanderbilt University,Mechanical Engineering,2013
joaocosta,Barddal University of Applied Arts,Graphic Design,2009
joaocosta,Stanford University,Management,2021
joaocosta,Universidade Federal de Santa Catarina,Design Management,2012
joaopthompson,Babson College,Business Administration,2012
joaovp,Insper,Business And Economics,2019
joaquinolmedo,Loyola College,Industrial Engineer,2016
joaquinolmedo,Pontificia Universidad Católica de Córdoba,Industrial Engineer,2017
joaquinolmedo,Universidad Blas Pascal,Business Management,2016
jobryan,Stanford University,Physics,2010
jobryan,"University of California, Irvine",Physics,2015
jobsdone,Grand Valley State University,Computer Science,2013
jododown,University of Virginia,Computer Science,2018
joefigura,Massachusetts Institute of Technology,Aerospace Engineering And Physics,2017
joegreenstein,"The Wharton School, University of Pennsylvania",Economics,1999
joegreenstein,University of Pennsylvania,Computer Science Engineering,1999
joel-pendleton,University College London,Physics,2022
joel-pendleton,University of Oxford,Engineering Science,2024
joelkek,Stanford University,Computer Science,2015
joelkoshy,MS Ramaiah Institute of Technology,Engineering/industrial Management,2015
joelwp,Columbia University,Economics,2014
joepestro,Miami University,Computer Science,2008
joeroot,Imperial College London,Computing,2011
joeroot,University of Oxford,Computer Science,2012
joetheone,"University of California, Berkeley",Computer Science,2011
joewaltman,"University of California, Berkeley",International Relations,1995
joewaltman,University of Southern California,Computer Science,1999
joeyvanommen,Haagse Hogeschool Den Haag,Communication And Media Design,2014
johannesberdin,Universität des Saarlandes,"Computer Science, Mathematics",2017
john_noumenonic,University of Waterloo,Mechatronics Engineering,2014
john_noumenonic,University of Waterloo,Systems Design Engineering,2017
johnanisere_,Osun State University,Physics With Electronics,2015
johnanisere_,Udacity,Computer Science,2020
johnbautista,Harvard Law School,Law,1991
johnbautista,"University of California, Los Angeles",Economics And French,1998
johncli,"University of California, Berkeley","Computer Science, Business Administration, French",2015
johncli,"University of California, Berkeley, Haas School of Business",Business Administration,2014
johncli,Université Paris-Sorbonne,Cours De Civilization,2012
johnhemlin,San Diego State University,Mathematics,2017
johnhemlin,Stanford University,Political Science And Government,2023
johnjost,University of Colorado - Boulder,Quantum And Atomic Physics,2010
johnjost,University of Colorado at Boulder,Engineering Physics,2001
johnkeh,"University of California, Berkeley",Political Economies Of Industrialized Societies,2008
johnlai,Harvard University,Electrical Engineering,2006
johnlsanders,Stanford University,Chemical And Systems Biology,2014
johnlsanders,Yale University,Chemistry,2005
johnmccam,Dartmouth College,Computer Science,2023
johnptr,Mines ParisTech,General Engineering,2013
johnrising,University of Southern California,Mechanical Engineering,2014
johnstimac111,Purdue University,Computer Science,2018
johnstonadrian,Harvard University Kennedy School of Government,Climate Change And The Energy Transition,2020
johnstonadrian,INSEAD,Master Of Business Administration,2019
johnstonadrian,University of Oxford,Theoretical Physics,2009
johnwaldie,Penn State University,Engineering Science And Mechanics,2007
johnwaldie,"University of California, Berkeley",Bioengineering,2012
johnwaldie,"University of California, San Francisco",Bioengineering,2012
johnwetzel,University of Notre Dame,Industrial Design,2016
johnyoung,Xavier School,Ibdp,2018
johnztan,Harvard Business School,General Management,2017
johnztan,Harvard College,Applied Math,2013
joinanton,Academy of Contemporary Music,"Music Business Degree Publishing, Distribution, Music Law, Marketing, Pr",2010
joinanton,Kyiv National Linguistics University,Translation,2006
jolenam,Stanford University,Management Science And Engineering,2020
jolenam,Stanford University,Minor: Computer Science,2019
jolewy,Haute Ecole 'Groupe ICHEC,"Business Administration And Management, General",2001
jolewy,Ichec Brussels Management School,"Business Administration And Management, General",2001
jollysonali,New York University,Interaction Design,2006
jolshav,Clemson University,Mechanical Engineering,2016
jolshav,"University of California, Berkeley",Bioengineering,2019
jolshav,"University of California, San Francisco",Translational Medicine,2019
jomanw,Massachusetts Institute of Technology,Computer Science,2020
jon-fry,University of Texas at Austin,Accounting,2013
jon-fry,University of Texas at Austin,Business Administration,2012
jonahhanig,Columbia University,Economics,2017
jonahkall,Harvard University,Computer Science,2017
jonathancameron,National Taiwan Normal University,Mandarin Language,2010
jonathancameron,"The Ohio State University

2011",Chinese,2011
jonathanmendes,The University of Western Ontario,Computer Science,2014
jonathannorris,Queen's University,Mechanical Engineering,2011
jonathanyan,Stanford University,Computer Science,2016
jonathanyin_12,Yale University,Computer Science And Statistics,2024
jondishotsky,"University of California, Davis",Managerial Economics,2006
jondishotsky,Y-Combinator,Making Something People Want,2016
jondkoon,Georgia Institute of Technology,Computer Science,2009
jonghyuk0605,Seoul National University,"Computer Science And Engineering, Mathematics",2017
jonkthomas,University of Toronto,Bachelor Of Applied Science,2015
jonkthomas,Y Combinator,W21,2021
jonlee,Pomona College,Molecular Biology,2007
jonlee,Stanford University School of Medicine,Health Economics,2022
jonlee,University of Chicago,"Entrepreneurship, Economics",2014
jonli1,University Of Maryland,Computer Engineering,2009
jonmurray,Bucknell University,Mechanical Engineering,1996
jonsukhia,Duke University,Fuqua School Of Business,2012
jonsukhia,Florida State University,Accounting And Finance,2010
jontang,Berklee College of Music,Jammin' Out! Guitar,1994
jontang,Tufts University,"International Relations, Asian Studies",1991
jonzlin,"University of California, Berkeley",Electrical Engineering And Computer Science,2014
jordankobert,Bates College,Economics,1996
jordankobert,The University of Michigan - Ross School of Business,Business Economics And Management,2003
jordanmessina,Binghamton University,Computer Science,2009
jordannoone,University of Southern California,Aerospace Engineering,2014
jordannoone,University of Southern California,Biophysics,2013
jordanyaqoob,CUNY Hunter College,Biochemistry,2021
jorde,Aalto University,Masters Of Science Telecommunications,2010
jordn,University of Cambridge,Engineering,2013
jordn,University of Cambridge,Machine Learning,2016
jorge_silveira,FIAP,Information Technology,2015
jorgeflores,Platzi,Escuela De Producción Audiovisual,2020
jorgeflores,Universidad del Valle de México,Marketing And Advertisement,2008
jorgeflores,Y Combinator,(yc W20),2020
jorgeortiz85,Stanford University,Symbolic Systems,2007
jorlow,Purdue University,Computer Science,2007
josborn,Cornell University - Johnson Graduate School of Management,Focusing On Marketing,2009
josborn,Stony Brook University,Computer Science,2003
jose_sanchez,Pontificia Universidad Católica de Chile,Engineering,2012
joseakle,Tec de Monterrey,Software Engineering,2006
josedelaluz,Georgetown,Gcl,2018
josedelaluz,Tecnológico de Monterrey,Economics,2008
joseignaciogal,Colegio Nacional Ushuaia,Humanities,2007
joseignaciogal,ITBA,Computer Science,2015
joseignaciogal,London Business School,Eo/london Business School: Break The Barriers To Growth,2020
joseignaciogal,Stanford University Graduate School of Business,Business,2022
joseignaciogal,Terra.do,Climate Change: Learning For Action,2020
joseignaciogal,Y Combinator,Waterplan,2021
joseluisnuno,ITESO Universidad Jesuita de Guadalajara,Economic Development,2011
joseluisnuno,Universidad Autónoma de Guadalajara,Chemical Engineering,1997
joseluisnuno,Universidad de Guadalajara,Biotechnology,2001
joseluisnuno,Universitat Autònoma de Barcelona,Biotechnology,2015
josephgilley,Binghamton University,Computer Engineering,2011
josephgilley,State University of New York at Binghamton,Computer Engineering,2011
josephlai,University of Washington,"Computer Science, Minor In Music",2005
josephnsaliba,University of Notre Dame,Engineering,2004
josephycyeh,"University of California, Berkeley",Applied Mathematics And Computer Science,2021
josephzhou,"University of California, Berkeley","Economics, Legal Studies",2012
josetamura,Los Andes University,Engineering,2018
josh-bidsight,Dartmouth College,Computer Science,2018
joshkim599,"University of California, Irvine",Materials Science And Engineering,2018
joshkim599,University of Illinois Urbana-Champaign,Chemistry,2013
joshleong,The University of Texas at Austin,Information Systems,2008
joshmitchell99,Stanford University,Symbolic Systems,2024
joshnc,Brigham Young University,Mechanical Engineering,2016
joshnc,Brigham Young University - Hawaii,Applied Mathematics,2016
joshs333,Community College of Allegheny County,Software Development,2017
joshs333,University of Pittsburgh School of Computing and Information,Computer Science,2020
joshuaessex,George Mason University,Computer Science,2011
joshuaperk,Community College of the Air Force,Technology And Intelligence Studies,2014
joshuarcher,Make School,Computer Science,2016
joshuarcher,"University of California, Los Angeles",Cognitive Science,2019
joshuareeves,Stanford University,Bachelor’s Degree Electrical Engineering,2005
joshuareeves,Stanford University,Electrical Engineering,2008
joshuawright11,Wheaton College,Computer Science,2016
joshuaying,Cornell University,Computer Science,2019
joshweissburg,University of Oxford,"Entrepreneurship, Venture Finance, Operations, Marketing",2011
joshweissburg,Wheaton College,International Relations,2003
josuegio,Universidad Anáhuac de Cancún,International Tourism Management,2009
josuegio,Y Combinator,Winter 2020,2020
josuemontano,Universidad Católica Boliviana,Computer Science,2011
jotajunior,Columbia University,Computer Science,2015
jotajunior,Universidade Federal de Minas Gerais,Computer Science,2018
jotanino,Penn State Department of Electrical Engineering and Computer Science,Materials Engineering,2002
jotanino,Universidad de Los Andes,Mechanical Engineering,1997
joyantwak,Indian School of Business,"Business Administration And Management, General",2013
joybot56,Rutgers University–New Brunswick,Computer Science And Mathematics,2021
jozhu,Stanford University Graduate School of Business,Master Of Business Administration,2022
jozhu,The University of British Columbia,Honors Bachelor Of Business And Computer Science,2015
jpanchal13,Georgia Institute of Technology,Industrial And Systems Engineering,2008
jparker165,"University of California, Los Angeles",Economics,2006
jpbryan,University of Michigan,Computer Science,2017
jperez,Pontificia Universidad Católica de Chile,Computer Science,2011
jperichon,Université Blaise Pascal,Computer Science,2010
jperichon,Université Laval,Software Engineering,2012
jperichon,Université de Technologie de Belfort,Computer Science,2013
jpetts,University of Pennsylvania,English,2002
jphifer311,Massachusetts Institute of Technology,Computer Science,2020
jpines,Harvard University,Computer Science,2010
jpines,Stanford University,Mathematics,2007
jpochtar,Harvard University,Computer Science,2017
jpoz,University of Oregon,Economics,2006
jpren,Cornell University,Operations Research And Engineering,2007
jpuskarich,Massachusetts Institute of Technology,Electrical Engineering And Computer Science,2005
jpuskarich,Massachussets Institute of Technology,Electrical Engineering,2004
jpzepedanunez,Pontificia Universidad Catolica de Chile,Industrial And Systems Engineering,2020
jqbrown,Louisiana Tech University,Biomedical Engineering,2005
jquintard,University of Cambridge,Computer Science,2010
jra6,Stanford University Graduate School of Business,Business Administration,2015
jrampa,Boston University,Computer Engineering,2020
jrdorn,Arizona State University,Computer Science,2011
jrgarciadev,Universidad de Carabobo (VE),Engineering,2018
jrgoodner,University of Southern California,Biomedical Engineering,2014
jrgoodner,University of Southern California,Engineering Biomedical Engineering,2011
jrgoodner,Washington University in St. Louis,Engineering Biomedical Engineering,2007
jrichards27,Columbia Law School,Law,2008
jrichards27,King's College London,Law,2006
jritossa,Princeton University,Computer Science,2020
jrkelly,Massachusetts Institute of Technology,Biological Engineering,2008
jrkelly,Massachusetts Institute of Technology,Chemical Engineering,2003
jroche,Memorial University of Newfoundland,Electrical Engineering,2009
jrrutten,Le Wagon,Computer Science,2019
jrrutten,University of Amsterdam,Master Of Business Administration,2012
jrudin,"The Wharton School, University of Pennsylvania",Finance And Management,2014
jrudin,University of Pennsylvania,Digital Media Design,2014
jrvarela56,University of Pennsylvania,Operations And Information Management,2012
jrzhang,Stanford University,Electrical Engineering,2011
jrzhang,Stanford University,"Electrical Engineering, Control Systems",2012
jsarre,The University of Edinburgh,Maths And Artificial Intelligence,2008
jschoenholtz,Columbia University,Computer Science,2004
jschorr,"The Wharton School, University of Pennsylvania",Technological Entrepeneurship,2008
jschorr,University of Pennsylvania,Computer And Information Science,2008
jschwartz11,Harvey Mudd College,Engineering,2013
jsgriffith,University of Cambridge,Engineering,2014
jshah,University of Waterloo,Mechatronics Engineering,2011
jshchnz,"University of California, San Diego",Economics,2015
jsheller,Iowa State University,Computer Science,2008
jsherwani,Carnegie Mellon University,"Computer Science, Human",2009
jsherwani,Lahore University of Management Sciences,Computer Science,2002
jslezak,Cornell University,Physics,2007
jslezak,Harvard University,Berkman Klein Center For Internet And Society,2012
jslezak,Princeton University,Kahneman Center For Behavioral Science And Public Policy,2020
jslezak,University of Sydney,Mathematics,2000
jsmedmar,EIA University,Biomedical Engineering,2013
jsmedmar,New York University,Informatics,2015
jsoni,University of Waterloo,Electrical And Computer Engineering,2010
jspiotti,Massachusetts Institute of Technology,Mechanical Engineering,2019
jspitz,Stanford University,Management Science And Engineering,2014
jspitz,"The Wharton School, University of Pennsylvania",Entrepreneurship And Innovation,2020
jstambolis,Harvard Humanitarian Initiative,Humanitarian Affairs,2012
jstambolis,Macquarie University,Corporate And Commercial Law,2005
jstambolis,University of New South Wales,"International Peace And Security, Global Health Security",2010
jstephan,"Ecole Polytechnique, Paris",Math And Computer Science,2013
jstephan,Stanford University,Management Science And Engineering,2015
jsun,University of Illinois Urbana-Champaign,Finance,2007
jsunderland323,Bard College,Chemistry,2013
jthirani,"The Wharton School, University of Pennsylvania",Finance,2021
jthirani,University of Pennsylvania,Computer Science,2021
jthomaslm,University of Southampton,Aeronautics And Astronautics,2015
jthompson4004,Georgia Institute of Technology,Computer Science,2021
jthompson4004,Tsinghua University,Computer Science,2019
jtiret,EFREI - Ecole Française d'Electronique et d'Informatique,"Computer Science, Software Engineering, Communication, Project Management, Marketing",2011
jtiret,"King's College London, U. of London",Mathematics,2008
jtlobo,London School of Economics and Political Science,Technology And Management,2020
jtwarren,Massachusetts Institute of Technology,Computer Science And Engineering,2014
jtwarren,Rensselaer Polytechnic Institute,"Computer And Systems Engineering, Computer Science",2011
juanaltamirano0,Universidad Nacional de Cordoba,Bussines,2017
juanchomali,University of Michigan,Economics,2022
juancoll,Escola Massana,Art Studies,2004
juancoll,Lycée Fénelon,Science Branch,1996
juancoll,UPC School (Universitat Politècnica de Catalunya),Quantitative Techniques For Financial Markets,2021
juancoll,Universitat Ramon Llull,Computer Engineering,2003
juancoll,Universitat Ramon Llull,Multimedia Engineering,2002
juancoll,Université Pierre et Marie Curie (Paris VI),Matemáticas,1998
juanferrero,Universidad Blas Pascal,Ingeniería De Telecomunicaciones,2006
juanplusjuan,Dartmouth College,"Computer Science, Studio Art, Spanish Literature",2002
juanpoveda,Universidad del Rosario,Business Administration,2017
juanpoveda,University of Oxford,Business,2019
juansalcedo,Escuela de Organización Industrial,Business Administration,2005
juansalcedo,Stanford University Graduate School of Business,Endeavor Innovation And Growth Program,2016
juansalcedo,Universidad de Los Andes,Industrial Engineering,1998
jude_rizzo,Cornell University,Mathematics,2024
judgardner,Rutgers University,Computer Science,2007
julesT,McGill University,Computer Science,2013
julesT,"University of California, Santa Barbara",Computer Science,2015
julia-zheng,"The Wharton School, University of Pennsylvania",Economics,2013
julianalauren,Dresden University of Technology,Molecular Bioengineering,2017
julianalauren,Virginia Tech,Biological Sciences,2015
julianoalves,Pontifícia Universidade Católica de São Paulo,Computer Software Engineering,2010
julianoalves,Universidade Cruzeiro do Sul,Bachelor Of Computer Science,2008
julianoalves,Y Combinator,W21 Batch,2021
juliemecca,Georgia Institute of Technology,Computer Science,2018
julien_soros,Yale University,Electrical Engineering,2017
juliushi,Stanford University,Management Science And Engineering,2024
juliushi,University of Oxford,"Philosophy, Politics And Economics",2019
jumaphelix,University of Nairobi,Bsc,2018
jumploops,University of Michigan College of Engineering,Computer Engineering,2013
jungkwon89,Seoul National University,Electrical Engineering And Computer Sciences,2017
junsup,Harvard University,Applied Mathematics And Computer Science,2015
junyuan,CFA Institute,Finance,2014
junyuan,The University of Manchester,Business Management,2010
junyuan,University of Pennsylvania,Computer Science,2020
jusduan,"University of California, Berkeley",Business,2021
justin,Yale University,"Physics, Philosophy",2005
justinboogaard,"University of California, Los Angeles",Business Economics,2011
justinleder,Duke University,Economics And Mathematics,2014
justinmay,East Brunswick High School,High School Diploma,2016
justinmay,Rutgers University,"Computer Engineering, Computer Science",2020
justinrotman,Queen's University,Sociology,2016
justinsb,University of Cambridge,Mathematics,1999
justintorre75,Northeastern University,Computer Engineer And Computer Science,2020
justinvencel,Northern Illinois University,Computer Science,2001
justusmattern,RWTH Aachen University,Computer Science,2024
jvgreen5,Georgetown University,Foreign Service,2006
jvixtor,Universidad Nacional de Ingenieria,Civil Engineering,2002
jvixtor,University at Buffalo,Structural And Earthquake Engineering,2014
jvyduna,Massachusetts Institute of Technology,Entrepreneurship And Innovation Track,2010
jvyduna,University of Illinois Urbana-Champaign,Electrical Engineering/cs,2002
jw00zy,Harvard University,Economics,2019
jwang815,"University of California, Berkeley, Haas School of Business",Business Administration,2009
jwilson10,Duke University,Public Policy,2011
jwilson10,Massachusetts Institute of Technology,Leave Of Absence Since 2016,2017
jwonged,University of Cambridge,Computer Science,2018
jxodwyer1,Indiana University Bloomington,Informatics,2013
jxodwyer1,International School of Brussels,High School Diploma,2009
jxs8898,RIT,Chemistry And Mat Sci,2018
jyniiro,Colorado State University,English,2008
jyotindra,University of Mumbai,Information Technology,2004
jyotindra,Virginia Polytechnic Institute and State University,Computer Science,2006
jyw,Massachusetts Institute of Technology,Computer Science,2004
jzthebomb,Duke University,Ece/cs And Econ/finance,2017
jzucchi,Columbia University,History And Political Science,2013
k0tkas,Estonian Business School,Entrepreneurship And Business Administration,2018
k7lim,Stanford University,Communication,2003
k7lim,"University of California, Berkeley",Information Science,2008
kabeer,McGill University,Computer Engineering,2009
kabeer,University of Pennsylvania,"Entrepreneurship, Marketing And Business Analytics",2017
kabenclauson,American University,Business Administration,2013
kabirnagral,Harvard University,Computer Science,2019
kabirsethi,McGill University,Engineering,2020
kabiryabo,FUT MINNA,Quantity Surveying,2003
kairuiwang,University of Chicago,Mathematics,2013
kaiserleo,ITESO,Computer Science,2006
kaishu,IIT Roorkee,Biotechnology,2020
kaistinchcombe,Colorado College,"History, Math And Computer Science",2002
kaistinchcombe,Stanford University,Political Science,2005
kaizomai,The University of Texas at Austin,Brain Computer Interfaces,2018
kalam,Clark Atlanta University,Marketing,2003
kalimmir,Queen Mary University of London,Molecular Biology,1988
kalimmir,University of Oxford,Biochemistry,1995
kalingwu,Brown University,Civil Engineering,2014
kalingwu,Brown University School of Engineering,Fluid And Thermal Sciences,2015
kalvin,Stanford University,Computer Science,2008
kalyrama,Stanford University,Computer Science,2021
kamal_nahas,Collège Notre-Dame de Jamhour (in Lebanon),"General Education, Science And Mathematics Specialization",2020
kamal_nahas,"University of California, Berkeley",Eecs: Electrical Engineering And Computer Sciences,2024
kamesstory,Duke University,Computer Science,2020
kamilali,Stanford University,Computer Science,2022
kamilali,The University of Texas at Austin,Computer Science,2019
kamiljk,"University of California, Santa Cruz",Computer Science,2021
kamran_iosite,IIT Roorkee,Electronics Engineering,2015
kanevski,Emory University,Computer Science,2005
kangjl888,Stanford University,Symbolic Systems,2021
kanjun,Massachusetts Institute of Technology,Computer Science And Engineering,2012
kansface,University of Pittsburgh,"Physics, Music",2008
kansumine,Massachusetts Institute of Technology,Technology And Policy Program,2019
kansumine,Tufts University,Quantitative Economics,2014
kantthpel,Cornell University,Computer Engineering,2019
kantthpel,Rensselaer Polytechnic Institute,Electrical And Computer Engineering,2012
kantthpel,"University of Massachusetts, Amherst",Electrical And Computer Engineering,2014
kapilsinha,California Institute of Technology,Computer Science,2020
kapital2021,IE Business School,Gestion Empresarial Europea,2011
karamazov,Massachusetts Institute of Technology,Mathematics,2012
karan0304,IIT Roorkee,Applied Mathematics,2019
karangrover,The University of British Columbia,Computer Science,2019
kareninkenya,Brown University,Environmental Studies / International Development,1994
kareninkenya,London School of Economics and Political Science,Social Policy,2000
kareninkenya,University of London,Development Planning,2008
karimatiyeh,Harvard University,Computer Science,2011
karims,ETH Zurich,Electrical Engineering,2020
karinemellata,McGill University,Computer Engineering,2020
karinu,Washington University in St. Louis,Bachelor Of Arts,2011
karlclement,University of Ottawa,Commerce,2012
karlhwhite,Coleg Meirion,Computer Science,1998
karlkeefer,"University of California, San Diego","International Studies, Linguistics, Cognitive Science",2009
karnesw,University of Minnesota,"Biology/biological Sciences, General",1976
karnesw,University of Minnesota,Medicine,1986
karthikb,Stanford University,Aeronautics And Astronautics,2016
karthikb,"University of California, San Diego",Aerospace Engineering,2009
kartik_donepudi,Massachusetts Institute of Technology,Computer Science And Economics,2025
kartikye,"University of California, Berkeley",Computer Science And Electrical Engineering,2020
kashifali00,Queen's University,Computer Science,2011
kater_rob,Portland State University,Trumpet Performance,2015
kater_rob,"University of California, Los Angeles",Trumpet Performance,2016
katherineflo,University of Texas at Austin,Engineering/liberal Arts,2019
katherinehe,Massachusetts Institute of Technology,"Computer Science, Management",2023
kathomuth,York University,Business,2011
kathrynwww,"University of California, Berkeley",Computer Science,2019
kathyqueenly,University of Pennsylvania,Computer Science,2015
katxwang,Beijing Normal University,Chinese Minor,2013
katxwang,Dartmouth College,Economics And Finance,2016
katya_shteyn,ETH Zurich,Computer Science,2014
katya_shteyn,University of Toronto,Computer Science Specialist,2015
katyashe,Stanford University,Environmental Engineering,2012
kaushik92,IIIT Hyderabad,Computer Science And Engineering,2014
kaushikktiwari,Columbia University,Operations Research,2017
kaustubhkhade,IIT Delhi,Computer Science,2009
kavehnemati,California Polytechnic State University-San Luis Obispo,Statistics,2020
kazevedo,Georgia Institute of Technology,Mechanical Engineering,2010
kazevedo,Johns Hopkins University,Mechanical Engineering,2008
kbambz,Brown University,Computer Science,2011
kbnammacher,The Maryland Institute College of Art,Printmaking And Curatorial Studies,2010
kbrandes,Massachusetts Institute of Technology,Computer Science,2019
kbyatnal,Duke University,Computer Science,2017
kcaluru,Brown University,Computer Science,2017
kchiu20,Stanford University,Computer Science,2014
kchiu20,Stanford University,Management Science And Engineering,2015
kckurien,Manipal Institute of Technology,Computer Engineering,2008
kckurien,University of Michigan - Stephen M. Ross School of Business,Strategy And Operations,2015
keatonelvins,"University of California, Berkeley",Electrical Engineering And Computer Science,2022
keatonium,University of Arizona,Biochemistry And Molecular Biophysics,2010
keatonium,University of Arizona,Biochemistry And Molecular Biophysics/ Molecular And Cellular Biology/ Applied Mathematics,2009
keatonium,University of Washington,Bioengineering,2015
keatonium,University of Washington - Michael G. Foster School of Business,Biotechnology Commercialization,2015
keellylu,Massachusetts Institute of Technology,Computer Science And Engineering,2024
keishalao,Ateneo de Manila University,Communication,2017
keks0r,"Cooperative State University,",Business Informatics,2011
keks0r,KTH Royal Institute of Technology,Ict Innovation,2017
keks0r,Technische Universität Berlin,Ict Innovation,2016
kele2481,Cornell University,Computer Science,2016
kelleyk,Massachusetts Institute of Technology,Computer Science,2011
kenanpulak,Virginia Tech,Computer Engineering,2012
kendracoin,University of Pennsylvania,Digital Media Design,2009
kennethlou,NUS Overseas Colleges,Information Technology,2015
kennethlou,National University of Singapore,"Business Administration And Management, Finance, Minor In Technopreneurship",2016
kennyivan,Y Combinator,W21,2021
kennystone,Purdue University,Computer Engineering,2004
kensukenumakura,Tohoku University,Engineering,2012
kentmori,"University of California, Los Angeles",Business/managerial Economics,2007
keonlee15,Yonsei University 연세대학교,Economics,2015
kepano,Art Center College of Design,Product Design,2011
kepano,Colorado College,Biology,2007
keshavchouksey,"Indian Institute of Technology, Hyderabad",Chemical Engineering,2019
keshavchouksey,"Macro Vision Academy, Burhanpur",938%,2015
kev3522,Rice University,Computer Science,2020
kevin-oconnell,Stanford University,Law,2017
kevin-oconnell,Williams College,History,2013
kevinbai0,University of Waterloo,Computer Science,2020
kevinbunarjo,"University of California, Berkeley",Computer Science,2018
kevinbunarjo,"University of California, Berkeley, Haas School of Business",Business Administration,2018
kevinemoore,Duke University,Electrical Engineering,1997
kevinemoore,University of Wisconsin,Computer Science,2007
kevingao1,Stanford University,Economics,2006
kevinjacyna,The University of British Columbia,Computer Science,2019
kevinliu11,"University of California, Berkeley",Economics,2011
kevinlu1248,University of Waterloo,Computer Science,2023
kevinpetrovic,Massachusetts Institute of Technology,Management,2020
kevinpetrovic,Princeton University,Operations Research And Financial Engineering,2012
kevinsane,Harvey Mudd College,Engineering,2005
kevinsane,"University of California, Los Angeles",Mechanical Engineering,2011
kevintan,Yale University,Physics,2016
kevinyang222,Princeton University,"Operations Research, Financial Engineering",2014
kevinzhuang10,"University of California, Berkeley",Mechanical Engineering,2015
kevlened,North Carolina State University,Business Information Systems,2011
kevo1ution,Texas A&M University,Computer Science,2020
kevo1ution,Texas Academy of Math and Science (at University of North Texas),General,2017
kevsim,Colby College,Computer Science,2002
kevsim,Tufts University,Computer Science,2004
keysersosa,Harvard University,Physics,2007
keysersosa,Harvard University,Physics And Math,1999
kf93,University of Southern California,Philosophy,2015
kg4lod,David Geffen School of Medicine at UCLA,Neuroscience,2014
kg4lod,Georgia Institute of Technology,Computer Engineering,2003
kg4lod,"University of California, Los Angeles",Electrical Engineering,2011
kg4lod,University of Southern California,Information Networks Division,2011
kgbarayor1,Brown University,Computer Science,2009
kgbarayor1,George Washington University,Computer Science,2017
kgbarayor1,The George Washington University,Computer Science,2021
kgbarayor1,Yale University,Computer Science And Psychology,2003
khaledhagem,Quality Leadership University,Negocios Internacionales/comercio Internacional,2019
khallil,University of Waterloo,Computer Science And Business,2016
khallil,Wilfrid Laurier University,Computer Science And Business,2016
khashimoto,Cornell University,Electrical And Computer Engineering,2004
khuram313,The University of Manchester,Aerospace Engineering,1998
khux,Universität  Zürich | University of Zurich,Computer Science,2024
kilianciuffolo,ITIS Luigi Cerbotani,Computer Science,2005
kilianjustus,University of Oxford,Economics,2018
kilianjustus,Williams College,Economics,2019
killerham,The University of Western Ontario,Computer Science,2014
killion,University of Minnesota,Neurobiology/computer Science,2000
kimmarthur,Yonsei University,Business,2015
kineticac,"University of California, Santa Barbara",Computer Science,2005
kirankgollu,"Birla Institute of Technology and Science, Pilani",Information Systems,2003
kirankgollu,University of Toronto,Computer Science,2008
kirillklimuk,Duke University,Computer Science,2014
kirillzubovsky,University of Toronto,"Entrepreneurship, Innovation And Small Business Management",2008
kirillzubovsky,University of Toronto,Industrial Engineering,2010
kirillzzy,Y Combinator,W21,2021
kizy625,University of Lincoln,Economics,2017
kizy625,Université Paris 1 Panthéon-Sorbonne,Data Science And Finance,2019
kizy625,Université de Strasbourg,Economics,2016
kjdadon,Ruhr University Bochum,Cyber Security,2015
kjdadon,Stanford University,Machine Learning,2016
kjdadon,Technical University Dortmund,Computer Science,2011
kjerstin,Stanford University,Public Policy,2005
kkbhav,IIT Bombay,Civil Engineering,2015
kkilat,Stanford University,Management Science And Engineering,2006
kkliman,Brown University,Sociology And Business,2006
kkliman,University of Southern California,Dentisrty,2010
kkouddous,Imperial College London,Msc,2000
kkouddous,The University of Manchester,Bsc,1998
klander3,Hult International Business School,International Business,2011
klander3,Pepperdine University,Mathematics And Economics,2010
klaukee,Carnegie Mellon University,Industrial Design And Human Computer Interaction,2013
kldaace,University of Chicago,Mathematics,2015
kmeelu52,Yale University,Math And Computer Science,2017
kmgrassi,College of the Holy Cross,Biology,2007
kmgrassi,Stony Brook University Health Sciences Center School of Medicine,Medicine,2012
kmiri,Stanford University,Computer Science,2022
kmmoore,Stanford University,Computer Science,2014
kn0thing,University of Virginia,History,2005
knaraya,Clemson University,Electrical And Computer Engineering,2005
knarfeel,"University of California, Los Angeles",Business Economics,2014
kneonx,Ngee Ann Polytechnic,Information Technology,2008
knighthacker,"Arab Academy for Science, Technology and Maritime Transport",Computer Science,2005
knighthacker,Virginia Tech,Computer Science,2007
knkher,Georgia Institute of Technology,Computer Science,2009
knkher,K. J. Somaiya College Of Engineering,Computer Science,2006
knkher,S.V.P.T's Saraswati Vidyalaya High School and Junior College,Science,2002
knrz,University of Waterloo,Systems Design Engineering,2021
kobimantzur,College of Management,Computer Science,2018
kocolosk,Massachusetts Institute of Technology,Physics,2010
kocolosk,University of Dayton,"Physics, Philosophy",2004
kofman,University of Illinois Urbana-Champaign,Computer Science,2002
kogir,Stanford University,Computer Science,2005
koji,Georgia Institute of Technology,Mechanical Engineering,2009
koji,University of Illinois Urbana-Champaign,Industrial And Enterprise Systems Engineering,2006
kojohutch,Calvin College,Computer Science And Philosophy,2002
kojohutch,University of Michigan,Human Computer Interaction,2008
kokorich,Moscow School of Management SKOLKOVO,Business,2010
kokorich,Novosibirsk State University of Economics and Management,Finance,2004
kokorich,Stanford University Graduate School of Business,Stanford Executive Program,2016
kokwudili,Finger Lakes Community College,Chemistry And Biology,2016
kokwudili,University of Rochester,Epidemiology,2018
kolchinski,Stanford University,Learning Sciences,2020
kolchinski,University of Chicago,Computer Science,2014
kolnik,Boston University,Computer Engineering,2014
komal1120,"University of California, Berkeley",International Health And Global Development,2012
koning369,Covenant University,Accounting,2018
koning369,Data Science Nigeria,Artificial Intelligence,2018
koning369,Make-IT in Africa (GIZ),Capacity Development For Agtech,2020
konradgeiger,WHU - Otto Beisheim School of Management,Business,2019
konsti-h,RWTH Aachen University,Computer Science,2023
kopko,Princeton University,Economics,2008
kopko,University of Chicago,Law And Business,2012
koppong,Princeton University,Computer Science,2014
korzhacke,Michigan State University,Economics And Computer Science,2018
korzhacke,Michigan State University,Machine Learning,2019
kothariy,"The Wharton School, University of Pennsylvania","Marketing, Management, Operations",2015
kparashar,Johns Hopkins University,Computer Science,2002
krakov,The Hebrew University of Jerusalem,Computer Science,2013
krakov,The Hebrew University of Jerusalem,Physics And Computer Science,2005
krama757,"University of California, San Diego",Bioengineering,2008
krama757,University of Utah,Bioengineering,2014
krambs,University of Wisconsin Law School,Law,2009
krammer,Instituto de Inteligencia Artificial,Artificial Intelligence,2020
krammer,Universidad de Alicante,Computer Science,2003
krawczstef,Stanford University,Computer Science,2010
krawczstef,Victoria University of Wellington,Computer Science,2006
krawczstef,Victoria University of Wellington,Computer Science And Mathematics,2005
krawfy,University of Chicago,Computer Science,2020
krawfy,University of Chicago,Mathematics And Philosophy,2018
krel,Startup School Online,Graduated,2019
krel,äº¬éƒ½èŠ¸è¡“ãƒ‡ã‚¶ã‚¤ãƒ³å°‚é–€å­¦æ ¡ - Creative Design College,Graphic And Ux Design,2011
krel,京都芸術デザイン専門学校 - Creative Design College,Graphic And Ux Design,2011
kreutz,Y Combinator,A+,2015
kride,Aalto University,Work Psychology And Leadership,2017
kride,University of Jyväskylä,Information Systems Science And Economics,2019
kristengallogly,"University of California, Berkeley, Haas School of Business",Undergraduate Business Administration,2016
krnjn,Tufts University,"Economics, International Relations",2009
krsmith35,BYU,Physics,2004
krsmith35,Massachusetts Institute of Technology,Nuclear Science,2007
krukah,Harvard University,Physics,2022
ksearsbooks,University of Southern California,Theater,1991
kshitijzeoauto,IIT Kharagpur,Electronics And Electrical Communications Engineering,2014
ksikka,Carnegie Mellon University,"Computer Science, Computational Biology",2014
ksikka,Columbia University,Nanotechnology,2011
ksikka,Stony Brook University,Materials Science,2011
ksingh120,Queens College,Bachelor Of Arts,2014
ksj2114,Columbia University,Computer Science,2016
ksj2114,Y Combinator,Startups,2020
kstiger,Carnegie Mellon University,Electrical And Computer Engineering,2015
kudry,Douglas College,"Business Administration And Management, General",2014
kul,University of Oxford,"Politics, Philosophy And Economics",2005
kunalch,UC Berkeley College of Engineering,Electrical Engineering And Computer Science,2018
kunalch,"University of California, Berkeley",Computer Science,2017
kunalch,"University of California, Berkeley",Electrical Engineering And Computer Science,2019
kunalch,"University of California, Berkeley, Haas School of Business",Management And Technology,2017
kunaldeewan,"VIT University, Vellore",Computer Science,2012
kunalgupta,Columbia University,Music / Computer Science,2004
kunalgupta,New York University,Interactive Telecommunications Program,2007
kundan2510,IIT Kanpur,Computer Science,2017
kundan2510,Université de Montréal,Artificial Intelligence,2022
kunwar1995,"Shaheed Sukhdev College of Business Studies, Delhi University",Finance And Management,2016
kursadaraz,Boğaziçi University,Physics,2001
kursadaraz,Cornell University,"Applied And Engineering Physics, Electrical Engineering",2010
kurttheviking,Miami University,Statistics And Accounting,2006
kurttheviking,The University of Chicago Booth School of Business,Economics And Econometrics,2011
kushal_pillay,National University of Singapore,Computer Science And Electrical Engineering,2018
kuyda,Libera Università di Lingue e Comunicazione IULM,Journalism,2005
kuyda,London Business School,Finance,2012
kuyda,Moscow State Institute of International Relations (University) MFA Russia MGIMO,International Journalism,2008
kvaughan,Rice University,Philosophy,2017
kvaughan,Trinity University,Philosophy/psychology,2009
kvejdani,Stanford University,"Pet/ct, Nuclear Medicine",2016
kvejdani,Tehran University of Medical Sciences,Medicine,2003
kvejdani,"University of California, San Francisco",Tissue Engineering,2009
kvh,Duke University,Statistics,2011
kvh,"University of California, Santa Cruz","Economics, Mathematics",2008
kvnlw,Boston University,"Computer Science, Mathematics",2005
kwent,Telecom Bretagne,Computer And Telecommunications Engineering,2012
kwi,"Dalian University of Technology, China",4th Year Of The Epitech Master Done In China,2007
kwi,EGE - Economic Warfare School of Paris,Competitive Intelligence,2021
kwi,"EPITECH, France",Computer Science,2008
kwindla,Harvard University,Near Eastern Languages And Civilizations,1996
kwindla,Massachusetts Institute of Technology,Media Lab,1999
kwtaylor,Iowa State University,Agricultural Biochemistry,2006
kwtaylor,Stanford University,Cell And Molecular Biology,2011
kylearchie,Stanford University,Computer Science,2015
kyleblarson,Dartmouth College,"Computer Science, Engineering",2001
kylegalbraith,Portland Community College,Multimedia,2011
kylegalbraith,Portland State University,Computer Science,2015
kylemichelson,London School of Economics and Political Science,Government And Globalization,2011
kyparus,Taras Shevchenko National University of Kyiv,Computer Science,2019
kyriakosel,Imperial College London,Management,2017
kyriakosel,University of Leeds,Electrical Engineering,2016
kysebo,Algonquin College of Applied Arts and Technology,Internets,2013
kysebo,Carleton University,Dropped Out,2006
kyu,University of Illinois Urbana-Champaign,Finance,2007
kyu474,Academy of Art University,New Media Design,2006
kyu474,University of Hawaii at Manoa,Intermedia,2001
l2succes,New York University,Computer Science,2012
l_perrin,Ecole polytechnique,Computer Science,2004
l_perrin,Télécom Paris,Computer Science,2006
laanuk13,Georgia Institute of Technology,Computer Science,2018
lacker,Duke University,Mathematics And Computer Science,2002
lacker,"University of California, Berkeley",Computer Science,2004
lahotisharad,IIT Kanpur,Electrical Engineering,2008
laila90,Alazhar University - Gaza,Computer Engineering,2013
laila90,University of Washington,Electrical Engineering,2016
lajoyosa,Harvard Business School,Business And Management,2017
lajoyosa,ISAE Supaero,Aerospace Engineering,2011
lajoyosa,Universidad Politécnica de Madrid,Aeronautical Engineer,2009
laks_srini_hn,PSG College of Technology,Software Engineering,2005
lakshays,Massachusetts Institute of Technology,Mechanical Engineering,2021
lakshays,University of Pennsylvania,Computer Engineering,2021
lalban,Pontificia Universidad Católica del Peru,Economics,1995
lalban,"The Wharton School, University of Pennsylvania",Business,2001
lalushula,Strathmore University,Computer Science,2014
lalushula,University of Oxford,Public Policy,2019
lambski1333,Princeton University,Politics,2011
lambski1333,"The Wharton School, University of Pennsylvania",Entrepreneurial Management,2017
lancerodela,Brigham Young University,Information Systems,2008
lancerpickens,Illinois Institute of Technology,Molecular Biochemistry And Biophysics,2005
lancerpickens,KTH,Biological Sciences,2003
lancerpickens,University of Southern California,Chemistry,2008
landon32,Dos Pueblos High School,Mechanical Engineering,2015
landon32,University of Southern California,"Arts, Technology, And The Business Of Innovation",2019
landon_vh,University of Southampton,Mechanical Engineering,2018
langer,University of Oxford,Mathematics,2007
langheierj2,Duke Graduate School,Neurobiology,2004
langheierj2,Duke Medical School,Medicine,2009
langheierj2,Harvard T.H. Chan School of Public Health,Quantitative Methods,2007
langheierj2,"University of California, San Francisco",Clinical Research,2008
langheierj2,Williams College,Neuroscience And Biology,2000
larryrid0480,The Ohio State University,Management Information Systems,2001
lasermatts,Georgia Institute of Technology,Electrical Engineering,2017
lasryaric,EPITECH,Computer Science,2008
lauraAC47,Peking University,Coursework In Chinese Language And Politics,2010
lauraAC47,Stanford University,International Policy,2013
lauraAC47,"University of California, Berkeley","Political Science, China Studies",2011
laurasavidge,Stanford University,Electrical Engineering,2006
laurasavidge,Stanford University,"Electrical Engineering, Mathematics",2005
laurencefornari,CPE Lyon,"Signal Processing, Data And Telecommunications",1994
laurencefornari,Institut Mines,"Business Administration And Management, General",2016
laurencefornari,Stanford University,"Business, Management, Marketing, And Related Support Services",2000
laurencefornari,"Stanford University
Stanford University Center for Professional Development, SCPD, Innovation & Entrepreneurship",Entrepreneurship/entrepreneurial Studies,2015
laurencefornari,Télécom Ecole de Management,Digital And Innovation,2016
laurencefornari,Visconti Business Coaching School,"Business Administration And Management, General",2012
laurenkay,Brown University,American Civilization,2011
laurihy,Aalto University,Marketing,2009
laurihy,University of Helsinki,Computer Science,2012
lawelie,University of Amsterdam,Medical Biology,1999
lawelie,University of Amsterdam,Neuroscience,2004
lbostral,Lycée La Colinière,Bac S Option Physique,1995
lbostral,Polytech'Nantes,Software Engineering,2000
lbostral,Université de Nantes,Computer And Information Sciences And Support Services,1997
lbreen11,Cornell University College of Engineering,Computer Science,2021
lc-malloc,University of Cyprus,Computer Engineering,2019
lc-malloc,University of Lancaster,Computing And Communications,2011
lc_carrier,Université de Montréal,Economics,2015
lcolucci,Duke University,Mechanical Engineering,2012
lcolucci,Harvard Medical School,Medicine,2018
lcolucci,Kungliga tekniska högskolan,"Product Design, Biomechanics",2011
lcolucci,Massachusetts Institute of Technology,Medical Engineering And Medical Physics,2018
lcolucci,University of North Carolina at Chapel Hill,"Music, Economics, Creative Writing",2012
leandra,Massachusetts Institute of Technology,Dual: Computer Science And Human Centered Design,2024
leandra,Ramapo College of New Jersey,Design And Interactive Media,2013
leandrew,"University of California, Berkeley",Sociology,2005
leandrosansilva,Maringa State University,Computer Science,2013
leastsquares,Bates College,Economics,2008
lebek,The University of Glasgow,Computer Science,2014
lebek,University of Oxford,Biochemistry And Molecular Biology,2010
lebek,University of Toronto,Computer Science,2013
lebrian_,"University of California, Los Angeles",Computer Science And Engineering,2005
leeab,Ryerson University,Information Technology Management,2006
legaljargon,National Academy of Legal Studies & Research (NALSAR) University Hyderabad,Law,2009
legbe,Aristoteleion Panepistimion Thessalonikis,Civil Engineering,2011
legbe,Aristotle University of Thessaloniki (AUTH),Civil Engineering,2011
legbe,MIT Sloan School of Management,Master Of Business Administration,2017
legbe,Massachusetts Institute of Technology,Structural Engineering,2013
legitmaxwu,"University of California, Los Angeles",Computer Science,2021
lehmannerich,Ludwig Maximilian University of Munich,"Business Administration And Management, General",2014
lejohnq,Stanford University,Computer Science,2010
lejohnq,Stanford University,Mathematics,2009
lekekoya,Obafemi Awolowo University,Engineering,2001
lenhsherr,New York University,Chemistry,2019
lenhsherr,Zhejiang University,Physics,2015
lennyevans,"University of California, Berkeley",Physics,2016
lennyevans,University of North Carolina at Chapel Hill,"Physics, Math",2011
lenorin,Carnegie Mellon University's College of Engineering,Electrical And Electronics Engineering,2009
lentany,Federal University of Technology Minna,Mathematics And Computer Science,2009
leoCodePoet,University Of Maryland,Computer Science,2011
leoCodePoet,"University of Maryland, College Park",Computer Science,2013
leo_lightmeter,Maringa State University,Computer Science,2013
leo_schott,University of Southern California - Marshall School of Business,Marketing And Finance,2023
leoazca,Ibmec Business School,Finanças,2018
leoazca,Universidade Federal de Pernambuco,Contabilidade,2018
leoazca,Universidade Federal de Pernambuco,Direito,2015
leoazca,Universidade Federal de Pernambuco,Planejamento Tributário,2017
leoazca,"Universität Duisburg-Essen, Standort Duisburg",German Language,2014
leohenry,Universidad del Salvador,Licenciado En Sistemas,1993
leohenry,Y Combinator,Alumni Batch S20,2020
leon_bartolome,Imperial College London,Mechanical Engineering,2018
leonck,National University of Singapore,Communications And Media,2007
leonck,Stanford University,Management Science And Engineering,2006
leonkenneth,Ecole nationale supérieure des Télécommunications,Computer Science,2012
leonkenneth,Universidad Politécnica de Madrid,"Mobile Development, Databases, Network Engineering And Artificial Intelligence",2012
leonz4264,"The Wharton School, University of Pennsylvania",Dropped Out,2022
leonz4264,University of Chicago,Mathematics And Economics,2017
leoooo,University Of Maryland,Computer Science,2011
leoooo,"University of Maryland, College Park",Computer Science,2013
leopinho,Faculdade Integrada do Recife,Administraã§ã£o De Empresas,2010
leoryu3,Brown University,Computer Science,2019
leot77,Cornell University,Microbiology Minors: Chemistry And Biochemistry,2009
lerigner,EFREI,Information Systems,2011
lerigner,Université Panthéon Assas,Economics And Management,2004
letseathacker,KTH Royal Institute of Technology,Mechatronics Engineering,2007
leveredvlad,The University of British Columbia,Finance And Economics,2014
levglsh389,New York University - Leonard N. Stern School of Business,Business And Computer Science,2025
levglsh389,Saint Petersburg Lyceum 239,"Focus On Math, Physics, And Computer Science",2018
levi-epstein,Imperial College London,Computer Science,2017
levi-epstein,London School of Economics and Political Science,Economics,2016
levinson_jon,General Assembly,Back End Web Development,2014
levinson_jon,Tufts University,International Relations,2013
levonbrutyan,Finance University under the Government of the Russian Federation,"Finance Law, Risk Management",2008
levonbrutyan,Harvard Business School,Launching New Ventures,2015
levonbrutyan,Hult International Business School,Entrepreneurship,2015
levpopov,Massachusetts Institute of Technology,Electrical Engineering And Computer Sciences,2008
lewisf,"University of California, San Diego",Computer Science,2013
lexrovner,"University of California, Berkeley",Molecular Environmental Biology,2008
lexrovner,Yale University,Molecular Cellular And Developmental Biology / Synthetic Biology,2015
lexrovner,Yale University,"Molecular, Cellular And Developmental Biology",2014
leyogarza,Columbia University,Applied Analytics,2021
leyogarza,Tecnológico de Monterrey,Economics,2017
leyogarza,University of Southern California,Economics,2020
lfrazier,University of Pennsylvania,Computer Science,2012
lgabraham,Stanford University Graduate School of Business,Business Administration,2018
lgabraham,UT Austin,Economics,2008
lgdean,Massachusetts Institute of Technology,Computer Science,2001
liamazing,Washington University in St. Louis,Computer Science,2020
liamcollins,City University of Hong Kong,International Economics,2018
liamcollins,Columbia University,Financial Economics,2020
liamuk,Carnegie Mellon University,Computer Science,2017
lichtenberger12,Amherst College,Geology,2010
lichtenberger12,UVA,"Commerce, History",2013
lihangn,University of Michigan,Mechanical Engineering,2012
lihangn,University of Ottawa,Mechanical Engineering,2008
likedan5,Univeristy of Illinois Cahmpaign-Urbana,Bachelor Of Science,2016
likedan5,University of Illinois Urbana-Champaign,Computer Science,2023
lillian,University of Pennsylvania,Computer Science,2011
limecoin,National Institute of Technology Raipur,Computer Science,2010
linaz,Dartmouth College,Biochemistry,2003
lindingerj,"Higher Technical College (Perg, Austria)",Software Engineering,2015
lindingerj,"WHU - Otto Beisheim School of Management (Vallendar, Germany)",Business,2019
lisalisasimpson,The University of Sheffield,English Language And Literature,2005
lisalisasimpson,University Of Warwick,Creative And Media Enterprises,2006
liseman,"The Wharton School, University of Pennsylvania","Entrepreneurship, Operations / Information Management",2005
lishali88,UC Berekeley,Deep Learning,2017
lishali88,"University of California, Berkeley",Statistics And Machine Learning,2017
lishali88,University of Toronto,Mathematics,2011
lishali88,University of Toronto - University of Trinity College,Mathematics,2010
lishali888,UC Berekeley,Deep Learning,2017
lishali888,"University of California, Berkeley",Statistics And Machine Learning,2017
lishali888,University of Toronto,Mathematics,2011
lishali888,University of Toronto - University of Trinity College,Mathematics,2010
littlesnail,Rensselaer Polytechnic Institute,Electrical Engineering,2005
littlesnail,Sichuan University,Electrical Engineering,1996
littlesnail,University of Waterloo,Systems Design Engineering,2000
liuhenry,Yale University,Applied Physics,2021
liushh,University of Washington,Computer Science,2014
liuyl,Beihang University,Computer Software Engineering,2009
liuyl,Tsinghua University,Computer Science,2014
livy10,KTH Royal Institute of Technology,Electrical And Electronics Engineering,2012
livy10,Tsinghua University,Electrical And Electronics Engineering,2014
livy10,University of Southern California,Electrical And Electronics Engineering,2019
liyanchang,Massachusetts Institute of Technology,Computer Science,2012
liztsai,Massachusetts Institute of Technology,"Mechanical Engineering, Materials Science And Engineering",2011
liztsai,Massachusetts Institute of Technology,Media Arts And Sciences,2013
ljdk,AGH University of Science and Technology,Computer Science In Control And Management,2011
lkpino,Penn State University,"Biochemistry And Molecular Biology, Microbiology",2009
lkpino,University of Washington,Genome Sciences/genomics,2019
llamaimperative,Rensselaer Polytechnic Institute,"Computer Science And Design, Innovation, And Society",2016
llara,Massachusetts Institute of Technology,Computer Science,2019
llara,Massachusetts Institute of Technology,Computer Science And Mathematics,2018
llcrabtree,University of Southern California,Aeronautical And Astronautical Engineering,2004
llcrabtree,University of Southern California,Industrial And Systems Engineering,2012
llebttam,Stanford University,Computer Science,2001
lllee,"University of California, Berkeley",Business Administration / Minor In Ethnic Studies,2002
lloydYC,San Jose State University,Business,2002
lloydarmbrust,York College,English,2006
lluiscanadell,ESADE Business School,Business,2016
lluiscanadell,ESADE Business School,Finance,2017
lmariogarcia3,San Francisco State University,Data Science,2018
lmariogarcia3,Stanford University,Information Technology,2017
lmariogarcia3,Tecnológico de Monterrey,"Business, Data Science",2018
lmurbisaia,Harvard University,Applied Mathematics,2019
lnguyen,Harvard University,Physics,1995
lnguyen,University of Chicago,Physics,2000
lo-gaiascope,Harvard University,Earth And Planetary Sciences,2018
lo-gaiascope,Massachusetts Institute of Technology,Physics And Mechanical Engineering,2013
locngo,EDCA,Digital Visual Media,2003
loed,Escuela Superior Politécnica del Litoral,Ingenieria En Negocios Internacionales,2015
lofton84,Northwestern University,"Political Science, Global Health",2007
lofton84,Sciences Po,Public Health Systems,2005
lofton84,Stanford University Graduate School of Business,Business Administration,2015
lofton84,Tsinghua University,Business,2014
loftyai,Claremont Graduate School,Financial Engineering,2018
loftyai,University of Southern California,Math/economics,2015
logictrip,Kettering University,Computer Science,2004
lominming,Nanyang Polytechnic,Information Technology Computer Science,2004
lominming,Stanford University,Computer Science,2011
londont,Stanford University,Electrical Engineering,2010
londont,Stanford University,Electrical Engineering And Computer Science,2014
londont,Technion,Electrical Engineering,2010
loopyz,Carnegie Mellon University,Computer Science And Human,2014
lorenbaxter,"University of California, San Diego",Computer Science,2006
lorespreafico,Imperial College London,Innovation Design Engineering,2020
lorespreafico,Royal College of Art,Innovation Design Engineering,2020
lorespreafico,University of Leeds,Product Design,2019
lostpixel,University of Bath,Computer Science,2007
lotteseifert,ETH Zürich - Swiss Federal Institute of Technology Zurich,Computer Science,2022
lotteseifert,University of St. Gallen (HSG),Economics,2020
louis_fu,"University of California, Berkeley",Political Economy,2013
louis_wilson,Washington University in St. Louis,Engineering,2015
louisbur,"University of California, Berkeley",Computer Engineering,2012
louisebayssat,ESCP Europe,"Economics And Statistics, Corporate Finance, Accounting, Business Law",2018
louisebayssat,Y Combinator,S21 Batch,2021
louiskw,Y Combinator,S21,2021
louislecat,Classe préparatoire du lycée Louis Pasteur,Maths,2007
louislecat,Stanford University,Management Science And Engineering,2011
louislecat,École des Ponts ParisTech,Maths And Cs,2010
louismurerwa,Dartmouth College,Computer Science,2021
loumaciel,Comenius University in Bratislava,International Relations,2018
loumaciel,Comenius University in Bratislava,Political Science,2015
lowe0292,University of Oklahoma,Engineering Physics,2012
lpage,California Institute of Technology,"Applied Computational Mathematics, Business Economics And Management, Control And Dynamic Systems",2009
lpage,Georgia Institute of Technology,Computer Science,2016
lredd,Stanford University,Computer Science,2017
lsbuitrago,Universidad de Los Andes,Computer Science,2013
lsbuitrago,University of Oxford,Business Administration,2019
lschneider,ETH Zürich - Swiss Federal Institute of Technology Zurich,"Robotics, Systems And Control",2023
lschneider,Technische Universität Darmstadt,Computer Science,2021
lsiclait,Massachusetts Institute of Technology,Economics,2011
lss_sam88,Columbia University,Operations Research,2014
lss_sam88,University of Virginia,"Computer Science, Economics, Applied Math",2011
lsunfa,Purdue University,Cybersecurity,2020
lswanek,The University of Western Ontario,"History, Philosophy",2011
ltran,Stanford University,Economics,2009
ltran,Stanford University,Management Science And Engineering,2010
lubillas,Universidad del Pacífico,Business Administration And Accounting,2008
lucadiaz,ICB,Capital Markets,2014
lucadiaz,Instituto Tecnológico de Buenos Aires,Industrial Engineering,2013
lucadiaz,Universidad Torcuato di Tella,Finance,2015
lucascmrosa,Centro Universitário IESB,Computer Science,2015
lucasfcosta,Universidade Federal de Santa Catarina,Bachelor Of Computer Information Systems,2017
lucasfridma1,Case Western Reserve University,Chemical Engineering,2019
lucasgs,Instituto Tecnológico de Aeronáutica,Undergraduate Computer Engineering,2009
lucasgs,Stanford University,Mining Massive Datasets,2014
lucasochoa96,Carnegie Mellon University,Design And Human Computer Interaction,2019
lucasplayford,Lund University - International Institute for Industrial Environmental Economics,Environmental Management And Policy,2011
lucasplayford,The University of Western Ontario,Geography,2004
lucasranallo,ITBA,Ingeniería Industrial,2019
lucasranallo,New York University,Global Business Leadership,2018
lucasraskin,Georgetown University,Physics,2025
lucent616,Georgia Institute of Technology,Engineering,2007
lucent616,Stanford University Graduate School of Business,Business,2015
lucheng404,"University of California, Berkeley",Electrical Engineering And Computer Sciences,2013
lucianareznik,ITBA,Computer Science,2014
lucious4,The Chinese University of Hong Kong,Supply Chain,2019
lucious4,The University of Texas at Austin - The Red McCombs School of Business,"Business Honors And Management Information Systems, Elements Of Computing Certificate",2022
lucreporta,IAE Business School,Business Administration,2010
lucreporta,Thunderbird School of Global Management,Business Administration And Management,2020
lucreporta,Universidad Blas Pascal,Accounting,2013
lucreporta,Universidad Blas Pascal,Business Administration,2007
lucreporta,Universitat Pompeu Fabra,International Business,2014
lucswitz,Cornell University,Computer Science,2020
lucy_quan,"Edinburgh Business School, Heriot-Watt University",Business Administration,2015
ludmilalsp,Stanford University,Graduate Credits In Data Mining,2014
ludmilalsp,The Catholic University of America,Exchange Student In Computer Science,2012
ludmilalsp,The George Washington University,Exchange Student In Computer Science,2012
luhe1900,University of Minnesota,Applied Math,2014
luipe,Pontificia Universidad Católica Madre y Maestra,Law,2010
luipe,UC Berkeley School of Law,Law,2012
luisfranco,FGV - Fundação Getulio Vargas,Business Administration,2012
luisfranco,Universidade de São Paulo (USP),Mechanical Engineer,2010
luisfusim,Universidad Tecnologica de Jalisco,Information Technology,2015
luispana,Pontificia Universidad Católica Madre y Maestra (PUCMM),Computer Software Engineering,2013
luissd,"ICAI, Madrid",Electrical And Mechanical Engineering,2005
luissd,New York University,Electrical And Mechanical Engineering,2004
luissd,"TU Munich, Germany",Electrical And Mechanical Engineering,2005
luisvcastilla,INSTITUTO TECNOLÓGICO Y DE ESTUDIOS SUPERIORES DE MONTERREY (ITESM),Computer Science,2015
luizstudart,Insper,Financial Management,2019
luizstudart,Unifor - Universidade de Fortaleza,Industrial Engineer,2017
lukasincek,"Biotechnical faculty, University of Ljubljana",Microbiology,2019
lukasl,Pierre and Marie Curie University,Chemistry,2012
lukasl,Stiftung Bayerische EliteAkademie,"Management, Leadership, Personality Development",2012
lukasl,Technical University Munich,Chemical Engineering,2012
lukasl,University of Cambridge,Advanced Chemical Engineering,2014
lukasl,University of Oxford,Bioinformatics And Genetics,2019
lukaspetersson,ETH Zurich,Machine Learning,2023
lukaspetersson,Lund University,Engineering Mathematics,2023
lukasru,ETH Zurich,Computer Science,2021
lukeadams,Texas A&amp;M University - Dwight Look College of Engineering,Aerospace Engineering,2021
lukeadams,Texas A&amp;M University - Dwight Look College of Engineering,Computer Science,2020
lukebogus,University of Nebraska-Lincoln,Management And Computer Science,2021
lukejagg,The University of Texas at Dallas,"Computer Science, Cognitive Science",2023
lukekc,Stanford University,"Economics, Mechanical Engineering",2010
lumifyanthony,University of Pennsylvania,Nursing And Healthcare Management,2021
lunetique,Shanghai Jiao Tong University,Entrepreneurial Studies,2017
lunetique,Technical University of Munich,Mechatronics And Information Technology,2017
luxiou,Massachusetts Institute of Technology,Computer Science And Engineering,2004
lvalverde,Universidad de Sevilla,Computer Science,2007
lvkleist,ETH Zürich - Swiss Federal Institute of Technology Zurich,Computer Science,2020
lxcid,Ngee Ann Polytechnic,Multimedia Computing,2006
lydiahan,"University of California, Berkeley",Business Administration,2013
lyeniac,BrainStation,Product Management,2020
lyeniac,Queen's University,"Economics, Computer Science",2020
lyime,Portland State University,Computer Engineering,2008
lyle100,Beijing University of Posts and Telecommunications,Network Engineering,2013
lyle100,University Of Maryland,Information Management,2015
lyndseybunting,"The Wharton School, University of Pennsylvania",Finance And Accounting,2007
lynnetye,Massachusetts Institute of Technology,Brain And Cognitive Sciences,2010
lyu01,Columbia University,Mathematics Of Finance,2017
lyu01,Wuhan University,Electrical And Computer Engineering/finance,2016
lzhou,University of Pennsylvania,"Economics/finance, Electrical Engineering",2005
m-crosby,Gonzaga University School of Law,Law,2001
m4philli,University of Waterloo,"Mechanical Engineering, Entrepreneurship Option In Engineering",2017
m_busel,Georgetown University,International Economics,2016
m_shyam_tnj,NIT Trichy,Electrical Engineering,2022
m_tweedie,University of Oxford,Materials Science,2019
maamm,Massachusetts Institute of Technology,Management,2018
maamm,National Technical University of Athens,Electrical And Computer Engineering,2014
maayan_yavne,IDC Herzliya,Computer Science,2011
maayan_yavne,Technion - Israel Institute of Technology,Biotechnology And Food Science,2008
maboo,Stanford Law School,"Banking, Corporate, Finance, And Securities Law",2008
maboo,Yale University,"History, International Studies",2004
macarena_b,University of Florida,Engineering Entrepreneurship,2017
macklu,Columbia University,Computer Engineering,2008
maddy82,Bundelkhand University,Computer Science,2003
maddyTD2020,Georgetown University,Classics,2008
maddyTD2020,Washington University in St Louis,Law,2012
madhuri_gb,Boston University,Media: Film And Television,2006
madyd87,Harvard University,Museum Studies,2011
madyd87,New York University,Fine And Decorative Arts,2012
madyd87,The Catholic University of America,"Management, Art History",2009
madyd87,École Parsons à Paris,History Of Costume,2008
mafferty,"University of California, Santa Barbara",Communications,2005
mafferty,Wheaton College,Tefl,2011
magi_richani,The University of Texas at Austin,Civil Engineering,2011
magi_richani,UC Berkeley College of Engineering,Engineering And Project Management,2012
magi_richani,"University of California, Berkeley, Haas School of Business","Business Administration And Management, General",2012
magnus1,Cornell University,Electrical Computer Engineering,2010
maharship2022,McMaster University,Electrical Engineering,2019
maharship2022,Moira Secondary School,International Baccalaureate Programme,2015
mahdi-yassir,"National High School for aeronautics and space, Toulouse, France",Mechanical Engineering,1999
mahdi-yassir,"National Polytechnical School, Algiers, Algeria",Mechanical Engineering,1998
mahdi-yassir,"University of sherbrooke, QC, Canada",Mechanical Engineering,2005
mahmoudghulman,Massachusetts Institute of Technology,Physics,2016
mahmoudimus,University Of Maryland,Computer Engineering,2006
mahmoudparto,Georgia Institute of Technology,Mechanical Engineering,2019
mahmoudparto,Iowa State University,Mechanical Engineering,2016
mahyarr,University of Waterloo,Software Engineering,2014
maikch,Universidad de Chile,Civil Engineer,2012
mainakeatable,IIT Kharagpur,Electrical Engineering,2015
maith1,University of Bath,Aerospace Engineering,2016
majew81,Massachusetts Institute of Technology,Management Science,2008
majew81,Purdue University,Nuclear Engineering,2015
majkimge,University of Cambridge,Computer Science,2023
majkot,"University of Ljubljana, Biotechnical faculty",Biotechnology,2020
makeee,Colorado College,Sociology,2008
makemineadouble,Fudan University,Mandarin Chinese,2009
makemineadouble,University of Law,Commercial And Criminal Law,2013
makindizzle,Massachusetts Institute of Technology,"Computer Science, Electrical Engineering",2007
malasgarli,Washington University in St. Louis,Computer Science,2020
malingling,Columbia University,English/economics,2004
malomalo,LeTourneau University,Computer Science,2009
malthejorgensen,University of Copenhagen,Physics,2013
mammoth3,Harvard University,"Computer Science, Economics",2014
mananatwyndly,University of Connecticut,Otolaryngology/head And Neck Surgery Residency,2018
mananatwyndly,University of Maryland School of Medicine,Medicine,2012
manavm,California Institute of Technology,Applied Physics,2010
manavm,Columbia University,Applied Physics And Mathematics,2008
manavm,Columbia University,Computer Science,2014
manavsinghkohli,Claremont McKenna College,Computer Science,2016
mandarkest,IIT Kanpur,Electrical Engineering,2011
manish_cyble,Columbia Business School,Business Management,2020
manish_cyble,Institute of Chartered Accountants of India,Finance And Accounting,2006
manish_cyble,London Business School,Business Management,2020
manishfello,Jawaharlal Nehru Technological University,Mechatronics Engineering,2015
manishfello,Texas A&M University,Finance,2017
manishgmr,Ashoka University,Liberal Arts And Sciences,2017
manishks,PES University,"Computer And Information Sciences, General",2011
manishpal007,IIT Delhi,Computer Science,2008
manjhiamit,Carnegie Mellon University,Computer Science,2008
manjhiamit,IIT Kanpur,Computer Science,2001
manmeet,University of Waterloo,Engineering,2013
mannygriffiths,Brigham Young University,Finance,2017
manolo988,Carnegie Mellon University,Electrical And Computer Engineering,2016
manthan197,Gujarat technological university,Computer Science,2012
manuelanjna,San Francisco State University. College of Extended Learning.,Interaction Design,2012
manuelanjna,"Universidad Politécnica de Madrid
.",Telecommunication Engineering,2009
manvswald,Washington University in St. Louis,Computer Science,2011
maomorales,Escuela Europea de Dirección y Empresa,Business Management,2014
maomorales,Universidad Complutense de Madrid,Applied Mathematics And Computer Science,2009
maomorales,Universidad Tecnológica de Pereira,Computer Science,2007
marannelson,The University of Texas at Austin,"Psychology, Neuroscience",2013
marcelocanovas,Universidade de São Paulo,Engenharia De Produção,2013
marcelogdg,EGADE Business School,Digital Communication And Media/multimedia,2011
marcelogdg,Tecnológico de Monterrey,Finance And Financial Management Services,2009
marcelsalathe,ETH Zurich,"Biology, Environmental Sciences",2007
marcelsalathe,Universität Basel,Biology,2002
marciovm123,Massachusetts Institute of Technology,Biological Engineering,2010
marciovm123,"University of California, Berkeley",Bioengineering,2005
marcklingen,Center for Digital Technology and Management,Technology Management,2021
marcklingen,Technical University of Munich,Computer Science And Innovation,2021
marcklingen,WHU – Otto Beisheim School of Management,Management,2017
marco_trujillo,Tecnológico de Monterrey,"Ingeniería Electrónica, Robótica Y Mecatrónica",2014
marcofung,The Hong Kong University of Science and Technology,Computer Science,2007
marcolobba,Pomona College,Chemistry,2013
marcolobba,UC Berekeley,Chemistry,2020
marcon680,Massachusetts Institute of Technology,Computer Science,2024
marcuslima,University of Cambridge,Natural Sciences,2018
marcuslima,University of Oslo,Chemistry,2018
marcuslima,University of Oxford,Energy Systems,2020
marcusmolchany,Duke University,"Computer Science, Electrical And Computer Engineering",2012
marfo,Drexel University,Accounting And Operations Management,2011
mariafujihara,Singularity University,Study Of Exponential Technologies That Address The World's Grand Challenges,2017
mariafujihara,Universidade Presbiteriana Mackenzie,Sustainability Studies,2009
mariafujihara,Universidade de São Paulo,Cities Management And Planning,2016
mariafujihara,Universitat de Barcelona,History Of Art,2007
mariamaa,"King's College London, U. of London",Computer Science,2021
mariankh,University of Lancaster,Computer Science Inovation,2010
mariankh,University of Lancaster,"Machine Learning, Recommender Systems, Data Analytics",2017
marianoL,Universidad Blas Pascal,Telecommunications Engineering,2005
marie,Uppsala University,Computer Science,2006
marieschneegans,Johann Wolfgang Goethe-Universität Frankfurt am Main,Financial Engineering,2015
marievdk,"Gymnase de Marcelin, Switzerland",Physics And Applied Mathematics,2019
marievdk,Imperial College London,Design Engineering,2023
marikachen,Western University,"Business Administration, Management And Operations",2011
marinhogomes,UCLA Extension,Independent Music Producer,2016
marinhogomes,Universidade Católica de Brasília,Advertising And Marketing,2009
marinhogomes,Vilnius Verslo Kolegija,Media And Game Development,2017
mariusseufzer,CODE University of Applied Sciences,Software Engineering,2024
mariuszlusiak,Jagiellonian University,Computer Science,2008
mark922,"IIT (Indian Institute of Technology), Indore",Computer Science And Engineering,2016
mark922,Sheth C.N. Vidhyalaya,High School/secondary Diploma Programs,2012
mark922,"Sheth C.N. Vidyalaya, Ahmedabad",High School/secondary Diplomas And Certificates,2010
markbaum,Dartmouth College,Physics,2015
markbaum,Harvard University,Earth And Planetary Sciences,2022
markcyffka,Babson F.W. Olin Graduate School of Business,Business Administration,2020
markcyffka,Harvey Mudd College,Chemistry,2010
markdatta,Harvard Business School,Business,2011
markdatta,University of Cambridge,Mathematics,2004
markding00,"University of California, Berkeley",Electrical Engineering And Computer Sciences,2023
markding00,"University of California, San Diego",Data Science,2022
marketer,"University of California, Berkeley",Computer Science,2007
markflorkowski,Rensselaer Polytechnic Institute,Computer Systems Engineering,2018
markk,Massachusetts Institute of Technology,Engineering,2003
markk,University of Cambridge,Engineering,2000
markkat,Oakland University,Medical Physics,2005
markkat,Oakland University,Physics,2000
markpiper,Carnegie Mellon University,Software Engineering,2006
markpiper,Tufts University,Computer Science,2004
markrachapoom,King Mongkut's Institute of Technology Ladkrabang,Software Engineering,2022
markrachapoom,San Francisco State University,Computer Science,2024
markus_tipgain,IBM,It Specialist,2005
maroofahmed1,Imperial College Business School,Management,2015
maroofahmed1,Imperial College London,Medicine,2017
marothstein,"University of Maryland, College Park",Computer Science,2008
marqvision,Harvard College,Economics,2013
martaforeros,Bursity School of Trade,Banca Y Servicios Financieros,2019
martaforeros,Pontificia Universidad Javeriana,Diseñadora Industrial,2008
martin_gira,Universidad Tecnológica Nacional,Informática,2021
martinbocken,NEOMA Business School,"Management Accounting, Corporate Finance, Project Management",2021
martinbocken,Shanghai University,Computer Engineering,2019
martinbocken,University of Adelaide,Entrepreneurship,2019
martinbocken,Université de Technologie de Troyes,Computer Engineering,2022
martinesko36,Duke University,Computer Science,2021
martinkl,Royal Scottish Academy of Music and Drama,Composition,2007
martinkl,University of Cambridge,Computer Science,2018
martinlykkesuhr,At Work,Physiology,2011
martinlykkesuhr,CEUS,Information Technology,2003
martinlykkesuhr,Nykøbing F Handelsskole,Marketing,2001
martinnagelberg,Escuela Superior de Comercio Carlos Pellegrini,Highschool,2010
martinnagelberg,ITBA,Computer Engineering,2019
martinshen,Babson College,Entrepreneurship/entrepreneurial Studies,2011
martinshen,Upper Canada College,Ib Diploma,2007
marwahage,Universidad Católica Santa María La Antigua,Mercadotecnia,2017
marwahage,Universidad Europea Miguel de Cervantes,"Empresa, Gestión, Marketing Y Disciplinas Afines",2020
marwahage,Westfield Business School,Administración Y Gestión De Empresas,2020
marwahage,Y Combinator,Yc Founder,2022
maryamzm,Stanford University,Electrical Engineering,2009
maryamzm,Stanford University,Global Innovation Program,2013
masevak,Georgia Institute of Technology,Biochemistry And Computer Science,2017
mashanurik,City University of New York,Marketing Management,2011
masref,University of Oxford,Evidence,2020
masref,University of Oxford - Said Business School,Business Administration,2021
mateai,Liceo Scientifico,Liceo Scientifico,2014
mateai,Università degli Studi di Siena,Economia E Commercio,2018
mateai,Università di Siena,Economia E Commercio,2018
mateojaramirez,Pontificia Universidad Javeriana,Gerencia Estratégica De Negocios Internacionales,2008
mateojaramirez,Pontificia Universidad Javeriana,Strategic Management Of International Business,2010
mateusfelini,State University of Maringá,Geography,2017
mateusfelini,Universidade Estadual de Maringá,Geografia,2021
mateusfelini,Universidade Estadual de Maringá,"Sensoriamento Remoto, Geoprocessamento",2017
matevzpetek,Univerza v Ljubljani,Geodesy,2010
mathewpregasen,Columbia University,Computer Science,2018
mathias_thulin,The Faculty of Engineering at Lund University,Engineering/industrial Management,2006
mathias_thulin,Växjö University,Economy,2006
matiasulloag,Pontificia Universidad Católica de Chile,Engineering,2011
matijash,"Faculty of Electrical Engineering and Computing, University of Zagreb",Computer Science,2014
matijash,"XV. Gimnazija, Zagreb","50/50, All 4 Years",2009
matm,Stanford University,Computer Science,2011
matskevich,Moscow Institute of Physics and Technology (State University) (MIPT),Applied Mathematics And Physics,2008
matskevich,New economic school,Finance,2011
matt,Stanford University,Computer Science,2004
matt-aitken,The University of Sheffield,Architecture,2007
matt_cunningham,UNC Kenan-Flagler Business School,Business Administration,2018
matt_hafe,Claremont McKenna College,Mathematics And Economics,2017
matt_holden,Pomona College,Mathematics,2004
matt_holden,University of Cambridge,Mathematics,2006
matt_holden,University of Chicago,Mathematics,2008
matt_stemcycle,Cornell University,Applied Economics And Management,2011
matt_stemcycle,Purdue University Krannert School of Management,Operations Management,2009
mattangriffel,NYU Stern School of Business,"Finance, Philosophy",2010
mattaus,IUT,Computer Science,2003
mattaus,University of Montreal,Eletronic Commerce,2010
mattaus,Université Laval,Computer Science,2007
mattbaron,University of Alberta,Cell Biology,2018
mattbaron,University of Alberta,Chemistry And Biology,2013
mattchen_chen,Penn State University,Biology,2019
mattdeloach,San Diego State University,Busines,2006
mattdoka,University of Pennsylvania,Economics,2008
matthewleray,Georgia Tech,Business,2010
matthewleray,Georgia Tech,Computer Engineering,2002
matthewolfe,University of Waterloo,Computer Science,2024
matthewrj,University of Auckland,Computer Science,2013
matthewrj,University of Auckland,Mathematics And Computer Science,2012
matthieurouif,Ecole polytechnique,Physics And Economics,2008
matthieurouif,Stanford University,Materials Science And Engineering,2009
matthius,University of Washington,Computer Science,2002
matthn,University of Oxford,Physics,2000
matthodan,Indiana University,Finance,2005
mattjoseph,Princeton University,Philosophy,2010
mattjoseph,UCLA School of Law,Business Law,2014
mattlong,Massachusetts Institute of Technology,Electrical Engineering And Computer Science,2008
mattmarcus,Dartmouth College,Computer Science,2016
mattmonson,Texas A&M University,Computer Science,2007
mattnish,"University of California, Santa Barbara","Film And Media Studies, Technology Entrepreneurship Certificate",2011
mattobrien,The Ohio State University,"Finance, General",2002
mattrasto,University of Illinois Urbana-Champaign,Computer Science,2019
mattsweeny,University of Sydney,Government And Philosophy,2011
mattzitzmann,Massachusetts Institute of Technology,"Electrical Engineering, Computer Science, Management",2008
mauriciogior,Illinois Institute of Technology,Computer Engineering,2015
mauriciogior,Universidade de São Paulo,Computer Engineering,2016
mauriciogior,University of Nebraska-Lincoln,Computer Engineering,2015
mauriziocalo,Stanford University,Computer Science,2013
mauriziocalo,Stanford University,"Computer Science, Artificial Intelligence",2012
maverick9,IIT Madras,Computer Science,2007
mawildoer,Swinburne University of Technology,"Mechatronics, Robotics, And Automation Engineering",2019
max4c,Brigham Young University,Computer Science,2024
maxahrens,University of Oxford,Machine Learning,2023
maximeago,"Ecole Polytechnique, Paris",Theoretical Physics,2007
maximillianbhat,"University of California, Los Angeles",Aerospace Engineering,2025
maxkazak,"University of California, Berkeley",Computer Science,2021
maxkazak,"University of California, San Diego",Computer Science And Philosophy,2019
maxmaio,University of Wisconsin-Madison,Computer Science And Mathematics,2020
maxmorganroth,"The Wharton School, University of Pennsylvania",Entrepreneurship And Finance,2024
maxmorganroth,University of Pennsylvania,Economics,2024
maxmorlocke,The Ohio State University,Mathematics,2006
maxmusing,McGill University,Software Engineering,2020
maxnuss,Wesleyan University,"English, Government",2010
maxrhodesok,Yale University,History,2009
maxrmk,University of Hawai‘i System,Computer Science,2014
maxrmk,Vanderbilt University,Computer Science,2017
maxrose,"University of California, Santa Barbara",Physics,2011
maxrumpf,ETH Zurich,Computer Science,2023
maxrumpf,Harvard University,Astrophysics And Product Design,2016
maxwell_sherman,Brown Univeristy,Applied Mathematics And Biology,2014
maxwell_sherman,Massachusetts Institue of Technology,Computational Biology,2018
maxwell_sherman,University of Cambridge,Applied Mathematics,2015
maxwelllu,Georgia Institute of Technology,Bioengineering,2012
maxwelllu,University of Illinois Urbana-Champaign,Computer Science,2014
maxwwl1981,Tarbiat Modares University (TMU),Electrical Engineering,2009
mayank_zuppit,IIT Delhi,Industrial And Product Design,2015
mayankloop,University of Illinois Urbana-Champaign,Computer Science,2018
mayankm,McGill University,Engineering,2005
mayankm,"The Wharton School, University of Pennsylvania","Entrepreneurship, Strategic Management, Venture Capital",2009
mayop100,Rose,"Electrical Engineering, Computer Science",2006
mazd,Stanford University,Computer Science,2024
mbeebe,Harvey Mudd College,Engineering,2001
mbernardy,Stanford University,Computer Science,2009
mbignold,The University of British Columbia / UBC (Okanagan),Management / Consumer Behavior,2010
mbornstein,ETH Zurich,Computer Science,2018
mbornstein,Hasso Plattner Institute,It-systems Engineering,2019
mbrady4,Babson College,Computational Finance,2016
mbrady4,Lambda School (BloomTech),Data Science / Machine Learning,2019
mbrady4,University of Pennsylvania,Computer Science,2023
mbrought,University of Southern California,Business Administration And Finance,2020
mbs348,New York University,Computer Science,2010
mbseid,University of Rochester,"Systems, Computer Science",2010
mbucci,Università di Pisa / University of Pisa,Nuclear Engineering,2009
mc_lovin_,IIIT Hyderabad,Computer Science,2015
mcarvin,Princeton University,Economics,2004
mcatoen,University of Waterloo,"Mechatronics, Robotics, And Automation Engineering",2019
mccaly,The Glasgow School of Art,Product Design Engineering,2008
mccaly,University of Cambridge,"Industrial Systems, Manufacture And Management",2009
mccaly,University of Glasgow,Product Design Engineering,2008
mccolco,Stanford University Graduate School of Business,Business Administration And Management,2012
mccolco,"University of California, Berkeley",Chinese And Economics,2006
mccraveiro,Universidade Federal de São Carlos,Computer Science,2016
mccraveiro,University of Toronto,Computer Science,2014
mceachen,California State University,Computer Science,1995
mchadda_100,University of Wisconsin-Madison,Materials Science And Engineering,2022
mcharawi,"The Wharton School, University of Pennsylvania",Business,2016
mcharawi,University of Pennsylvania,Computer Science,2016
mchristen,The University of Texas at Austin,Computer Science,2011
mchristoff,Rensselaer Polytechnic Institute,Computer Science,2005
mclinkor,Massachusetts Institute of Technology,Aeronautics And Astronautics,2011
mcolyer,Franklin W. Olin College of Engineering,General Engineering Computing Focus,2007
mconbere,Harvey Mudd College,Computer Science,2008
mcrchopra2,"University of California, Berkeley",Computer Science,2021
mdafzal,University of Waterloo,"Honours Mathematics, Statistics Major",2019
mdaoui,ENCG settat Maroc,Trade And Intrenational Development,2006
mdaoui,Ibn Tofail University,International Economy,2017
mdeichmann,Center for Digital Technology and Management,"Honours Degree, Technology Management",2020
mdeichmann,Maastricht University,International Business,2015
mdeichmann,Technical University of Munich,Management And Technology,2018
mdfriefeld,Harvey Mudd College,Engineering,2013
mdolon,UNC Kenan-Flagler Business School,Launch The Venture,2009
mdolon,"University of North Carolina, Chapel Hill",Psychology,2008
mdrx,San Francisco State University,Business Finance,2013
mdschiller,University of New South Wales,Philosophy,2012
mdschiller,University of Oxford,Neurosurgery,2012
mdvogels,University of Colorado at Denver,"Finance Economics, Finance, Accounting, Management, Graphic Design",2011
medhabasu,National University of Singapore,Economics,2013
meenakshi_syn,IIM Ahmedabad,Master Of Business Administration,2014
meenakshi_syn,Manipal Institute of Technology,Computer Science,2009
meenasub,Massachusetts Institute of Technology,Computer Science And Biology,2014
meenasub,"University of California, San Francisco",Bioinformatics,2019
meera_khokhani,St. Xaviers College,Sociology,2009
meera_khokhani,Tata Institute of Social Sciences,Media And Cultural Studies,2011
mefyl,EPITA,Computer Science,2008
mefyl,EPITA: Ingénierie Informatique,Computer Science,2008
meganlacy,Harvard Business School Online,Business/managerial Economics,2016
meganlacy,Stanford University,Engineering,2016
megannunes,Arizona State University,Technological Entrepreneurship And Management,2011
megannunes,California Polytechnic State University-San Luis Obispo,College Of Agriculture,2010
meghani,Stanford University,Computer Science,2003
mehulashah,Massachusetts Institute of Technology,Electrical Engineering And Computer Science,1997
mehulashah,Massachusetts Institute of Technology,"Physics, Computer Science",1996
mehulashah,"University of California, Berkeley",Computer Science,2004
mehuljindal18,NIT Trichy,Btech,2022
mehuln,The University of Chicago Booth School of Business,"Entrepreneurship, Marketing, And Strategic Management",2005
mehuln,"University of Maryland, Baltimore County",Bachelor Of Science In Interdisciplinary Studies In Bioinformatics,1999
mej2020,Yale University,Economics,2016
mejiaoneto,Emory University,Chemistry,2006
mejiaoneto,Macalester College,Chemistry And Biology,2001
mejiasebas,Esade,"Business Administration And Management, General",2005
mejiasebas,Universidad Autónoma de Madrid,Economics,2009
melihsener,Boğaziçi University,Mechanical Engineering,2012
melihsener,Izmir Science High School,Science And Mathematics,2006
melissayu,Harvard University,Computer Science,2019
melly310,MIT Sloan School of Management,Entrepreneurship,2022
melly310,"University of California, Los Angeles",Materials Engineering,2015
melodyroberts,Illinois Institute of Technology,Product Design,1998
melodyroberts,Yale College,American Studies,1990
melvinhagberg,Stockholm School of Economics (dropped out first term),Business And Economics,2023
melvinhagberg,Sven eriksonsgymnasiet,Entrepreneurship,2021
memebox,Kyung Hee University,Environmental Engineering,2003
memebox,Parsons School of Design,Fashion Marketing,2009
mentioum,Oxford Brookes University,Psychology,2010
mentioum,University of Nottingham,Neuroscience,2009
meredithah,UC Berkeley School of Information,Information Management And Systems,2015
meredithah,Yale University,Literature,2010
merih,Middle East Technical University,Computer Engineering,2011
merih,İzmir Fen Lisesi,Science,2006
merkleforest,Princeton University,Statistical Machine Learning,2018
merkleforest,University of Oxford,Medical Imaging Using,2013
merkleforest,University of Science and Technology of China,Computational And Applied Mathematics,2014
merry_yuan,Cornell University,Economics,2006
mertcelebi,Robert College,Science And Math Track,2012
mertcelebi,Yale University,Computer Science And Mathematics,2016
mescortes,University of Waterloo,Computer Science,2004
mesongosibuti,University of Nairobi,Computer Science,2015
mestor,EST,Control Systems Specialist Electrical And Electronics Engineering,2015
mestor,Universidad Tecnológica Nacional,"Aerospace, Aeronautical And Astronautical Engineering",2009
mestor,University at Buffalo,Aerospace,2015
metehanoz,New York University,Computer Science And Economics,2026
metkfd,Columbia University,Middle East Studies,2009
metkfd,Georgetown University & Qatar University,Fellowship,2011
metkfd,London School of Economics and Political Science,Global Management,2017
mezzat,"Arab Academy for Science, Technology and Maritime Transport","Electrical, Electronics And Communications Engineering",2007
mfajark,UNIVERSITAS PENDIDIKAN INDONESIA,"Computer And Information Sciences, General",2011
mfburnett,Stanford University,International Policy,2019
mfburnett,"University of Maryland, College Park","International Relations, Government And Politics",2015
mfeitelson1,Cypress College,Biology,1972
mfeitelson1,David Geffen School of Medicine at UCLA,Microbiology And Immunology,1979
mfeitelson1,"University of California, Irvine",Biology/biochemistry,1974
mfitzerald,Hobart and William Smith Colleges,German,1993
mfitzerald,The Universitry of Montana,English,2000
mfkhalil,Stanford University,Computer Science,2023
mfrobben,Northwestern University,Electrical And Computer Engineering,2008
mfurlong30,Emory University,Finance,2013
mgallowa,University of Alberta,Computing Science,2015
mgummelt,Stanford University,Computer Science,2014
mgummelt,Stanford University,"Computer Science, Economics",2011
mhabib,ESLSCA Business School,Business Administration,2014
mhabib,Modern Academy in Maadi,Computer Science,2014
mhabib,Paris ESLSCA Business School,"Business Administration And Management, General",2014
mhamann,Bob Jones University,Management Information Systems,2009
mhamann,Carnegie Mellon University,Management Information Systems,2010
mhawk,University of Colorado at Boulder - Leeds School of Business,Marketing,2007
mhcj,Imperial College London,Computer Science,2022
mhcj,University of Cambridge,Joint Degree Law And Business,2020
mhipley,Notre Dame of Maryland University,Liberal Arts And Sciences/liberal Studies,2008
mhipley,Pratt Institute,Communications Design,2011
mhipley,Pratt Institute,"Design And Visual Communications, General",2012
mhipley,School of Visual Arts,Interaction Design,2014
micah1999,Stanford University,International Relations,2022
michaefe,University of Southern California,History,2022
michael_anfin,University of Southern California,Business Administration,2013
michaelastreiko,Belarusian State University,Physics,2009
michaelbsimon,University of Michigan,Political Science,2003
michaelevensen,Gerrit Rietveld Academie,Graphic Design,2010
michaelevensen,Hyper Island,Interaction Design,2006
michaelfester,University of Cambridge,Mathematics,2006
michaelgygli,ETH Zürich,Computer Science,2017
michaelheinrich,Stanford University,Management Science And Engineering,2016
michaeljmoore,Brisbane Grammar School,Op 1/ Atar 9955,2014
michaeljmoore,The University of British Columbia,Eletrical Engineering And Mathematics,2019
michaeljmoore,The University of Queensland,Computer Software Engineering,2021
michaelphi,Missouri University of Science and Technology,Mechanical Engineering,2015
michaelphi,University of Missouri-Kansas City,Computer Science,2017
michaelrendy,Petra Christian University,"Design And Visual Communications, General",2008
michaelrlitt,University of Waterloo,Honours Systems Design Engineering Engineering,2010
michalccc,Ben Gurion university,Business Management,2009
michalccc,Shenkar,Graphic Communications,2016
michalpandy,Imperial College London,Computer Science,2020
michalpandy,University of Cambridge,Computer Science,2021
michele_vr,"California State University, Stanislaus",Business Administration,2012
michele_vr,FIDM,Fashion Design,2013
michele_vr,Modesto Junior College,Transfer Studies,2010
michelleyou,Columbia University,English And Philosophy,2003
michelleyou,General Assembly,Front,2012
michelleyou,University of Cambridge,English,2005
mickdj,University of Sydney,"Artificial Intelligence, Networking",2002
mickeyferri,Tufts University,"Economics, Mathematics, Computer Science",2007
mickeyferri,University of Chicago,Economics,2013
midas,Brown University,Business Economics,2007
middleware-labs,Staffordshire University,Bsc Hons In Computer Science,2013
mightymax777,Carmel Academic Center,Business Administration : Banking And Finance Concentration,2013
miguelmedina,Instituto Tecnológico y de Estudios Superiores de Monterrey,Industrial Engineering,2016
migueltol22,Kennesaw State University,Computer Science,2018
mihail1,Stanford University,Computer Science,2017
mihar,Univerza v Mariboru,Engineer Of Media Communications,2015
mihar,Šolski center Velenje,Computer Science And Informatics,2006
mikaeln,Massachusetts Institue of Technology,Computer Science,2022
mike_carter,Rice University,Business Administration,2021
mike_carter,United States Merchant Marine Academy,Systems Engineering,2012
mike_zw,Cornell Tech,Computer Science,2016
mike_zw,Cornell University,Computer Science,2015
mikebrzo,Carnegie Mellon University,Computer Science,2021
mikebrzo,Georgia Institute of Technology,Computer Engineering,2019
mikedouglas,The University of British Columbia,Computer Science,2011
mikekij,"The Wharton School, University of Pennsylvania",Health Care Management / Entrepreneurship,2012
mikekij,University of Pennsylvania,Medical Physics,2010
mikekij,West Chester University,Physics,2004
mikeklinker129,Massachusetts Institute of Technology,Aeronautics And Astronautics,2014
mikeklinker129,Massachusetts Institute of Technology,"Aerospace Controls, Aeronautics And Astronautics",2016
mikeknoop,University of Missouri,Mechanical Engineering,2012
mikelaming,University of Kent,Computer Science,2010
mikemcano,New York Code & Design Academy,Mobile App Development,2015
mikemcano,Santa Fe University of Art and Design,Visual Programming,2012
mikemcano,Universidad del Valle de México,Design,2012
mikemiller117,University of Waterloo,Mathematics,2013
mikenyc,Cornell Law School,Law,2005
mikenyc,University of Arizona,Interdisciplinary,2002
mikepalmer,California Institute of Technology,Computer Science,1997
mikepalmer,Yale University,Physics,1991
mikepasz,Temple University,Management Information Systems,2015
mikermcneil,The University of Texas at Austin,Computer Science,2010
miketuritzin,Stanford University,Computer Science,2005
mikeweiland,Santa Clara University Leavey School of Business,Finance,2005
mikeweiland,"University of Nevada, Reno",Business Administration And Finance,2007
mikexu,University of Wisconsin,Computer Science,2004
mikeyan320,Stanford University,Computer Science,2018
mikhaill,Boston University,Communications And Political Science,2006
mikhsan,Bandung Institute of Technology,Electrical Engineering,2013
mikhsan,National University of Singapore,Electrical And Computer Engineering,2018
mikkop,Aalto University,Finance,2014
mikkop,MIT Sloan School of Management,Quantitative Finance,2016
miladmalek,Stanford University,Physics,2017
mildlyclassic,York University,Economics,2006
milessaffran,Yale University,Computer Science,2018
mimoisili,Cornell University,Computer And Information Science,2021
minashahid,University of Toronto,Mechanical Engineering,2010
minfitzgerald,London School of Economics and Political Science,Behavioural Science,2016
minfitzgerald,Simon Fraser University,"Marketing, International Business, Human Resource Management",2008
mingwar,DTU - Technical University of Denmark,Computer Software Engineering,2013
mingwar,DTU - Technical University of Denmark,Informatics,2009
mingwar,"Trinity College, Dublin",Computer Science,2009
mingwar,University College London,Computer Science,2012
minhtripham,Yale University,Computer Science,2017
minibronco88,Georgetown University,"Marketing, Management",2013
mioffe99,Babson College,"Finance, Technology, Entrepreneurship, And Design",2021
mirman,Carnegie Mellon University,Computer Science,2013
mirman,Carnegie Mellon University,"Computer Science, Mathematical Science",2012
mirman,ETH Zurich,Computer Science,2022
mirman,Stanford University Graduate School of Business,Business And Innovation,2016
miro_gasparek,Imperial College London,Biomedical Engineering,2019
miro_gasparek,University of Oxford,Engineering Science,2019
misensee,Instituto Superior Técnico,Environomical Pathways For Sustainable Energy Systems,2015
misensee,Ruhr University Bochum,Environmental Technology And Resource Management,2013
misensee,Universitat Politècnica de Catalunya,Environomical Pathways For Sustainable Energy Systems,2014
mishaal_axis,American University in Dubai,Finance,2004
mishaal_axis,Harvard University Kennedy School of Government,Strategic Management For Leaders Of Non,2013
mishaal_axis,SKEMA Bachelor,International Finance,2005
mishavanbeek,London School of Economics and Political Science,Finance And Economics,2013
mishavanbeek,Tilburg University,Econometrics And Operational Research,2012
mishavanbeek,Tilburg University,International Business Administration,2011
mishavanbeek,University of Amsterdam,Financial Mathematics,2020
mispy,University of Melbourne,Genetics,2009
mitchellrw,The University of Texas at Austin,Entrepreneurship/entrepreneurial Studies,2015
mitchellrw,University of Virginia,Structural Engineering And Architectural History Architecture,2006
mitchpatin,University of Notre Dame,Computer Science,2016
mitraraman,Carnegie Mellon University,Computer Science,2014
mittal,University of Pennsylvania,Materials Science And Engineering,2007
mitulmehta,"VIT University, Vellore",Electrical And Electronics Engineering,2018
mj_hypcloud,Frankfurt School of Finance & Management,Finance,2005
mjackson,Brigham Young University,"Management Information Systems, General",2008
mjacobs,University of Arizona,"Computer Science, Music Composition",2007
mjamilkowski,Trinity College,Economics,1988
mjcarter,Stanford University,Biomechanical Engineering,2015
mjcarter,Stanford University,Mechanical Engineering,2016
mjpizz,University of Michigan,Computer Science,2008
mjregan91,University of Michigan,Aerospace Engineering,2013
mjregan91,University of Michigan,Space Systems Engineering,2014
mjthomas,"University of Maryland College Park
BS 
2006",Computer Science,2010
mjtognetti,California Polytechnic State University,Computer Science,2012
mjtokelly,Carnegie Mellon University,"Physics, Mathematics, Chemistry",2000
mjtokelly,Massachusetts Institute of Technology,Physics,2008
mjvcaiisme,Wilfrid Laurier University,"Accounting, Marketing",2011
mkarpov,Ecole polytechnique fédérale de Lausanne,Physics,2020
mkarpov,Moscow Institute of Physics and Technology,Applied Physics And Mathematics,2014
mkhurlbutt2020,Stanford University,"Communication, Media Studies",2011
mkhurlbutt2020,Stanford University,"History, Gender Studies",2010
mknarciso,Brazilian Air Force Academy,Aeronautical Sciences And Management,2009
mknarciso,Instituto Tecnológico de Aeronáutica,Computer Engineering,2018
mkodiak,Stanford University,Mechanical Engineering,2005
mkong1,Johns Hopkins University,Computer Engineering,2005
mktrevor,University of Southern California,"Applied And Computational Mathematics, Minor In Computer Science",2016
mkx,Massachusetts Institute of Technology,Computer Science,2013
mlbailey,Eidgenössische Technische Hochschule Zürich,"Visiting Scholar, Robotics, Systems And Control",2011
mlbailey,University of Waterloo,Mechatronics Engineering,2012
mlchild,Harvard University,Economics,2010
mld26,Georgia Institute of Technology,Computer Science,2021
mldonahue,Brown Univeristy,Entrepreneurship And Innovation,2015
mlenhard,University of Delaware,Finance,2016
mlevkovsky,Concordia University,Software Engineering,2013
mlevkovsky,Dawson College,Computer Science,2009
mlhogan,Northwestern University,"Molecular Biology And Genetics, Honors",2008
mlhogan,UCLA Anderson School of Management,Technology Leadership,2014
mliao,University of Waterloo,Computer Engineering,2008
mlinsey,Stanford University,Computer Science,2007
mllobet,Universitat Politècnica de Catalunya,Computer Science,2016
mlmilleratmit,Michigan State University,Physics,1999
mlmilleratmit,Yale University,Experimental Nuclear And Particle Physics,2004
mlucy,University of Chicago,Computer Science,2012
mlukichev,Saint Petersburg State University,Computer Science,2009
mlukichev,Saint Petersburg State University,"School Of Mathematics And Mechanics, Computer Science Department",2006
mlutsky1231,Harvard University,Applied Math/economics,2015
mm_hypcloud,Universität St.Gallen,Economics,2004
mm_hypcloud,Wirtschaftsuniversität Wien,Economics,2005
mm_thomas_sc,"University of California, Bekeley",Electrical Engineering And Computer Science,2001
mmahalwy,McMaster University,"Double Major In Research Psychology, Neuroscience And Behavior",2014
mmarvin,"HTL (Higher Technical Institute), Vienna",Biomedical Engineering,2009
mmarvin,University College London,Technology Entrepreneurship,2014
mmarvin,WU (Wirtschaftsuniversität Wien),Business Informatics,2013
mmatus,Massachusetts Institute of Technology,Computational And Systems Biology,2018
mmatus,Universidad Nacional Autónoma de México,Genomics,2009
mmatus,Wageningen University,Biotechnology,2012
mmccauley,University of Waterloo,Mechatronics Engineering,2011
mmcclure,University of Georgia,"Management Information Systems, Marketing",2011
mning,Virginia Polytechnic Institute and State University,Computer Science,2020
mo3011,"The Academic College of Tel-Aviv, Yaffo",Computer Science,2011
mo_alhaidary,University of Virginia,Computer Science,2023
moabuaboud,Princess Sumaya University for Technology,Computer Science,2020
mocsrox,Cornell University,Computer Science,2003
modsearch,Cornell University,Electrical And Computer Engineering,2001
mohammadhasan7,St. Xavier’s College,Multimedia And Animation,2014
mohammadhasan7,Techno India University,Computer Science,2017
mohanarpit,Birla Institute of Technology and Science,Electrical And Electronics,2009
mohandass1890,Dartmouth College,Economics And Government,2015
mohdaboo,METEMHSS,Biology,2011
mohdaboo,Rajagiri school of engineering and technology,Mechanical Engineering,2015
mohitjandwani,IIT Delhi,Electrical And Electronics Engineering,2013
mohitprateek,IIT Bombay,Chemical Engineering,2014
monikp,"University of California, Berkeley",Information Management And Systems,2019
monikp,University of Mumbai,Computer Engineering,2017
montasaurus,McGill University,Economics,2010
mooneyc6,University of Pennsylvania,Systems Engineering,2010
moonlgn,ESSEC,Finance,2012
moransnir,Tel Aviv University,Biomedical Engineering,2010
moransnir,The Israeli Defense Forces,"Computers, Engineer",2005
moransnir,"The Wharton School, University of Pennsylvania",Health Care Management,2013
moraveji,Carnegie Mellon University,Hci,2004
moraveji,Stanford University,Calming Technologies,2012
moraveji,University Of Maryland,Computer Science,2002
morganzysman,Ecole centrale d'Electronique,"Master's Degree In Engineering, Business Engineering, Information Systems And Networks",2015
morganzysman,Universidad Peruana de Ciencias Aplicadas,"Management Information Systems, General",2014
morgenkaffee,HSR Hochschule für Technik Rapperswil,Computer Science,2016
morraa,Durham University,Mathematics,2013
morraa,University of Oxford,Mathematics,2014
morsela,Tel Aviv University,Compter Sciences,2009
moscher,Stanford University,Computer Science,2015
moscher,Stanford University,Mechanical Engineering,2012
mosese,University of Hertfordshire,Economics,2012
mosesim15,Princeton University,Molecular Biology,2020
mosesim15,Thomas Jefferson University,Medicine,2022
moseslo,New York University,Finance,2009
moseslo,"University of California, Berkeley",Business Administration,2015
moseslo,University of New South Wales,"Honours In Finance, Information Systems Management",2010
moseslo,University of New South Wales,Information Systems Management And Finance,2009
mostafagazar,Alexandria University,Computer And Systems Engineering,2009
mostafagazar,Full Stack Deep Learning,Machine Learning,2019
mostafagazar,Udacity,Self,2017
mottishohat1,Scneider Children Medical Center,Pediatrics,1985
mottishohat1,Tel Aviv University,Medicine,1980
moyayo,Columbia University,Computer Science,2015
moyayo,Queens College,Applied Mathematics,2015
mp3jeep01,Virginia Polytechnic Institute and State University,"Computer Engineering, Cs Minor",2006
mpandita,Harvard University,Economics And Government,2010
mparikh,Purdue University,Biological Sciences,2014
mparikh,St. Xavier's College Ahmedabad,Biochemistry With Vocational Biotechnology,2006
mparikh,The George Washington University,Biochemistry,2009
mparis,University of Virginia,Computer Science,2015
mpasternack-hn,Yale University,History,2004
mpenaranda,Columbia Business School,Mba,2016
mpenaranda,Universidad de Los Andes,Industrial Engineering,2009
mperice,Jožef Stefan International Postgraduate School,Computer Science,2016
mperice,University of Ljubljana,Computer And Information Science,2012
mperice,University of Ljubljana,Mathematics And Computer Science,2011
mquezada,Universidad de Chile,Computer Science,2020
mrDmrTmrJ,Brown University,Physics,2008
mrDmrTmrJ,Stanford University,Computer Science,2011
mr_bojangles,Syracuse University,Architecture,2012
mratunjayz,IIT Kharagpur,Mechanical Engineering,2014
mraziz,American University of Sharjah,Bsc Finance,2015
mraziz,American University of Sharjah,Minor In Film And Multimedia,2014
mraziz,Cambridge International School,Business,2012
mrbogle,Eastern Washington University,Computer Science,2006
mrborgen,Founders and Coders,Web Development,2015
mrborgen,University of Oslo,Economics,2013
mrboywunder,"Birla Institute of Technology and Science, Pilani",Information Systems,2012
mrclrnt,Ecole Centrale de Nantes,Computer Science,2012
mrclrnt,HEC Paris,Entrepreneurship,2013
mricordeau,GROUPE IGS,System And Network Administration,2003
mriley,The University of Texas at Austin,Electrical Engineering,2006
mrjasonh,University of Cincinnati,Computer Science,2006
mrjingles,California Institute of Technology,Mechanical Engineering,2005
mrjingles,Carnegie Mellon University,Product Development,2009
mrjogo,Stanford University,Mechanical Engineering,2010
mrkurt,University of Oklahoma,Mis And Starcraft,2002
mrlowlevel,University of Oxford,Biochemistry,2020
mrmch,University of Victoria,"Computer Science, Business",2012
mrose77,Case Western Reserve University,Computer Science And Cognitive Science,2017
mrstochastic,ESSEC Business School,Exchange Business Administration,2009
mrstochastic,London School of Economics and Political Science,Econometrics And Mathematical Economics,2011
mrstochastic,Norwegian School of Economics,Economics,2010
mrupprecht17,California Institute of Technology,Mathematics,2020
mscha,Ajou University,Software And Computer Engineering,2017
mscha,Ajou University,소프트웨어특성화,2016
mscha,Сибирский федеральный университет,컴퓨터 공학,2014
mschade,"University of California, Santa Cruz",Computer Science,2017
mschauff,University of Wisconsin - Madison,Biological And Machinery Systems Engineering,2019
mschulmano,"The Wharton School, University of Pennsylvania",Entrepreneurial Management,2016
mschulmano,University of Pennsylvania,Computer Science,2016
msesmart,Huazhong University of Science and Technology,Mechanical Engineering And Automation,2011
msesmart,University of Science and Technology of China,"Engineering Mechanics, Computational Fluid Dynamics",2014
msesmart,University of Virginia,Computer Science,2016
mshafaie1,Y Combinator,S20,2020
mshafrir,"University of Maryland, College Park",Computer Science,2004
mshuffett,Northern Virginia Community College,Computer Science,2009
mshuffett,Virginia Polytechnic Institute and State University,Computer Science,2014
msinia,Instituto Tecnológico de Buenos Aires,Computer Science,2009
msmahliss,University of Michigan,Mathematics,2007
msmitty,Artesis Hogeschool Antwerpen,Russian Translator And Interpreter,2005
msmitty,Secundaire Handelsschool Sint-Lodewijk,Computer Science,2001
msmitty,University of Antwerp,Physics,2003
msoliman,Cairo University,Computer Engineering,2012
mstachowiak,University of Michigan,Computer Engineering,2002
mstanleys,West Chester University,Earth Sciences And Music,2002
mstanleys,YCombinator S17,Entrepreneurship,2017
mszczesnik,Cardinal Stefan Wyszynski University,Computer Science,2008
mszczesnik,University of Warsaw,Physics,2005
mtamizi,"University of Maryland, College Park",Computer Engineering,2005
mtarunpr,Harvard University,Computer Science And Mathematics,2024
mtarunpr,Padma Seshadri Bala Bhavan Senior Secondary School,Computer Science,2019
mtg,Georgia Institute of Technology,"Digital Signal Processing, Pattern Recognition",2006
mtg,Georgia Institute of Technology,"Electrical Engineering, Digital Signal Processing, Electronic Design",2005
mtg,Georgia Institute of Technology,"Music Technology, Machine Listening, Music Information Retrieval",2008
mthmohan,IIT Bombay,Materials Science,1993
mthmohan,University of Pennsylvania,Operations And Systems Engineering,1997
mthomasb,University of Oxford,Economics,2009
muditgarg,IIT Madras,Communication Systems,2006
muditgarg,Modern School,Computer Science,2001
muditgarg,Stanford University,Electrical Engineering,2008
muditgarg,Stanford University Graduate School of Business,Entrepreneurial And Small Business Operations,2012
mufeedvh,Central Board of Secondary Education,General Science,2018
muhga,University of Pennsylvania,Triple Major: International Relations,2014
mukundgoenka,INSEAD,Strategy And Leadership,2006
mukundgoenka,University of Massachusetts Amherst,"Computer Science, Operations Management",1998
mukundgoenka,University of Massachusetts Amherst,Industrial Engineering,2000
mukundt,Carnegie Mellon University,Computer Science,2016
munadeem,Stanford University,"Computer Science, Artificial Intelligence",2022
munadeem,Stanford University,"Management Science And Engineering, Technology And Engineering Management",2023
municola,ETH Zürich,Computer Science,2023
munzar,McGill University,Biological Engineering,2017
munzar,McGill University,Energy Engineering,2013
munzar,McGill University,Mechanical And Aerospace Engineering,2011
muralidharan84,IIT Madras,Computer Science And Engineering,2005
murillo,The Ohio State University,Management,2019
murz,University of Washington,Computer Science,2020
musawirali,University of Central Florida,Computer Science,2007
muthuswe,PSG College of Technology,Software Engineering,2010
mvat,Ecole polytechnique fédérale de Lausanne,Communication Systems Engineering,2020
mvat,Eidgenössische Technische Hochschule Zürich,Computer Science,2024
mvbsridhar,Arizona State University,Mechanical Engineering,2000
mvbsridhar,IIT Bombay,1989,1993
mvbsridhar,University of Pennsylvania,"Strategy, Marketing, Finance",2009
mvbsridhar,University of Wyoming,Mechanical Engineering,1996
mvcl,"University of California, Berkeley","Electrical Engineering, Computer Science",1986
mvcl,"University of California, San Diego","Computer Engineering, Math, Music, Cognitive Psychology",1983
mvh,Dartmouth College,Mathematics,2016
mvh,Northeastern University,Computer Science,2024
mvh,University of Arizona,Mathematics,2019
mvitus,Rensselaer Polytechnic Institute,"Mechanical Engineering And Aeronautical Engineering, Computer Science",2004
mvitus,Stanford University,Aeronautics And Astronautics,2012
mwadhera,"University of California, Irvine",Informatics,2008
mwasser,"University of Maryland, College Park","Computer Science, Economics",2008
mwf58,Cornell Tech,Computer Science,2020
mwf58,Worcester Polytechnic Institute,Mechanical Eng,2019
mwfloyd,Harvard University,Economics,2012
mwiz,"University of California, San Diego",Computer Science,2004
mwmanning,Georgia Institute of Technology,Electrical Engineering,2006
mxcrbn,Universidade Federal do Rio De Janeiro,Civil Engineering,2012
mxfunc,IIT Bombay,Electrical Engineering,2004
mxu_,HEC Paris,Management,2024
mxu_,MIT Sloan School of Management,Data Science,2024
mxu_,"Prepa Sainte-Genevieve, France",Mathematics,2019
mxu_,Sorbonne Université,Computer Science,2023
mxwilliamson99,Massachusetts Institute of Technology,Computer Science And Public Policy,2022
myclamm,CodePath,Ios App Development,2017
myclamm,Hack Reactor,Software Engineering,2014
myclamm,University Of Maryland,"Finance, General",2010
mykelolu,Obafemi Awolowo University,Mechanical Engineering,2014
mykelp,Flatiron School,Ios Development,2014
mykelp,Stevens Institute of Technology,Computer Science,2010
myleftear,Emory University - Goizueta Business School,"Finance, Strategy And Management Consulting",2012
mylkguyJ,New York University,Computer Science,2007
mylkguyJ,University of Mumbai,Information Technology,2006
myoung8,Stanford University,Economics,2009
mypasswordisfun,University of Pennsylvania,"Networked And Social Systems Engineering, Computer Science",2020
myprasanna,"National Institute of Technology, Tiruchirappalli",Computer Science,2008
n2d4,ETH Zurich,Computer Science,2022
n_ermosh,Cornell University,Electrical And Computer Engineering,2018
n_f,Dartmouth College,Computer Science,2017
nab,Massachusetts Institute of Technology,Computer Science,2010
nabeysen22,Harvard University Graduate School of Education,"Technology, Innovation, Education",2016
nabeysen22,The University of Western Ontario,Medical Sciences And Psychology,2015
nabinroy,NIT Allahabad,Electrical Engg,1995
nabtoumi,CentraleSupélec,Engineering,2018
nabtoumi,ESSEC,Business Analytics,2018
nadaverell,Ben-Gurion University of the Negev,Computer Science,2013
nadavsherloq,The Interdisciplinary Center,Computer Science,2022
naddison,University of Victoria,Computer Science And Physics,2018
nadiaamalia,Massachusetts Institute of Technology,Finance,2020
nadineh,University of Miami Leonard M. Miller School of Medicine,Medicine,2009
nadirkazan,Embry-Riddle Aeronautical University,Aerospace Engineering Astronautics,2009
naeemtee,University of Toronto,Systems Engineering,2016
nahollander,Stanford University,Computer Science,2017
nahuelcandia,"Goldsmiths, University of London",Computer Science,2024
nahuelcandia,Massachusetts Institute of Technology,Entrepreneurship/entrepreneurial Studies,2016
nahuellema,Escuela Da Vinci,Systems Analysis,2016
nahuellema,Escuela Da Vinci,Web Development,2010
nahuellema,Universidad del CEMA,Business Admin,2024
naimk,Grenoble Ecole de Management,Entrepreneurship,2005
naimk,Université Henry Poincaré,"Statistics, Ai",2006
naimk,Université de Valenciennes et du Hainaut,Research,2004
nakulkelkar,IIM Ahmedabad,Mba,2018
nakulkelkar,NIT Kurukshetra,Electrical Engineering,2011
nalingupta_1,IIT Kharagpur,Electronics Engineering,2013
nalinpradeep,BITS Pilani,Computer Science,2004
namank,University of Waterloo,"Computer Engineering, Human Computer Interaction",2013
namankas,IIT Bombay,Electrical Engineering,2019
namastesutra,"University of California, Los Angeles",Political Science,2017
namehta,Harvard University,Computer Science,2018
nancyhua,Massachusetts Institute of Technology,"Math, Computer Science",2007
nanzhong,University of Illinois Urbana-Champaign,Computer Science,1999
napowderly,Swinburne University of Technology,"Mechatronics, Robotics, And Automation Engineering",2019
narensathiya,"University of California, Irvine",Business Administration,2015
narenst,"Birla Institute of Technology and Science, Pilani",Computer Science,2008
narenst,Stanford University,Computer Science,2011
nash27,University of Delaware,Computer Science,2014
nash27,University of Mumbai,Electronics And Communications Engineering,2009
nassur,University of Pennsylvania,"Mathematics, History, Chemistry",2010
natalieevagray,New York University,Marketing,2010
natalieevagray,Queen's University,Honours,2009
natalieevagray,Queen's University,Mathematics,2011
natashabaker,University of Toronto,Electrical Engineering,2008
natbat,Clyst Vale Community college,Gcse's,1999
natbat,"Exeter College, Oxford","A Levels In Information Technology, Art And Design, Mathematics And General Studies",2001
natbat,University of Bath,Computer Information Systems,2005
nate,University of Illinois Urbana-Champaign,Chemical Engineering,1999
natebecker,Yale University,Economics,2009
nateblecharczyk,Harvard University,Computer Science,2005
nathanamin,Brown University,Computer Engineering,2019
nathanlee2015,Harvard University,Computer Science,2019
nathansqftg,"University of California, Berkeley",Philosophy,2004
naveedjanmo,University College London,Human Computer Interaction,2021
naveenk1,Stanford University,Computer Science,2015
naveenqureshi,Columbia Business School,Technology And Entrepreneurship,2019
naveenqureshi,Lahore University of Management Sciences,Social Science,2009
naveenqureshi,University of Toronto,Major: Economics,2011
navneetdalal,Delhi University,Computer Engineering,1999
navneetdalal,Institut national polytechnique de Grenoble,Computer Vision,2006
navneetdalal,Institut national polytechnique de Grenoble,Computer Vision And Robotics,2003
navneetloiwal,IIT Bombay,Computer Science And Engineering,2004
navon,The Hebrew University,Mathematics,2015
naxin,Tufts University,"Quantitative Economics, Sociology",2012
nbat,Carnegie Mellon University,Computer Science,2014
nbayat,Sharif University of Technology,Chemical Engineering,2008
nbayat,University of Southern California,Chemical Engineering,2018
nbrad,Worcester Polytechnic Institute,Computer Science,2017
nbstme,Ecole normale supérieure,Law And Economics,2015
nbstme,"University of California, Berkeley",Business,2015
nc,Imperial College London,Computer Science,2009
ncbutters,Loyola Marymount University,Graphic Design,2003
ndamiano,Stanford University,Biodesign Innovation Fellow,2014
ndamiano,Stanford University,Management Science And Engineering,2006
ndessaigne,ESIEA,Computer Sciences,1999
ndessaigne,Université de Nantes,Computer Sciences,2005
ndiao,Columbia University,Physics,2019
ndiao,Pomona College,Physics,2017
nealjean,Duke University,"Economics, Mathematics",2010
nealjean,Georgia Institute of Technology,Electrical Engineering,2014
nealjean,Stanford University,Electrical Engineering,2019
nealk,Stanford University,Computer Science,2016
nealk,Stanford University,"Mathematics, Computer Science",2015
nealogrady,The University of British Columbia,Mechanical Engineering,2012
nectoinc,Emory University,Computer Science,2013
necubi,Wesleyan University,Computer Science,2012
ned_at_codomain,Georgetown University,"Mathematics, Economics",2019
nedrocks,Stanford University,Computer Science,2007
neel_murthy,Stanford University,Computer Science,2012
neelbalar7,IIT Madras,Data Science,2023
neelbalar7,IIT Madras,Engineering Design,2021
neeraj_singh,Centre for Development of Advanced Computing,Advanced Computing,2006
neeraj_singh,"ITM UNIVERSITY, GWALIOR",Information Technology,2005
neerajdasila,IIT Bombay,Electrical Engineering,2015
neerajkanuri,New York University,Computer Science,2022
neerajkanuri,PES University,Computer Science,2018
neeravjain24,Delhi Public School,Commerce,2011
neeravjain24,"Indian Institute of Management, Ahmedabad","Business Administration And Management, General",2015
neeravjain24,"Kirori Mal College, Delhi Universirty",Commerce And Business,2014
neha_n,Jabalpur Engineering College,Electronics And Communication,2012
nehagetschoice,National University of Singapore,Computer Engineering/ Technopreneurship,2014
nehagetschoice,"University of California, Berkeley",Data Science,2019
nehagetschoice,"University of California, Irvine",Computer Science,2013
nehshah,Carnegie Mellon University,Human Computer Interaction,2019
nehshah,Cornell University,"Economics, Information Science",2013
neiljphilip,Harvard University,"Computer Science, English",2019
neiljphilip,Oakcrest High School,General,2015
neillock,University of Southampton,"Computer Science, Distributed Systems",2005
neilmovva,Stanford University,Electrical Engineering,2019
neilraina,University of Waterloo,Computer Engineering,2016
neilxchen,University of Washington,Computer Science,2015
neilxm,University of Waterloo,Mechatronics Engineering,2010
neilxm,University of Waterloo,"Mechatronics, Robotics, And Automation Engineering",2013
nelsonv,University of Puerto Rico,Electrical And Electronics Engineering,2010
nemild,Stanford University,"Electrical Engineering, Economics",2004
nemild,Stanford University Graduate School of Business,Business,2009
neochris,London School of Economics and Political Science,Economics,2021
neodaryl,Imperial College London,Computer Engineering,2022
neoecos,Universidad de Antioquía,"Computer Science, Electronic Engineering",2013
neris_inevent,Draper University,Entrepreneurship And Startups,2015
neris_inevent,Poliedro,Curso Preparatório Para O Ita,2010
neris_inevent,Universidade de São Paulo,Mechanical Engineer,2014
netvarun,National University of Singapore,Computer Engineering,2011
newy,Cornell Law School,Law,2007
newy,Cornell University,Computer Science,2004
nezaj,"University of California, Los Angeles",Math / Econ,2011
ngomezdelcampo,Massachusetts Institute of Technology,Computer Science And Engineering,2020
ngrislain,École Normale Supérieure de Lyon,Applied Mathematics,2004
nguyenjd22,Stanford University,Computer Science,2020
nhourcard,King's College London,Mathematics,2012
nhourcard,University of Edinburgh,Finance And Investments,2013
niamaelbassunie,London School of Economics and Political Science,Decision Sciences,2007
niamaelbassunie,London School of Economics and Political Science,International Relations,2006
niamaelbassunie,The University of Sheffield,Economics And Politics,2006
nicbor,Columbia University,"Applied Mathematics, Computer Science",2010
nicbor,"University of California, Berkeley, Haas School of Business",Business Administration,2017
nichochar,Mines ParisTech,Mathematics / Physics / Computer Science,2013
nicholasjbs,Columbia University,Computer Engineering,2008
nicholasjbs,Franklin & Marshall College,Intelligent Systems,2006
nick-uplink,University of Florida,Computer Science,2019
nick517,Williams College,Math And Economics,2016
nickbaum,Dartmouth College,"Computer Science, Economics",2005
nickbaum,Lycée Sainte Croix de Neuilly,Mathematics,2001
nickenbank,King's College London,Electronic And Information Engineering,2021
nickgervasi,McGill University,Mechanical Engineering,2008
nickgulino1,MiraCosta Community College,Liberal Arts,2012
nickgulino1,"University of California, Berkeley",Rhetoric,2014
nickgulino1,Yale Law School,Law,2018
nickhirche,Mittweida University,Media And Communications,2009
nickhui,The University of British Columbia,Mechanical Engineering,2019
nickkao,The University of British Columbia,Computer Science,2022
nicklo,Massachusetts Institute of Technology,Computer Science,2017
nicklo,Massachusetts Institute of Technology,Electrical Engineering And Computer Science,2016
nickrubin,Stanford University,Symbolic Systems,2021
nicksher,Ukrains'kij Deržavnij Mors'kij Tehnicnij Uniwersitet im. 'Admirala Makarova',Electrical Engineering,1982
nicksiscoe,University of Nebraska-Lincoln,Computer Science,2021
nickwmoore,Draper University,Entrepreneurship,2014
niclane7,Cornell University,Computer Science,2004
niclane7,Dartmouth College,Computer Science,2011
niclane7,University of Waikato,Computer Science And Finance,2001
nicnovak,Oberlin College,"Neuroscience, Computer Science",2010
nicnovak,"University of California, Los Angeles",Neuroscience,2012
nico-ping,The University of Texas at Austin - The Red McCombs School of Business,Business,2004
nico-ping,Universidad de 'San Andrés',Business,2005
nicofuenzalida,Massachusetts Institute of Technology,Entrepreneurship And Innovation,2019
nicolaqua,Columbia University,Neuroscience,2021
nicolasbenenzon,ITBA (Instituto Tecnologico de Buenos Aires),Software Engineering,2020
nicolasbenenzon,Massachusetts Institute of Technology,Entrepreneurship And Innovation,2019
nicolasgetjusto,Universidad Adolfo Ibañez,Ingeniería,2018
nicolasjramsay,INSEAD,Business Administration,2012
nicolasjramsay,Imperial College London,Aeospace Materials Engineering,2005
nicolaspiqueras,Universidad Torcuato di Tella,Economics,2012
nicolaspiqueras,Universidad Torcuato di Tella,Finance,2016
nicomichaelsen,University of Copenhagen,Psychology,2008
nicoraga,"University of California, Berkeley",Electrical Engineering And Computer Science,2019
nicotejera,Harvard Extension School,Software Engineering,2014
nicotejera,Instituto Tecnológico de Buenos Aires,Electrical Engineering,2007
nicps,Università IUAV di Venezia,Design And Applied Arts,2013
nigelg,Southern Methodist University,Computer Science,2016
nikhil-shankar,University of Michigan,Applied Mathematics,2020
nikhil29,Princeton University,Computer Science,2024
nikhil896,Georgia Institute of Technology,Computer Science,2017
nikhilagrawal,Jain University,Business Management,2016
nikhilagrawal,Northeastern University,Computer Science,2020
nikhiljay7,Columbia University,Data Science,2023
nikhiljay7,Purdue University,"Computer Science, Data Science, Applied Statistics",2022
nikhilmantha,Birla Institute of Technology,"Electrical, Electronics And Communications Engineering",2012
nikhilmat,Boston University,Computer Science,2014
nikhilpandit,University of Illinois,Electrical And Computer Engineering,2009
nikhilpandit,University of Illinois Urbana-Champaign,"Computer Engineering, Technology And Management",2006
nikhilprabhakar,National Institute of Technology Karnataka,Computer Science,2009
nikhilunni,"University of California, Berkeley",Computer Science,2016
nikhilunni,University of Illinois Urbana-Champaign,Computer Science,2015
nikikhokale,Carnegie Mellon University,Information Systems Management,2011
nikikhokale,K. J. Somaiya College Of Engineering,Electronics And Telecommunication,2008
nikita,"National Research University of Information Technologies, Mechanics and Optics. St. Petersburg",Computer Science,2004
nikita,Ural State University named after A.M.Gorky,Computer Science,2001
nikita,Ural State University named after A.M.Gorky,Mathematics,1999
nikithh,Georgia Institute of Technology,Computer Science,2022
nikithh,M.S. Ramaiah Institute Of Technology,Computer Science And Engineering,2020
nikkidurkin,"University of Technology, Sydney",Business,2011
nikos_kar,Columbia University,Biomedical Engineering,2018
nikos_kar,University of Patras,Electrical And Computer Engineering,2009
nilaymodi123,"University of California, Los Angeles",Cognitive Science,2018
nilkanthjp,Columbia University,Biomedical Engineering,2011
nilkanthjp,Columbia University,Computer Science,2015
nimitzeoauto,"Birla Institute of Technology and Science - Pilani, Goa",Mechanical Engineeering,2009
nimitzeoauto,CFA Institute,Charterholder,2018
nimitzeoauto,Faculty of Management Studies - University of Delhi,General Management,2013
nimz,University of Illinois Urbana-Champaign,"Computer Science, Electrical Engineering",2004
ninahu,"University of California, Berkeley","Computer Science, Economics",2018
ninajlu,Stanford University Graduate School of Business,Master Of Business Administration,2022
nirga,The Hebrew University of Jerusalem,Computer Science,2015
nirga,The Open University of Israel,Computer Science,2005
nirkrakowski,Y-Combinator,Startups,2016
nirmel,New York University - Leonard N. Stern School of Business,Economics,2005
nirmel,"The Wharton School, University of Pennsylvania",Operations And Information Management,2008
nirsmadar,Technion,Industrial Engineering,2011
nischal123,Massachusetts Institute of Technology,Computer Science,2017
nish93,IIT Bombay,Mechanical Engineering With Minors In Statistics,2015
nish93,Indian Institute of Management Ahmedabad,Management,2017
nish_agg,Dartmouth College,Engineering Management,2015
nishith_bsk,Stanford University,Computer Science,2018
nitesh_shroff12,IIT Madras,Electrical Engineering,2007
nitesh_shroff12,University Of Maryland,Electrical Engineering,2012
nitishp1812,"The Heritage School, Kolkata",Science,2018
nitishp1812,University of Illinois Urbana-Champaign,Computer Science,2021
nitishsahni,"University of California, Berkeley",Electrical Engineering And Computer Science,2023
nitroball,University of Waterloo,Arts,2012
nitthin,Amity School of Engineering Technology,Mechanical Engineering,2010
nitzanguy,WIZO Haifa Academy of Design and Education,Graphic Design,2014
nivivon,Queen's University,Software Design,2016
nixon_ar,IAE Business School,"Business Administration And Management, General",2017
nixon_ar,ITBA,Software Engineering,2012
nizarbatada,California Institute of Technology,Control And Dynamic Systems,2020
nizarbatada,Carleton University,Biochemistry,1998
nizarbatada,Stanford University,Biophysics,2005
njallouli,Ecole Centrale Paris,General Engineering,2012
njallouli,Ecole Centrale Paris,Operations Research And Technological Innovation,2014
njoglekar,Stanford University,Management Science And Engineering,2008
nkobyshev,ETH Zurich,Computer Science,2013
nkobyshev,ETH Zurich,Computer Vision,2017
nkobyshev,St Petersburg State Polytechnic University,Computer Science,2011
nkrumm,Freie Universität Berlin,Cognitive Neuroscience,2008
nkrumm,Johns Hopkins University,Neuroscience,2007
nkrumm,University of Washington,Genomics,2014
nkrumm,University of Washington,Mstp Program,2017
nleach,New York University,Computer Science,2012
nlejeune4,CEMS,International Business,2015
nliang86,Yale University,Physics,2007
nlimbekar,Columbia University,Health Policy And Managment,2011
nlimbekar,Harvard Medical School - Massachusetts General Hospital,Clinical Sleep Medicine Fellow,2020
nlimbekar,Johns Hopkins University,Natural Sciences,2009
nlimbekar,Marshall University School of Medicine Joan C. Edwards,Doctor Of Medicine,2015
nlimbekar,Tufts University School of Medicine,Neurology Residency,2019
nlombo,Yale University,Economics,2013
nlukka1,Queen's University,Commerce,2009
nlukka1,The University of Manchester,Business,2008
nlwhite,Georgia Institute of Technology,"Algorithms, Combinatorics, And Optimization",2019
nlwhite,"University of California, Davis",Mathematics,2014
nmakiya,Harvard University,Psychology,2008
nmakiya,UCLA School of Education,Education,2012
nmasters,"University of Massachusetts, Amherst",Marketing,2005
nmeyer,Massachusetts Institute of Technology,Computer Science,2006
nmhamet,University of Michigan,Instrumentation And Payload Systems,2014
nmhamet,University of Michigan,Meteorology,2013
nnnnnn,Claremont McKenna College,Computer Science,2014
noaflaherty,Massachusetts Institute of Technology,Mechanical Engineering And Management,2015
noahanee,Federal University of Technology Minna,Physics,2007
noahjepstein,Tufts University,Computer Science,2016
noahsofio,Dartmouth College,"Econ, Gov",2020
noajshu,University of Michigan,"Physics, Mathematics",2015
noamhertz,Technion - Israel Institute of Technology,Software Engineering,2019
noamizhaki,Colegio de Estudios Superiores de Administración,Business/managerial Economics,2017
noamizhaki,The Interdisciplinary Center,Bachelor's Degree,2017
nobalancepalace,Jacobs University Bremen / International University Bremen,Electrical Engineering And Computer Science,2009
nobalancepalace,The University of Edinburgh,Computer Science,2010
nodar-d,University College London,Economics,2016
nogaleviner,Stanford University,"Human Biology, Economics",2003
nolan_gray,Cornell University,Computer Science,2020
noorinmawani,Columbia University,Management Science And Engineering,2014
noorinmawani,Richard Ivey School of Business,Business Administration Finance,2009
norcia,"University of California, Davis",Computational Physics,2014
norristie,"University of California, Los Angeles",Aerospace Engineering,2014
nostrapollo,University of Cape Town,Quantity Surveying/construction,2016
notericwang,Amherst College,Computer Science,2021
notphilatall,Georgia Institute of Technology,Computer Engineering,2005
noumanp,"Schulich School of Business, York University",Finance,2007
noumanp,Singapore Management University,Finance,2007
novabyte,"Queen Mary, U. of London",Computer Science,2010
novabyte,University of Bath,Computer Science,2011
novig,Harvard University,Social Studies,2021
npalansky,University of Manitoba,Web Based Systems And Artificial Intelligence,2018
npenaranda,Universidad de Los Andes,Economics,2013
npenaranda,University College London,Technology Entrepreneurship,2019
nper,Stanford University,Biomedical Informatics,2010
nper,Stanford University,Human Biology,2009
nperina,Princeton University,Computer Science,2017
nphatak,Carnegie Mellon University,Statistics And Professional Writing,2010
nplex,McGill University,Bioengineering And Biomedical Engineering,2018
nplex,Polytechnic School of Montreal,Electrical Engineering,2011
nponte,Carnegie Mellon University,Bachelor Of Science,2016
nponte,Carnegie Mellon University,Electrical And Computer Engineering,2017
npoturnak,Northwestern University,Master Of Engineering Management,2013
npoturnak,Northwestern University - Kellogg School of Management,Master Of Business Administration,2013
nravic,Johns Hopkins University,Space Systems Engineering,2024
nravic,University at Buffalo,Mechanical And Aerospace Engineering Dual Major,2019
nrkl,Columbia University,Real Estate Development,2015
nrkl,Universidad de Chile,Industrial Engineering,2008
nrmclean,William & Mary,Data Analytics,2018
nrudder,London Business School,Master Of Business Administration,2020
nrudder,ScholarSite,The Economics Of Digital Platforms,2021
nrudder,The British School of Milan - Sir James Henderson School,General Certificate Of Secondary Education,2006
nrudder,"The Scots College (Sydney, Australia)",High School Certificate,2008
nrudder,"University of California, Berkeley, Haas School of Business",Master Of Business Administration,2021
nrudder,"University of California, Santa Barbara",Psychology And Pharmacology,2013
nrudder,University of Sydney,"Marketing, Business Information Systems And Psychology",2015
nrudder,Y Combinator,W22 Batch,2022
nsalhuana1,Arizona State University,Computer Science,2015
nsedlet,Yale University,Physics,2008
nshelly,Stanford University,Computer Science,2015
nshgraph,The University of Auckland,Computer Science,2005
nshgraph,The University of Auckland,International Business,2003
nshgraph,University of Auckland,Computer Science,2006
nshgraph,Åtvidaberg Gymnasiskolan,Vetenskap,1999
nspatel99,Yale University,Bs Computer Science And Ba Economics,2021
nspeller,Cornell University,Computer Science,2011
ntague,Boston University,Biomedical Engineering,2023
ntague,University of Illinois Urbana-Champaign,Bioengineering,2017
ntambwa,Polytechnic School of Montreal,Computer Software Engineering,2015
nuha_h,Ain Shams University,Electronics And Communication Engineering,2013
nuha_h,Istanbul Sehir University,Industrial And Systems Engineering,2019
nuha_h,Louisiana State University,Management,2021
nuhbye,National Institute of Technology Kurukshetra,Information Technology,2011
nulltype,Case Western Reserve University,Electrical Engineering,2006
nuwandavek,IIT Kharagpur,Aerospace Engineering,2016
nuwandavek,"University of California, Berkeley",Information Management And Systems,2021
nwags,Lehigh University,Analytical Finance,2008
nwags,Lehigh University,Mathematics,2005
nwags,University of Wisconsin-Madison,Applied Security Analysis Program,2012
nwenzel,"Arizona State University, W. P. Carey School of Business",Finance,1999
nwinter,Oberlin College,"Computer Science, Mathematics, And East Asian Studies",2008
nwparker,Cornell University,Information Science,2015
nwparker,Cornell University Graduate School,Computer Science,2016
nyergler,Purdue University Fort Wayne,Computer Science,2006
nzoschke,University of Michigan,Electrical Engineering,2004
oaa36,Imperial College London,Biology/ Biophysics,2014
oaa36,University of Cambridge,Engineering And Applied Physics,2015
oaa36,University of Cambridge,Physics,2019
oakley,Franklin W. Olin College of Engineering,Electrical And Computer Engineering,2007
oantos,Gymnázium Matyáše Lercha,Grammar School,2007
oantos,Harvard Business School,Entrepreneurship/entrepreneurial Studies,2017
oantos,Harvard Law School,"Entrepreneurship, Venture Capital And Law",2017
oantos,Masaryk University Brno,Information Technology Law,2015
oantos,Masaryk University Brno,Law,2014
oantos,Massachusetts Institute of Technology,New Enterprises,2016
oantos,University of Glasgow,Law,2012
oaogunsa,University of Waterloo,Computer Engineering,2014
oarahimi,University of Minnesota,Pharmacology,2013
oarahimi,University of St. Thomas,Biochemistry,2009
oarahimi,Wake Forest University,Integrative Physiology And Pharmacology,2019
oarojas,Colegio de Estudios Superiores de Administración - CESA,Business Administration,2018
oarojas,Platzi,Product Design,2021
oarojas,Scrimba,Software Engineering,2022
oavatare,University of Washington,Informatics,2020
obibring,Columbia University,Computer Science,2008
obiebukadavid,Adekunle Ajasin University,Computer Science,2015
obiebukadavid,School of Basic Studies X AAUA,Computer Science,2011
obliojoe,"University of California, Santa Cruz",Physics,1989
obstropolos,CUNY Graduate Center,Digital Humanities,2019
ocolebourne,Imperial College London,Design Engineering,2022
odim,Massachusetts Institute of Technology,Electrical Engineering/computer Science,2013
odpc1005,Tohoku University,"Electrical, Electronics And Communications Engineering",2008
odpc1005,Tohoku University,"Mechatronics, Robotics, And Automation Engineering",2010
odrazyc,Western University,Geophysics,2017
oearmitage,University of Cambridge,Biomaterials,2011
oearmitage,University of Cambridge,Biomaterials Research,2012
oferLifeslice,Ben Gurion University (BGU),Communication System Engineering,2012
ogiberstein,"Royal Holloway, University of London",Politics And International Relations,2010
ogiberstein,"University of California, Santa Barbara",International Relations,2009
ogiberstein,University of Oxford,International Relations,2012
oimtiaz1,The University of Texas at Austin,Computer Science,2024
oimtiaz1,The Village School,Computer Science,2020
ojimabenjay,Federal University of Technology Minna,Electrical And Computer Engineering,2009
ojjones,Washington State University,Computer Engineering,2012
ok2347,American University of Beirut,Electrical And Computer Engineer,2016
ok2347,The University of Texas at Austin,Electrical And Computer Engineering,2019
okgabr,Cairo University,Computer And Communications Engineering,2012
okgolove,Bauman Moscow State Technical University (BMSTU),Robotics And Complex Automation,2017
okky,MIT Sloan School of Management,"Business Administration And Management, General",2021
okstr,University of Waterloo,Architecture And Engineering,2011
old-gregg,Siberian State University,Mathematics,1998
oliver101,University of Southampton,Physics,2018
olivierzimmer,Solvay Brussels School,"Ba In Management Sciences, Business, Engineering",2005
olivierzimmer,Solvay Brussels School,"Master In Management Sciences, Major In Finance",2007
olivierzimmer,Technische Universität Berlin,Wirtschaftsingenieurwesen,2006
olivmindee,Ecole polytechnique,"Physics, Maths, It, Biology, Economy, Geopolitics",2015
olivmindee,Mines ParisTech,Scientific Management,2015
ollewerme,Chalmers University of Technology,Computer Software Engineering,2016
ollewerme,Kyoto University Of Art And Design,Design And Applied Arts,2010
ololaday,Obafemi Awolowo University,Computer Engineering,2013
olorunfemi,Y Combinator,Credpal,2019
olufotebig,Federal University of Technology Akure,Physics,2014
olumbe,"The Wharton School, University of Pennsylvania",Economics,2023
olumbe,University of Pennsylvania,Computer Science,2023
olumekun,Obafemi Awolowo University,Geology,2010
olumidef,Igbinedion University Okada,Electrical Electronics Engineering,2009
olumidef,University of Aberdeen,Oli And Gas Engineering,2012
olykos,Dartmouth College,Computer Science And Music,2017
omairansari,McMaster University,Honours Commerce And Political Science,2006
omar_gridware,"University of California, Berkeley",Product Development,2020
omarelko,CentraleSupelec,Telecommunications Engineering,2011
omarelko,Lycee Sainte Genevieve,Science With Computers And Maths,2007
omarfintual,Universidad de Chile,Applied Mathematics,2010
omarfintual,Universidad de Chile,Industrial Engineering,2012
omarish,University of Virginia,Systems And Information Engineering,2010
omarkassim,University Of Warwick,Electronics,2006
omarrpa,Penn State University,Information Science,2006
omarrpa,Pennsylvania State University,Information Science,2012
omarseyal,Stanford University,Computer Science,2003
omarseyal,"The Wharton School, University of Pennsylvania",Entrepreneurial Management,2011
omartronco,Instituto Tecnologico Autonomo de Mexico (ITAM),Actuarial Science,2007
omartronco,Instituto Tecnologico Autonomo de Mexico (ITAM),Risk Management,2011
omernev,Tel Aviv University,Computer Science,2012
omflash,Southwestern University,Biology,2006
omidr,Yale University,Mathematics And Computer Science,2019
omoindrot,Ecole polytechnique,Computer Science And Entrepreneurship,2016
omoindrot,Lycée Sainte-Geneviève,Mathematics And Physics,2013
omoindrot,Stanford University,Computational And Mathematical Engineering,2018
omrim,University of Washington,Business Administration,2012
oncobox,Moscow Institute of Physics and Technology,Applied Mathematics And Physics,2011
oncobox,Moscow Institute of Physics and Technology,Biotechnology,2013
onelocal,Queen's University,Finance,2009
ongtektjan,University of Gadjah Mada Indonesia,Accounting,1992
onnies,University of Toronto,Engineering Science,2022
ontoillogical,University of Toronto,Computer Science,2011
oolu,Western University,Environmental Policy And Business,2012
oolu,Western University,Environmental Science,2011
op3no2,Medill School of Journalism,Science And Health Reporting,2012
oparrott,Codecademy,Ruby Track,2013
oparrott,Northeastern University,Communications And Signal Processing,2005
oparrott,Stanford University,Advanced Project Management,2012
oparrott,Technion Israel Institute of Technology,Electrical Engineering,2000
oparrott,University of Haifa,"Judaism, Archaeology",2000
oparrott,Virginia Polytechnic Institute and State University,"Electrical Engineering, Mathematics, Judaic Studies",2001
oparrott,Virginia Tech,Electrical Engineering,2001
openquery,University of Bath,Electrical And Electronics Engineering,2017
orarbel1,Universitat Ben Gurion Ba,Computer Science,2010
oravidov,Bar-Ilan University,Computer Science,2017
oravidov,College of Management,Computer Science,2009
orioltintore,Stanford University Graduate School of Business,Business,2017
orioltintore,Universitat Politecnica de Catalunya,Aerospace Engineering,2011
orionhenry,University of San Diego,Computer Science,1997
orlandolee,Harbin Institute of Technology at Weihai,Computer Science,2012
orlandolee,"University of California, Los Angeles",Computer Science,2014
orserh,Colby College,Government,2016
orydberg,Jönköping University,Engineering Micro Electronics,2003
orydberg,Tec de Monterrey,Project Management,2011
oscarrovira,Udacity,"Nanodegree, Selfdriving Car Engineering",2018
oscarrovira,University of Bath,Integrated Mechanical And Electrical Engineering,2019
osimpleyo,University of Waterloo,Computer Science,2017
osmanozes,Hacettepe University,Medical Microbiology And Bacteriology,1986
osmanozes,Hacettepe University,Purification And Characterization Of Polygalacturonase,1989
osmanozes,Indiana University Bloomington,Microbiology And Immunology,1993
otajor,University of Oxford,Philosophy And German,2015
otikings,"Madonna University, Elele Campus, Rivers State, Nigeria",Microbiology,2011
otikings,Obafemi Awolowo University,Computer Science,2017
ottodebals,KULeuven,Electrical Engineering,2011
ottodebals,KULeuven,Mathematical Engineering,2017
owalerys,McGill University,Business,2016
owen23,Stanford University,Neuroscience,2018
owen23,Stanford University Graduate School of Business,"Business Administration And Management, General",2017
owen23,"University of California, Los Angeles",Biology,2006
owen23,University of Rome Tor Vergata,Neuroscience,2015
owkhan,Bentley University,Economics,2013
oyalti,Stanford Law School,Law,2012
oyalti,Yale University,Economics,2008
ozgune,Galatasaray Üniversitesi,Computer Science,2002
ozgune,Stanford University,Computer Science,2004
ozmendoza,Stanford University,International Relations,2013
ozmin21,Princeton University,Philosophy,2019
p-albuquerque,Fucapi,Computer Science,2009
p-albuquerque,Fucapi,Project Management,2012
p-albuquerque,Stanford University,"Continuing Studies, Innovation And Technology, Artificial Intelligente, Blockchain, Futurism",2019
pabsferrari,CICE,3d Animation And Digital Postproduction,2002
pabsferrari,Microforum,C# Programming Language,2006
pabsferrari,New York University,Film,2006
pabsferrari,Universidad Pontificia de Comillas,Computer Science,2007
padmanabhank,Bishop Cotton Boys'​ School,Indian School Certificate,2017
padmanabhank,Columbia University,Computer Science,2022
padmanabhank,The Hong Kong University of Science and Technology,Computer Science,2021
paezand,ITESM,Electronics Engineering,2012
paezand,Stanford University,Management Science And Engineering,2022
palexsmith,Texas A&M University,Biomedical Engineering,2013
palexsmith,University of Houston,Mechanical Engineering,2017
panamaniac,"The Wharton School, University of Pennsylvania",Innovation Through Analytics,2014
panamaniac,University of Pennsylvania,Economics,2003
panashemahachi,University of Waterloo,Computer Science,2015
pancomplex,Brown University,Compute Science,2016
pancomplex,DTU - Technical University of Denmark,Computer Science,2014
pani5ue,IIT Bombay,Electrical Engineering,1999
pani5ue,University of Virginia,Ee,2001
panickos,Panepistimio Kyprou,Computer Science,2003
panickos,University of Pittsburgh,Computer Science,2012
panospnoe,National Conservatory of Music-Athens,Violin Studies,2013
panospnoe,National Technical University of Athens,Mechanical Engineering,2013
panospnoe,Stanford University,Management Science And Engineering,2016
panosv,Lehigh University,Computer Engineering,2008
panosv,University of Patras,Electrical And Computer Engineering,2004
pantharoy,Imperial College London,Computer And Telecommunications Engineering,2005
paolocarroll1,Yale University,Computer Science And Economics,2022
paragarora,IIT Delhi,Electrical/ Electronics,2008
paras,California State University,"Computer Science, Mathematics",2004
pargles,Federal University of Pelotas,Computer Science,2013
pargles,University of Toronto,Computer Science,2015
parkcoll,University of Cape Town,Computer Science,2005
parkerconrad,Harvard University,Chemistry,2003
parkike,Harvard College,Social Studies,2016
parlin,Hyper Island,Digital Communication And Media/multimedia,2002
parlin,Uppsala University,Computer Science,2007
parthi,Columbia University,Computer Science,2016
parthipand,National University of Singapore,Electrical Engineering,2009
parthipand,Tuck School of Business at Dartmouth,Master Of Business Administration,2016
parthkm,University of Michigan,Computer Science,2019
particlebanana,Texas State University,Computer Information Systems,2008
partlysean,Bowling Green State University,Visual Communications Technology,2010
partlysean,University of Cincinnati,"Industrial Design, Daap",2017
pasharayan,University of New South Wales,"Computer Science, Accounting, Philosophy",2012
pastudan,Texas Tech University,Mechanical Engineering,2012
patkoperwas,"University of California, Santa Barbara",Statistics,2013
patman_h,University of Waterloo,Computer Science,2014
patrickbaber,Hochschule Mittweida,Applied Media Economics,2009
patrickbuckley,Massachusetts Institue of Technology,Mechanical Engineering,2003
patrickbuckley,Massachusetts Institute of Technology,Bioengineering,2004
patrickfriday,Copenhagen Business,International Sales And Marketing,2013
patrickhogan1,Ottawa University,Information Technology Systems,2005
patricksli,University of Calgary,Electrical Engineering,2009
patrickwalton,Brigham Young University,Electrical And Computer Engineering,2021
patrickwalton,Brigham Young University,Mechanical Engineering,2017
paulcnichols,"University of California, San Diego",Computer Science,2012
pauldevay,The University of Texas at Austin,Design,2006
pauldix,Columbia University,Computer Science,2009
paulgalatis,Democratic Alliance,South African Politics,2010
paulgalatis,University of Cape Town,Commerce And Information Systems,2002
paulgb,University of Waterloo,Mathematics,2011
paulgerhardt,University of Colorado Boulder,Computer Science,2009
paulgross,Yale University,Statistics And Data Science,2020
paulkiosk,Ecole polytechnique,"Computer Science, Statistics, Economics",2021
paulkiosk,HEC Paris,"Data Science, Entrepreneurship",2021
paulobautista,University of the Philippines,Business Economics,2015
paveldenisjuk,Polytechnic of Rijeka,Business Information Systems / Computer Science,2011
pavelgertsberg,SOAS University of London,International Relations,2015
pawangupta,Birla Institute of Technology,Electronics And Communications Engineering,2009
pawangupta,Massachusetts Institute of Technology,Entrepreneurship,2015
pawangupta,Y Combinator,Best Startup Incubator In The World,2021
pawelgut,New York University,Mathematics,2013
pb94,ETH Zurich,Computer Science,2017
pb94,"VIT University, Vellore",Btech,2016
pbachelier,42,"Computer Programming, Algorithmics",2016
pbachelier,Ecole nationale supérieure des Télécommunications,Master In Management And New Technologies,2016
pbachelier,HEC Paris,New Technologies,2016
pbachelier,Lycée Chateaubriand,Classe Préparatoire Ecs,2011
pbeveret,University of Waterloo,Nanotechnology Engineering,2016
pbharrin,Arizona State University,Electrical Engineering,2008
pbharrin,Harvard University,Computer Software Engineering,2019
pbharrin,Purdue University,Electrical And Computer Engineering,2001
pbiggar,Trinity College Dublin,Computer Science,2009
pbraswell,Yale University,Political Science And Government,2011
pbs-starts,University of Toronto,Health Informatics,2016
pbs-starts,Western University,Honors Specialization In Medical Sciences,2015
pchico83,Universidad Politécnica de Madrid,Computer Science,2006
pchico83,Universidad de Murcia,Computer Science,2002
pchico83,University of Madrid (UPM),Software Engineer,2012
pdanny95,University of York,"Politics, Philosophy And Economics",2017
pdeem,Johns Hopkins University,"International Studies, Russian",2001
pdeem,"The Wharton School, University of Pennsylvania","Finance, Master's In International Studies / Russian",2009
pdeem,University of Pennsylvania,Eastern Europe And Russia,2009
pdepoulpiquet,ENSTA ParisTech - École Nationale Supérieure de Techniques Avancées,Système De Production,2014
pdepoulpiquet,Lycée Jean Baptiste Say,Bac S Option Si,2010
pdesuza,Massachusetts Institute of Technology,Electrical Engineering And Computer Science,2005
pdiddysun,University of Waterloo,Electrical Engineering,2018
pdmcguckian,Imperial College London,Design Engineering,2022
pdornier,Princeton University,Computer Science,2017
pdotson,University of Michigan,Aerospace Engineering,2024
pdwall361,Columbia University,Business Administration,2015
pdwall361,University of Virginia,Bachelor Of Arts,2009
pea,University of St. Andrews,English And Modern History,2012
peadarohaodha,"Trinity College, Dublin",Bachelor's Degree,2013
pedro380085,Universidade de São Paulo,Computer Science,2011
pedrofintual,Universidad de Chile,Astronomy,2006
pedrofintual,Universitat de Barcelona,Faculty Of Economics And Business,2007
pedrojahara,Universidade de São Paulo,Industrial Engineering,2009
pedromnasc,CEFET-RJ,Computer Science,2009
pedromnasc,Universidade Federal do Rio De Janeiro,Applied Math,2016
pedromnasc,Universidade Federal do Rio De Janeiro,Electronics And Communications Engineering,2013
pedropregueiro,Universidade do Minho,Computer Science,2009
pedrox,Universidade de São Paulo,Computer Engineering,2008
peeyush_goyal,Carnegie Mellon University,Product Development,2014
peeyush_goyal,IIT Roorkee,Bachelor Of Technology,2013
pegasaurus,Stanford University,Computer Science: Artificial Intelligence Track,2020
pelin,Istanbul Technical University,Industrial Product Design,2011
pelin,Politecnico di Milano,Product Design,2010
pelle,Cardiff University,Computer Systems,1995
pelumi,Obafemi Awolowo University,Electronic And Electrical Engineering,2011
pelumi,University of Bristol,Advanced Computing,2014
penelopejones,University of Cambridge,Natural Sciences,2018
penelopejones,University of Cambridge,Physics,2022
penelopejones,University of Cambridge,Theoretical And Experimental Physics,2019
pennandhunt,Cornell University,Applied Economics And Management,2009
pennandhunt,University of Pennsylvania,Entrepreneurship,2017
per_wheelys,Hefei University,Industrial And Product Design,2022
perceptron,MIT Media Lab,Media Arts And Sciences,2017
perceptron,Purdue University,Computer Engineering,2014
perceptron,"R. V. College of Engineering, Bangalore",Electronics And Communication,2010
permin,Frederiksborg Gymansium & HF,"Social Studies, Mathematics And English",2012
perryha95,Massachusetts Institute of Technology,Mechanical Engineering,2017
persephonebiome,California Institute of Technology,Chemical Engineering,2009
persephonebiome,"University of California, San Diego",Chemical Engineering,2003
petenixey,University of Oxford,Computer Vision,2004
petenixey,University of Oxford,Physics,2001
peterdelahunty,Sheffield Hallam University,Software Engineering,1999
peterhoang,Smith School of Business at Queen's University,School Of Business,2009
peterlzhou,Yale University,Computer Science,2019
peterpanpan,The Hong Kong University of Science and Technology,Mba,2012
petersand,Carnegie Mellon University,Computer Science,2000
petersand,Massachusetts Institute of Technology,Computer Science,2006
peterzakin,Princeton University,Philosophy,2012
petesmithy,University of Cambridge,Law With French Law,2005
petethepig,ITMO University,Information Systems And Technology,2014
peteturnbull,Imperial College London,Mathematics And Computer Science,2014
pfduke02,Duke University,"Economics, Mathematics",2002
pfduke02,"University of California, Berkeley",Economics,2008
pfhayes,University of Waterloo,Computer Science/pure Mathematics,2012
pfletcherhill,Yale University,Computer Science And Economics,2015
pfunctional,California Institute of Technology,Physics,2019
pfunctional,Harvard University,Physics,2024
pgales,Harvard Business School,"Business Administration And Management, General",2013
pgales,University of Cambridge,"Electrical, Electronics And Communications Engineering",2005
pgao,"University of California, Berkeley",Electrical Engineering And Computer Science,2015
pguduguntla,University of Illinois Urbana-Champaign,Computer Science,2023
phaedraanes,Cornell University,Operations And Information Engineering And Pre,2013
phantom1196,Yale University,"Computer Science, Economics",2015
pharkle,Columbia University,"Mathematics, American Studies",2003
phiar,Harvard University,Neuro Inspired Deep Learning,2017
phiar,Penn State University,Computer Science And Engineering,2010
phiar,Rochester Institute of Technology,Computer Science,2005
phiar,Stony Brook University,Computer Science,2016
phil4eeve,Titus AG,Media Designer For Digital And Print Media,2004
philena,Massachusetts Institute of Technology,Computer Science,2024
philip-g,Fudan University,Exchange Programme,2012
philip-g,London School of Economics and Political Science,Management,2013
philipcamilleri,St Aloysius' College,Mathematics And Computer Science,1998
philipdsmart,University of North Carolina at Chapel Hill,Computer Science,2020
philipeller,Manage&More by UnternehmerTUM,Entrepreneurship,2017
philipeller,TUM School of Management,Technology And Management,2016
philipisik,Mittweida University,Applied Media Economics,2009
philipk19238,The University of Texas at Austin,Finance,2022
philipkoenig,Florida International University,"Bachelor's Degree, International Affairs, Steven J Green School Of International And Public Affairs",2015
philipkoenig,IE Business School,Master Of Business Administration,2022
philipkoenig,New York University - Leonard N. Stern School of Business,Master Of Business Administration,2022
philipmoniaga,Universitas Katolik Parahyangan,Bachelor's Degree,2014
philippa_brown,University of Auckland,Economics And Finance,2016
philippemnoel,Harvard University,Computer Science,2020
philipscott,University of Waterloo,Software Engineering,2021
philliphuang,Harvard University,Computer Science,2018
phillipn,University of Southern California,Business Administration And Entrepreneurship,2019
phillipwei,Princeton University,Computer Science,2005
phodamentals,University of Arkansas at Fayetteville,Information Systems,2011
phodamentals,Y Combinator,Startups,2013
phoenix28,UC Berkeley and UCSF,Translational Medicine,2021
phowson83,Imperial College London,Computer Science,2004
phsource,Yale University,Computer Science,2014
phuelskamp1983,Dartmouth College,Economics,2006
phuoctran87,American University,International Studies,2009
phyc,Princeton University,Orfe,2019
physiohinc,Harvard Business School,"Mba, Innovation In Healthcare, Entrepreneurship, Finance",2014
physiohinc,Robert College,Math And Science Ib Baccaleuarate,2005
physiohinc,Stanford University,Chemical Engineering,2009
piamancini,Monash University,Asian Studies,2007
piccirello,Rutgers University,Computer Science,2016
picklelo,"University of California, Berkeley",Electrical Engineering And Computer Science,2017
picktrace,"University of California, Berkeley",Agricultural Business And Management,2013
pideaky,Universidad Autonoma de Nuevo Leon,Medicine,2011
pierrebetouin,"Ecole supérieure d'Informatique, Electronique et Automatique",Computer Science,2006
pillaip,"The Wharton School, University of Pennsylvania",Finance,2020
pillaip,University of Pennsylvania,Computer Science,2020
piotrgrudzien,"Trinity College, University of Cambridge",Engineering,2015
pipeabello,NUCB Business School Japan,Business Administration And Management,2015
pipeabello,Universidad de Los Andes,Business Administration,2015
pishu123,IIT Delhi,Biochemical Engineering And Biotechnology,2018
pishu123,Indian Institute of Technology,Biochemical Engineering And Biotechnology,2018
pitnikola,"Saint Petersburg Electrotechnical University ""LETI""",Computer Science,2012
piuk,University of Newcastle,"Business Administration, Management And Operations",2009
piuk,University of Newcastle,Computer Science,2010
piyush_iosite,IIT Roorkee,Electrical Engineering,2015
pj747,IIT Madras,Computer Science And Engineering,2022
pj_mukh,University of Waterloo,Mechatronics Engineering,2010
pj_mukh,University of Waterloo,"Mechatronics, Robotics, Automation Engineering",2012
pjcooper,University of Waterloo,"Mechanical Engineering, Entrepreneurship Option",2017
pjdbruin,Y Combinator,W22 Batch,2022
pjfin,Trinity College Dublin,Computer Engineering,2017
pjman,The University of Chicago Booth School of Business,"Entrepreneurship, Strategic Management And Finance",2010
pjmurray,University of Canterbury,Civil Engineering,2009
pjumpcut,Yale University,Psychology,2011
pkkim,University of Chicago,"Math, Computer Science",2015
pkonduri,Rice University,Computer Science,2018
pkoullick92,Harvard University,Applied Math And Computer Science,2014
pkrein,Massachusetts Institute of Technology,Aerospace Engineering,2011
pkrein,University of Washington,"Math, Physics",2008
plau,Stanford University,Computer Science,2011
plc,Massachusetts Institute of Technology,"Bs Mathematics, Bs Computer Science",2006
plondon514,Sarah Lawrence College,Liberal Arts,2013
plubiuz,"University of California, Berkeley",Molecular And Cellular Biology,2016
plubiuz,"University of California, Davis",Bioengineering And Biomedical Engineering,2008
pmig,Technische Universität Wien,Biomedical Engineering,2019
pmig,Technische Universität Wien,Computer Science And Business Administration,2015
pmodukuru,Purdue University,Computer Engineering,2018
pmoot,Harvard University,Economics/computer Sciences,2014
podoman,Texas A&M University,Computer Engineering,2019
pollmann,University of Michigan,Computer Engineering,1997
pooriaazimi,Oregon State University,Computer Science,2016
pooriaazimi,"Tehran Polytechnic University, Tehran, Iran",Computer Science,2013
poorna,Stanford University,Computer Science Artificial Intelligence,2013
poorva,IIT Kharagpur,Computer Science And Engineering,2018
popupeyecare,Albert Einstein College of Medicine of Yeshiva University,Medicine,2009
popupeyecare,Harvard T.H. Chan School of Public Health,Clinical Effectiveness,2015
popupeyecare,Johns Hopkins University,Bioengineering And Biomedical Engineering,2005
portfolioexec,London School of Economics and Political Science,Economics,2005
pospischil,"Rutgers, The State University of New Jersey","Computer Science, Economics",2006
potshot,Stanford University,Computer Science,2005
potshot,University of Wisconsin,Computer Science,2004
ppalafox,Technical University Munich,Mechanical Engineering,2019
ppalafox,Technical University of Munich,Computer Vision,2022
ppalafox,ThePowerMBA,"Business Administration And Management, General",2022
ppalafox,Universidad Politécnica de Madrid,Robotics And Electronics,2019
pperezo,Instituto Tecnológico Autónomo de México,Energy Investments,2016
ppsreejith,IIT Kharagpur,Mechanical Engineering,2016
pr0zac,"University of California, Davis",Computer Science,2007
prabal_agarwal,"Indian Institute of Technology, BHU",Electrical Engineering,2015
prabal_agarwal,Universität des Saarlandes,Computer Science,2017
prabhat7758,IIT Bombay,Civil Engineering,2021
prachess,Godwin High School,General Studies,2018
prachess,John P Stevens High School,General Studies,2018
pradeep_m,University of Michigan,Computer Science,2011
pradmatic,University of Portland,Computer Science,2019
prago,The Ohio State University,Computer Science And Engineering,2020
prahv,Purdue University,Computer Science,2013
prajwalkr,IIIT Hyderabad,Computer Science And Engineering,2020
prajwalkr,NIT Trichy,Computer Science And Engineering,2018
prajwalkr,University of Oxford,Engineering Science,2024
pranabk,University of Pennsylvania,Computer Science,2021
pranav_rajs,College of Engineering Trivandrum,Computer Science And Engineering,2015
pranavbadami,Princeton University,Computer Science,2017
pranavkashyap,IIT Bombay,Computer Science And Engineering,2009
pranavkashyap,"The Wharton School, University of Pennsylvania",Finance And Entrepreneurship,2014
pranavmanpuria,Illinois Institute of Technology,Business Administration And Management With A Tech Minor,2017
pranavnino,Indiana University Bloomington,"Telecommunications, Psychology",2011
pranavpiyush,National University of Singapore,Computer Engineering,2008
pranay01,IIT Madras,Electrical Engineering,2009
pranaygp,Indian School Al Ghubra,Science,2014
pranaygp,University of Illinois Urbana-Champaign,Computer Science,2018
pranays,D A V Public School,912%,2004
pranays,Delhi Public School - R. K. Puram,Science,2006
pranays,Fore School of Management,Marketing,2015
pranjaldaga,Northwestern University / VIT University,Computer Science And Engineering,2015
pranjaldaga,Purdue University,Computer Science,2017
pranjaldaga,Stanford University Graduate School of Business,Business,2018
pranshum,"The Wharton School, University of Pennsylvania","Statistics, Economics",2015
pranshum,University of Pennsylvania,International Studies,2015
pransudash,"University of California, Berkeley",Computer Science,2020
prasadkawthekar,Stanford University,Computer Science,2018
prasadkawthekar,University of Wisconsin-Madison,Computer Science,2015
prashantzingbus,IIT Kharagpur,Materials Science And Engineering,2014
prasoonds,IIT Roorkee,Applied Mathematics,2016
pratikmundra,Stevens Institute of Technology,Financial Engineering,2013
pratikmundra,Visvesvaraya Technological University,Electrical And Electronic Engineering,2011
pratishgandhi,Chennai Mathematical Institute,Applied Mathematics,2013
pratishgandhi,Chennai Mathematical Institute,Mathematics And Computer Science,2010
pratyushag2,Ohio Wesleyan University,"Economics Management, Psychology",2011
pratyushag2,Welham Boys School,"English, Math, Economics, Accounting",2007
prayag,Delhi University,Information Technology,2007
prayag,"University of California, Berkeley",Information Systems,2012
preetib,"University of Maryland, College Park",Computer Science,2015
premalshah,Ramrao Adik Institute of Technology,Computer Engineering,2003
premalshah,University of Southern California,Computer Science,2006
prettyinstant,Berklee College of Music,"Music Business, Entrepreneurship",2006
pri_123,"Panjab University,Chandigarh",Computer Science,2013
pri_123,State University of New York,Computer Science,2016
priley,"University of California, Berkeley",Computer Science,2011
priley,"University of California, Berkeley",Environmental Biology And Economics,2001
primelightworks,Harvard College,Physics,2013
primkatena,Ashesi University,Computer Science,2019
primkatena,MEST Africa,Software Entrepreneurship,2020
princeghosh,Case Western Reserve University,Aerospace Engineering And Mechanical Engineering,2019
pritamthakur26,IIT Kanpur,Electrical Engineering,2014
pritesh1908,IIT Delhi,Computer Science And Engineering,2013
priyadarshy,University of Virginia,Electrical Engineering,2012
priyang_shah,Duke University,Economics,2015
programnature,University of Chicago,Mathematics And Computer Science,2002
projectkim,Faulkner University,Ba,2005
provine,Harvard University,Computer Science,2005
prudhviedustack,IIT Madras,Mechanical Engineering,2015
prusothman,National University of Singapore,Bachelor Of Engineering,2011
prusothman,Stanford University,Post Graduate Fellowship,2014
psalehi,University of Minnesota,Mechanical Engineering,2002
psanghvi,Maharaja Sayajirao University of Baroda,Chemical Engineering,2000
psanghvi,University at Buffalo,Computer Science,2001
psb31,Christian Brothers College,"English, Irish, Maths, French, Physics, Chemisty, Applied Math, Accounting",2008
psb31,University College Cork,Physics,2012
psb31,University of Cambridge,Computational Biology,2013
psb31,University of Oxford,Bioinformatics,2018
psc,University of Southern California,"Computer Engineering, Economics",2012
pshah817,Illinois College of Optometry,Optometry,2010
pshih,"University of California, San Diego",Electrical And Computer Engineering,2006
pshin66,Massachusetts Institute of Technology,Mechanical Engineering,2019
pssamant,Washington University in St. Louis,Economics,2007
pstrav,University of Amsterdam,Software Engineering,2015
pstrav,University of Patras,Computer Engineering& Informatics,2014
psv80,"College of Engineering, Guindy",Mechanical Engineering,2001
ptrujillano,IESE Business School,Business,2007
ptrujillano,Universidad Complutense de Madrid,Chemistry,1992
pulkit1875,Birla Institute of Technology,Computer Science,2014
pulkit1875,"Indian Institute of Management, Bangalore",Entrepreneurship/entrepreneurial Studies,2017
pulseactive,Madras University,Electronics And Communications,2003
pulseactive,University of Madras,Electronics And Communications,2004
puneetbansal,IIT Delhi,Civil Engineering,2012
purple_dahlia,Princeton University,"Computer Science, Honors",2013
pushkar_mukewar,Georgia Institute of Technology,"Biomathematics, Bioinformatics, And Computational Biology",2005
pushkar_mukewar,Savitribai Phule Pune University,Computer Engineering,2003
pushkar_mukewar,University of Pennsylvania,Finance And Entrepreneurial Management,2011
pwiatr,Central Washington University,Computer Science,2014
pwieler,Baden-Wuerttemberg Cooperative State University (DHBW),Computer Science,2016
pwieler,Carnegie Mellon University,Machine Learning,2019
pwieler,Instituto Superior Técnico,Intelligent Systems,2019
pwieler,Karlsruher Institut für Technologie (KIT),Computer Science And Entrepreneurship,2020
pwinter28,London School of Economics and Political Science,"""development In The International Political Economy""",2010
pwinter28,University of Pennsylvania,International Relations · History And Development Concentration,2012
pwys,"University of California, Berkeley",Computer Science,2014
pyduan,Institut d'Etudes politiques de Paris,"Economics, Political Science",2012
pyduan,"University of California, Berkeley","Mathematics, Economics",2012
pyduan,Université Panthéon Sorbonne,"Applied Mathematics, Computer Science",2012
qftgtr2017,Worcester Polytechnic Institute,Physics,2013
qfwills,University of Cambridge,Computational Biology,2005
qfwills,University of Oxford,Applied And Computational Mathematics,2006
qfwills,University of Oxford,Statistical Genomics,2012
qfwills,University of the Witwatersrand (South Africa),Human Genetics,1999
qfwills,University of the Witwatersrand (South Africa),Medicine And Surgery,2002
qhoang09,Ecole polytechnique,"Innovation Management, Design",2014
qhoang09,HEC School of Management / HEC Paris,Business And Strategy,2014
qhoang09,ISAE,Engineering,2013
qhoang09,Lycée Marcelin Berthelot,"Mathematics, Physics",2008
qhoang09,Lycée Saint Exupery,Scientifique,2006
qhoxie,University of Arizona,Computer Science,2008
qiongzhouh,Massachusetts Institute of Technology,Electrical Engineering And Computer Science,2024
qiyuxuan96,Dartmouth College,"Math, Computer Science",2017
qnikhil,Massachusetts Institute of Technology,Computer Science,2020
qnikhil,Stanford University,Computer Science,2014
quajodk,University of Health and Allied Science - Ho,Nursing,2017
quartz,Purdue University,Computer Engineering,2006
quietgolfer,Carnegie Mellon University,Computer Science,2006
quindardave,Texas A&M University,Aerospace Engineering,2014
quinnhj,"University of California, Berkeley",Electrical Engineering And Computer Science,2014
quyenhua,Art Institute of Washington,Graphic And Web Design,2002
r_thambapillai,University of Oxford,Economics And Politics,2010
raahilsha,Harvard University,Computer Science,2018
raalst,ELAT Master Class,High,2010
raalst,Eindhoven University of Technology,Mechanical Engineering,2009
rabiatkhan,Concordia University,Business And Administration,2010
rabiatkhan,McGill University,"Biology And Economics, Minor Biotechnology",2006
rabiatkhan,McGill University,Human/medical Genetics,2013
rabiddev,University of Missouri,"Computer Science, Business,",2014
rachelmumford,University of Cambridge,Geographical Research,2018
rachelmumford,University of Cambridge,Geography,2017
rachelmyers,Texas Tech University,Philosophy,2007
rachelolney,Stanford University,Mechanical Engineering,2015
rachelslee,Cornell University,Computer Science,2021
rachitkataria_,University of Southern California Viterbi School of Engineering,Computer Science,2019
rachitparikh,Nirma University,Mechanical Engineering,2018
rachvodo,Duke University,Public Policy Studies,2007
radhajain,Stanford University,Bs Computer Science And Ba Economics,2019
radhakrsna,The University of Manchester,Computer Science,2019
radley,San Francisco State University,"Cinema, Multimedia, Animation",1996
radoye,Massachusetts Institute of Technology,"Electrical Engineering, Computer Science",2013
radoye,University of Belgrade,Electrical Engineering,2005
rafacas19,Colegio Los Nogales,High School,2013
rafacas19,Sheffield International College,Computer Science And Engineering,2014
rafacas19,The University of Sheffield,Computer Science,2017
rafael-gibelli,Escola Politécnica da USP,Mineração E Engenharia De Minas,2018
rafaelsands,"University of California, Los Angeles",Business/managerial Economics,2018
rafafferreira,Universidade Metodista de São Paulo,Advertising,2004
rafaleon92,Instituto Cumbres de Caracas,Humanities/humanistic Studies,2010
rafaleon92,London School of Economics and Political Science,Corporate Finance In A Global World: Challenges And Opportunities,2014
rafaleon92,Universidad Metropolitana,Business Administration And Management,2015
rafikicoln,Brown University,Applied Mathematics,2015
raghav1605,Vellore Institute of Technology,Information Technology,2017
raghavmidha,Ivey Business School at Western University,Business Administration,2020
raghavmidha,Nanyang Technological University,Exchange,2020
ragp,The University of Texas at Dallas,Computer Science,2023
rahilsondhi,University of Toronto,Management,2011
rahul_agarwal,Stanford University,Computer Science,2011
rahul_madadi,IIT Kharagpur,Architecture And Regional Planning,2011
rahulbsheth,Rutgers University–New Brunswick,Electrical And Computer Engineering,2010
rahulbsheth,Stanford University,Computer Science,2015
rahulkorrai,National Institute of Technology Karnataka,Computer Engineering,2013
rahulvarmag,SRM Institute of Science and Technology,Computer Science,2016
rahulvohra,University of Cambridge,Computer Science,2007
raimietang,NUS Overseas Colleges,Entrepreneurship,2018
raimietang,National University of Singapore,Dual Degree,2021
raimietang,Stanford University,Management Science And Entrepreneurship,2018
raisaspagnol,Unicesumar,Análise E Desenvolvimento De Sistemas,2016
rajarams1,Massachusetts Institute of Technology,System Design And Management,2019
rajarams1,PSG College of Technology,Software Engineering,2012
rajaslonkar,Carnegie Mellon University,Information Systems,2011
rajaslonkar,K.J.Somaiya College of Engineering,Electronics And Telecommunication,2008
rajatsuri,University of Waterloo,Engineering,2007
rajesh1211,"JSS ACADEMY OF TECHNICAL EDUCATION, NOIDA",Information Technology,2011
rajivayyangar,Princeton University,Chemical Engineering,2009
rajivbhat,IIT Kanpur,Physics,2001
rajivbhat,Tuck School of Business at Dartmouth,Business,2001
rajivbhat,University of Colorado Boulder,Theoretical Physics,2008
rakeebh,University of Waterloo,Computer Science And Math,2023
rakeshtondon,La Martiniere,Biology,1997
rakeshtondon,Wittenberg University,Economics,2001
rakshitbansal,"Indian Institute of Technology, Patna",Bachelor Of Technology,2017
ralph_r,University of Waterloo,Electrical And Electronics Engineering,2024
ralphleon,Johns Hopkins University,Probability Theory And Stochastic Processes,2008
ralphleon,Salisbury University,"Abstract Algebra, Theoretical Mathematics",2006
ralphma,Stanford University,Computer Science,2016
ramirez60,The Cooper Union for the Advancement of Science and Art,Electrical Engineering,2006
ramishjw,Carnegie Mellon University,"Computer Science And Cognitive Science, Mathematics",2005
ramnique,Amity University,Computer Science And Engineering,2011
ranajays,Stanford University,Computer Science,2015
ranajays,Stanford University,Management Science And Engineering,2014
randx,Kharkiv National Automobile and Highway University,Automotive Engineering Technology/technician,2008
randy,"University of California, Berkeley",Electrical Engineering And Computer Science,2009
ranidu,Yale University,Economics,2005
ranimavram,"University of California, Berkeley","Business Administration, Computer Science",2019
rantidevsharma,"Indian Institute of Technology, Guwahati",Computer Science,2014
rantidevsharma,"University of California, San Diego",Computer Science And Machine Learning/robotics,2018
ranvir,University of Michigan,Accounting And Finance,2000
raphael-gold,NEOMA Business School,"Finance, Organization And Strategy",2013
raphaelcohen23,Hong Kong University,Finance And Economics,2010
raphaelcohen23,Shanghai Jiao Tong University,Chinese,2011
raphaelcohen23,University of Toronto,Finance And Economics,2011
raphaelrk,Harvard University,Computer Science,2022
raphaelschaad,Berner Fachhochschule BFH,Computer Science,2011
raphaelschaad,Harvard Business School,Launching Technology Ventures,2017
raphaelschaad,Massachusetts Institute of Technology,Media Arts And Sciences,2017
raphal,Ecole supérieure de Commerce de Reims,Management,2015
raphal,Lancaster University,"Business Administration And Management, General",2016
rapostol,Gheorghe Asachi Technical University of Iași,"Computers And Information Technology, Data Mining And Machine Learning Algorithms",2016
rapostol,Gheorghe Asachi Technical University of Iași,Distributed Systems And Web Technologies,2011
rapostol,Gheorghe Asachi Technical University of Iași,Information Technology,2009
rapostol,Scrum.org,Professional Scrum Master I,2015
raspasov,English Language School (ELS) Plovdiv,Language,2007
raunakchowdhuri,Massachusetts Institute of Technology,Computer Science And Electrical Engineering,2023
raveenk,"The Wharton School, University of Pennsylvania",Finance And Entrepreneurship And Innovation,2022
raveenk,University of Oxford,Engineering Science,2025
raveenk,University of Pennsylvania,Bioengineering,2022
ravenrui,Hebei University,Broadcast Journalism,2011
ravenrui,Massachusetts College of Liberal Arts,Broadcast Journalism,2011
ravenrui,The Chinese University of Hong Kong,New Media,2012
ravi_zingbus,"IT, GGV",Computer Science,2014
ravibala1,"The Wharton School, University of Pennsylvania",Economics Finance And Marketing,2007
ravibala1,University of Pennsylvania,Engineering Electrical Engineering,2007
ravichandra363,B.I.T.S. Pilani,Computer Science And Economics,2012
ravichandra363,Carnegie Mellon University,Computer Science,2015
raviparikh,Stanford University,Computer Science,2011
ravisheth,Columbia University,Systems Biology,2019
ravisheth,Rice University,Bioengineering,2015
ravrav,Stanford University,Biodesign Innovation,2011
ravrav,Stanford University,Management Science And Engineering,2010
ravrav,Stanford University,Mechanical Engineering,2005
rayet101,Indiana University Bloomington,Biochemistry And Molecular Biology,2016
rayet101,"University of California, Davis",Molecular And Cellular Biology,2008
raymondlo,Harvard Innovation Labs,Enterprenuship,2018
raymondlo,University of Toronto,Computer Engineering,2017
raymondlo,University of Toronto,Computer Science,2007
raywu,Northfied Mount Hermon School,General,2003
raywu,Tufts University,International Relations,2007
raywu,University of Tübingen,Political Science,2006
razaqahmed,CFA Institute,Chartered Financial Analyst,2012
razaqahmed,Global Association of Risk Professionals,Energy,2012
razaqahmed,Obafemi Awolowo University,Economics,2007
razcle,University College London,Machine Learning,2020
razcle,University of Cambridge,Physics,2014
razvanr,Romanian American University,Computer Science And Economics,2009
rbagley,Georgia Institute of Technology,Electrical Engineering,2001
rbaron_,Colegio Universitario de Cartago,Computer Programming,2012
rbehal1729,McGill University,Software Engineering,2022
rbehera82,"University of California, Berkeley",Economics,2004
rbhuta,University of Michigan,Computer Engineering,2017
rblack44,Cal Poly San Luis Obispo,Business Administration,2006
rbrennVFlow,San Diego State University,Mechanical Engineering,1983
rbrown,Princeton University,"Economics, Applications Of Computer Science",2014
rcmstark,Instituto Tecnológico de Aeronáutica,Bachelor’s Degree,2013
rcmstark,Stanford University,Technology Entrepreneurship,2013
rctCheng,University of Liverpool,Financial Mathematics,2013
rct_xinjie,University of the Arts London,Digital Design,2015
rctstudio2018,Northwest A&F University,Economics,2017
rctstudio2018,The University of Hong Kong,Summer School,2013
rdifazio,Stanford University,Systems Immunology,2017
rdifazio,University of Illinois Urbana-Champaign,Molecular And Cellular Biology,2010
rdifazio,University of Pittsburgh,Immunology Of Infectious Disease,2016
rdin,"University of California, Berkeley","Electrical Engineering And Computer Science, Economics",2008
rdl,Massachusetts Institute of Technology,"Mathematics, Computer Science",1998
rdosanjh,Aston University,Mathematics,2013
rdyson,Emory University,Physics,2004
rebryk,Higher School of Economics,Machine Learning,2020
redband,Case Western Reserve University,Systems Engineering,2015
reg_mjl,University of Wisconsin-Madison,Industrial And System Engineering,2013
regular_mike,Cornell University,Policy Analysis And Management,2014
regular_mike,Harvard Law School,Law,2019
reham,"University of Maryland, College Park",Electrical Engineering,2004
reham,University of Pennsylvania,"Strategic And Operations, Information Management",2012
reidrubsamen,Massachusetts Institute of Technology,Computer Science,2019
reidrubsamen,Stanford University,Computer Science,1985
reidrubsamen,Stanford University School of Medicine,Medicine,1985
reidrubsamen,"University of California, Berkeley",Biochemistry And Computer Science,1979
reinaldotendean,"University of California, Berkeley",Materials Science And Engineering,2018
reinharthrm,Universitas Bina Nusantara (Binus),Computer Science,2015
rejuvyesh,IIT Kanpur,Electrical Engineering,2015
rejuvyesh,Stanford University,Computer Science,2020
remanc,UC Berkeley College of Engineering,Electrical Engineering And Computer Science,2006
remanc,"University of California, Berkeley",Electrical Engineering And Computer Science,2006
remolacha,Northwestern University,Computer Science,2019
reneelgrogan,The Australian National University,Ecology,2005
reneserrano,CENTRO diseño | cine | televisión,Industrial And Product Design,2011
reshmashetty,Massachusetts Institute of Technology,Biological Engineering,2008
reshmashetty,University of Utah,Computer Science,2002
respaid,Concordia University,Computer Science And Signal Processing,2012
respaid,Ecole centrale d'Electronique,Several And Hi,2014
respaid,Harvard Business School,Disruptive Strategy,2021
respaid,"University of California, Irvine","Business Administration And Management, General",2013
respaid,"University of Telecommunications and Networks Engineering, Colmar",Computer Systems Networking And Telecommunications,2011
reubenb,University of Illinois Urbana-Champaign,Computer Engineering,2008
revcbh,Rochester Institute of Technology,Computer Science,2007
rex123,Johns Hopkins University,Economics,2021
reyf,Harvard University Kennedy School of Government,Social And Urban Policy,2012
reyf,University of Southern California,Business Entrepreneurship,2003
rezhv,Carnegie Mellon University,Computer Science,2026
rezhv,"University of California, Davis",Computer Science,2023
rfinman,Carnegie Mellon University,Computer Engineering,2010
rfinman,Harvard Law School,Venture Law,2016
rfinman,Massachusetts Institute of Technology,Robotics,2017
rgarcia,Harvard University,"Applied Mathematics, Secondary Field In Computer Science",2009
rgarlick,Brigham Young University,Molecular And Microbiology,2016
rgarlick,Dartmouth College,Microbiology And Immunology,2021
rgbrgb,Bard College,Mathematics,2013
rgbrgb,Columbia University,Computer Science,2013
rgreenbaum,Cornell University College of Engineering,Computer Science,2020
rgrieselhuber,Franklin University,Computer Science,2001
rgrieselhuber,The Ohio State University,Japanese,1999
rgrieselhuber,"University of California, San Diego","Marketing, Data Mining, Finance, Photography, Spanish",2007
rgrieselhuber,University of Toyama,Japanese,1998
rgs224,Duke University,"Statistics, Computer Science, Mathematics",2020
rhaber,"Carnegie Mellon University, School of Computer Science",Artificial Intelligence And Innovation,2022
rhaber,Washington University in St. Louis,Computer Science,2020
rhildebrand,Mendel University,International Business,2003
rhildebrand,Oregon State University,"Accounting, International Business",2004
rhue,University of Toronto - Woodsworth College,"Economics And Political Science, Minor Computer Science",2010
ricardo_vch,Boston University,Computer Engineering,2020
rich-cartwright,Loughborough Grammar School,"Maths, Further Maths, Biology, French",2013
rich-cartwright,Peking University,Economics,2017
rich-cartwright,University of Cambridge,Economics,2017
richarda,Durham University,Politics And History,1997
richarda,University of Oxford,History,1998
richardesigns,University College Falmouth,"Ba Journalism, Graduated Summer 2012",2012
richardzhang,Columbia University,Sustainability Management,2024
richardzhang,University of Southern California,"Economics, Philosophy",2023
richarjw,Northwestern University,Master Of Science,2019
richarjw,Rose-Hulman Institute Of Technology,Bachelor Of Science,2018
richhwang,"University of California, Berkeley",Electrical Engineering And Computer Science,2014
richierichomie,Rice University,Computational Science,2020
richierichomie,Rice University,Computer Science And Statistics,2019
rickbarr21,Florida Atlantic University,Biology,2011
rickbarr21,Florida Atlantic University,Neuroscience,2013
rickbarr21,University of Central Florida,Biomedical Sciences,2018
rickharrison,Penn State University,"Information Sciences And Technology, Economics",2010
rickymelendez9,The University of Texas at Austin,Computational Mathematics,2016
rickywinata,Universitas Bina Nusantara,Computer Science,2012
ricwo,University of Oxford,Physics,2021
ridruejo,Universidad de Sevilla,Telecommunications Engineering,1998
ridwan_olalere1,Bells university of technology,Physics And Electronics,2008
ridwan_olalere1,Shenyang Institute of Aeronautical Engineering,Aeronautics Engineering,2012
rightoven9,Northeastern University,Mathematics And Computer Science,2020
rik1shah,Imperial College London,Computing,2006
rik1shah,St. Olave's Grammar,"Maths, Economics, Computing, Physics",2003
rikhav,Massachusetts Institute of Technology,Mathematics,2019
rikhav,"University of California, Berkeley",Mathematics,2024
rikul,Aalto University,"Energy Technology, Industrial Engineering And Management",2012
rikul,Aalto University,"Information Technology, Industrial Management",2015
rikul,National University of Singapore,Management Science,2013
rileymitch,The University of Queensland,Economics,2009
rileymitch,University of Oxford,Law,2013
rileyodon,The University of Queensland,Chemical Engineering,2020
rip21,Dnipro University of Technology,Computer Science,2015
ripecoconut,College of Alameda,Mathematics,2014
ripecoconut,Franklin W. Olin College of Engineering,Engineering:computing,2019
rishabh_panwar,"Carnegie Mellon University, School of Computer Science",Software Engineering,2019
rishabh_panwar,Shri G S Institute of Technology & Science,Computer Engineering,2018
rishabhdhar,Stanford University,Mobile Application Development,2013
rishabhdhar,The University of Texas at Austin,Computer Science,2018
rishabhdhar,University of Houston,College Prep Classes,2013
rishabhdhar,Y Combinator,Tavus,2021
rishi443,University of Illinois Urbana-Champaign,"Systems Engineering And Design, Minor In Computer Science",2022
rishramanathan,Yale University,Electrical Engineering And Computer Science,2019
rishsriv,National University of Singapore,Systems Engineering,2014
riteshinnov8,Tamil Nadu Doctor M.G.R. Medical University,Medicine,2012
riteshpatel,University of Bristol,Computer Science,2002
riteshzeoauto,IIT Kharagpur,Computer Science,2014
rithwikpath,The University of Texas at Austin,Computer Science,2021
ritikm,Lynbrook High School,High School Diploma,2010
ritikm,"University of California, Berkeley",Electrical Engineering And Computer Science,2015
ritishubhi,"University of California, Berkeley",Electrical Engineering And Computer Science,2022
ritulal,Stanford University,Business School,2013
ritulal,University Of Maryland,Pharmaceutical Sciences,1996
ritulal,University of Arizona,Pharmaceutical Sciences,1991
ritulal,University of Mumbai,"Pharmacy, Pharmaceutical Sciences, And Administration",1989
rituranjna,Imperial College London,Electrical And Electronic Engineering,2027
rituranjna,Tezpur University,Electronics And Communication Engineering,2018
rj254,Cornell University,Computer Science,2019
rjbartruff,University of Washington,Electrical Engineering,1984
rjcmarkelz,"University of California, Davis",Plant Biology,2017
rjcmarkelz,University of Illinois Urbana-Champaign,"Integrative Biology, Chemistry",2007
rjcmarkelz,University of Illinois Urbana-Champaign,Plant Biology,2012
rkalis,University of Amsterdam,Computer Science,2018
rkalis,University of Amsterdam,Software Engineering,2019
rkellogg17,Carnegie Mellon University,Biomedical And Electrical Engineering,2007
rkellogg17,ETH Zürich,Biosystems Science And Engineering,2015
rkudiyarov,Omsk State University (OSU),Computer Science,2009
rkusr,Brown University,"Public Policy, Cybersecurity",2025
rkusr,"University at Albany, SUNY",Computer Security,2022
rlarach,Boston College,Econ And Finance,2013
rlarach,NYU Stern,Fintech,2020
rm2889,Columbia University,Financial Engineering,2011
rm2889,University of Waterloo,Mathematics,2010
rm2904,Columbia Engineering,Operations Research,2011
rm2904,Delhi College of Engineering,Production And Industrial,2009
rmac,Johns Hopkins University,Security Informatics,2008
rmcginnis,Yale University,Environmental Engineering,2009
rmiadaira,Harvard Business School,General Management,2003
rmiadaira,Universidade Estadual de Campinas (UNICAMP),Computer Science,1998
rmilushev,Harvard University,Computer Science,2020
rmobin,"University of California, San Diego - Jacobs School of Engineering","Electrical Engineering, Software Systems",2007
rmolina,University of Illinous,Computer Science,2013
rmorrison,Carnegie Mellon University,Computer Science,2003
rms99,Stony Brook University,Computer Science,2018
rms99,University of Mumbai,Computer Science,2016
rnamdev,Massachusetts Institute of Technology,Computer Science,2015
rnnbrk,University College Dublin,Electronic Engineering,2017
rnvarma,Carnegie Mellon University,Computer Science,2017
roanakb,"University of California, Santa Cruz",Computer Science,2022
rob-ionworks,University of East Anglia,Mathematics,2018
rob-lambert,Edinburgh University,Particle Physics,2008
rob-lambert,Heriot Watt University Edinburgh,Physics With Diploma In Industry,2005
rob313,Stanford University,Computer Science,2011
rob313,Stanford University,Management Science And Engineering,2012
rob_korrai,Dalhousie University,Geological And Earth Sciences/geosciences,2017
robbiebhathal,"University of California, Berkeley, Haas School of Business","Entrepreneurship, Technology",2012
robbiebhathal,"University of California, Los Angeles","Business Economics, Mathematics",2004
robdigibuild,Governors State University,"Business Administration And Management, General",2012
robdigibuild,Y Combinator,Y Combinator,2021
robert-boehnke,Freie Universität Berlin,Computer Science,2013
robert-chandler,University of Cambridge,Information And Computer Engineering,2018
robert-te-ross,Georgia Institute of Technology,Mathematics,2017
robert-te-ross,Stanford University,Computer Science ~ Artificial Intelligence,2021
robert-te-ross,Stanford University,Computer Science ~ Artificial Intelligence And Cybersecurity,2022
robert_dimaggio,Carnegie Mellon University,Electrical And Computer Engineering,2003
robert_dimaggio,Carnegie Mellon University - Tepper School of Business,"Entrepreneurship, Finance, Marketing, Strategy, Economics",2008
robertch,Massachusetts Institute of Technology,Computer Science And Electrical Engineering,2020
robertgaal,Y Combinator,S21,2021
roberto_cebrian,Tecnológico de Monterrey,Industrial Engineering,2013
robertomb,Universidade de Brasília,Network Engineering,2009
robertonovelo,Universidad Autónoma de Guadalajara,Computer Science,2016
robertonovelo,Universidad Autónoma de Guadalajara,Mechatronics Engineering,2012
robertonovelo,Universidad Autónoma de Guadalajara,Software Engineering,2013
robertrmorris,Massachusetts Institue of Technology,Applied Computer Science,2014
robertrmorris,Princeton University,Psychology,2003
robertwiblin,The Australian National University,Genetics And Economics,2011
robfitz,Georgia Institute of Technology,Video Games,2007
robhunter,Babson College,Entrepreneurship,2014
robhunter,The University of Western Ontario,Entrepreneurship,2007
robinjay,Dartmouth College,"Computer Science, Mathematics",2018
robisonj8680,Columbia University,Mathematics,2021
robkeane0321,Embry Riddle Aeronautical University,Aerospace Engineering,2016
robkeane0321,University of Cincinnati,Aerospace Engineering,2019
robkleffner,Northeastern University,Computer Science,2017
robkleffner,University of Idaho,Computer Science And Mathematics,2015
robmck,Harvard Business School,Business Administration,2022
robmck,"University of California, Berkeley",Computer Science,2017
robot_jackie,Northwestern University,Mathematical Methods In The Social Sciences,2013
robot_jackie,Northwestern University,Robotics,2015
robotdreamers,University of Illinois Urbana-Champaign,Computer Science,2011
robsan84,Universidad Nacional Autónoma de México,Bachelor Of Business Administration,2007
robszumski,Virginia Tech,Industrial Design,2010
robytj,College of Engineering Pune,Production Engineering,1999
robytj,Stanford University Graduate School of Business,Stanford Institute For Innovation In Developing Economies,2018
rocketman,Massachusetts Institute of Technology,Electrical Engineering And Computer Science,2011
rod-gutierrez,University of South Florida,Computer Science,2009
rodrig3,Harvard University,Human Evolutionary Biology,2009
rodrig3,UCLA Luskin School of Public Affairs,Public Policy,2016
rodrigo_wallbit,University of Buenos Aires,Software Engineer,2020
rodrigocava,Universidade de São Paulo (USP),Computer Sciences,2011
rodrigocruz,Universidade Estadual de Campinas (UNICAMP),Economics,2015
rodrigomarino,Insper,Business And Statistics,2019
roei,Technion - Israel Institute of Technology,Computer Software Engineering,2009
roei,Tel Aviv University,Computer And Information Systems Security,2016
roei,Tel Aviv University,Computer Science,2021
roepera,University of Waterloo,Biotechnology,2016
rogcawdette,Harvard University,Technological And Social Innovation,2020
roger_lee,Harvard University,Applied Math,2008
rogereur,Tecnológico de Monterrey,Finance,2020
roginn,Instituto Tecnológico de Aeronáutica,Computer Engineering,2011
rohanarora,UC Berkeley College of Engineering,Bioengineering And Biomedical Engineering,2022
rohankdoshi,Princeton University,Computer Science,2018
rohanmarwaha,Vanderbilt University,Political Science,2021
rohanprashant12,University of Michigan College of Engineering,Computer Science,2021
rohansood15,Nanyang Technological University,Computer Science,2016
rohansood15,Symbiosis International University,"Business Administration And Management, General",2012
rohansood15,Symbiosis International University,Computer Science,2013
rohanverma028,Modern School,Science,2006
rohanverma028,"St. Stephen's College, Delhi",Mathematics,2007
rohin,Dartmouth College,Economics,2002
rohitm,National University of Singapore,Business,2014
rohitm,Temasek Polytechnic,Banking And Finance,2009
rohitpaulk,"Indian Institute of Technology, Ropar",Mechanical Engineering,2015
rohitrustagi,Harvard University,Bioethics,2020
rohitrustagi,Stanford University,Dropped Out,2022
rohitrustagi,The University of Virginia,Biomedical Engineering,2019
rohittaneja,Ecole des Mines d'Alès,Genie Des Informatiques,2010
rohittaneja,IIT Delhi,Electrical Engineering,2012
rohittaneja,Modern Vidya Niketan School,"Science, Social Sciences",2008
rohunvora,"University of California, Los Angeles",Cinematography And Film/video Production,2019
rokgregoric,University of Ljubljana,Computer And Information Science,2006
rolsen,University of Missouri,Physics,2011
romack77,Dartmouth College,Cognitive Science,2011
romaindivuolo,Dominican University of California,Management,2011
romaindivuolo,SUPINFO,Information Technology,2011
romaindivuolo,SUPINFO International University,Information Technology,2010
romasevastyanov,Y Combinator Startup School,Batch #1,2017
romming,Stanford University,Computer Science,2007
romming,University Of Warwick,Computer Science,2005
ronroggephd,"University of California, Los Angeles",Cellular And Developmental Biology,1992
ronroggephd,"University of California, Los Angeles",Clinical Psychology,2003
roobeelee,Stanford University,Bioengineering,2013
roomplays,Carnegie Mellon University,Computer Science,2009
rosanna,California College of the Arts,Interaction Design,2010
rosellpol,Universitat Autònoma de Barcelona,Economía,2017
roseway4,University of Cape Town,Information Systems,1999
ross_geiger,Brown Univeristy,Economics And East Asian Studies,2013
rosscranwell,Fudan University,Mandarin Chinese,2005
rosscranwell,Startup Leadership Program,Startup Leadership,2013
rosscranwell,University College Dublin,"Psychology, Italian, History",2002
rosscranwell,Università degli Studi di Roma Tre,Score Of 30/30,2000
rosscranwell,"Wesley College, Delaware","Maths, French, English, Irish, Physics",1998
rossirpaulo,University of Chicago,Computer Science,2024
rossrich,Developer Bootcamp,"Databases, Git, Sql, Css, Javascript",2017
rossrich,General Assembly,"Understanding The Stack: Apis, Programming Fundamentals, And Developer Tools",2016
rottencupcakes,Massachusetts Institute of Technology,Computer Science,2010
rousyan,Bandung Institute of Technology,Electrical Engineering,2012
rousyan,Nanyang Technological University,Electrical Engineering,2017
rowanc1,The University of British Columbia,Computational Geophysics,2017
rowanc1,University of Calgary,Geology,2010
rowborg,Rice University,Computer Science,2001
roy711,IIT Delhi,Engineering/industrial Management,2010
roy77,Aptech Computer Education,Software Engineering,2010
royal0203,IIT Bombay,Computer Science And Engineering,2016
roycebranning,University of Notre Dame,Computer Science,2018
roycyang,Tufts University,Quantitative Economics,2003
rpandey1234,Stanford University,Computer Science,2014
rpawell,"University of California, Santa Barbara",Mechanical Engineering,2010
rpkohli29,University of Leeds,Economics And Geography,2015
rpunamia,"University of California, Berkeley, Haas School of Business","Business Administration, Entrepreneurship And Technology",2017
rradu,Boston College,"Information Systems, Marketing, Studio Art",2012
rradu,King's College London,Management,2011
rrgallagher,University of Oxford,Zoology,2010
rrgallagher,University of St Andrews,Biochemistry And Physics,2009
rrgallagher,Yale University,Molecular And Cellular Biology,2016
rrhoover,University of Oregon,"Entrepreneurship Concentration, Computer Information Technology",2009
rrustom,Massachusetts Institute of Technology,Computer Science And Engineering,2021
rsamvit,Torrey Pines High School,High School Diploma,2010
rsamvit,"University of California, Berkeley",Electrical Engineering And Computer Science,2014
rsamvit,Y Combinator,Entrepreneurship,2012
rsivendran,University of Pennsylvania,Biochemistry,2007
rsmith2,Dartmouth College,"Physics, Philosophy",2010
rsmith2,Thayer School of Engineering at Dartmouth,Engineering Physics,2012
rsweetland,Santa Clara University,Management Information Systems,2000
rtali,Cornell University,Computer Science And Economics,2021
rtelahun,Harvard Business School,Business Administration,2017
rtelahun,"University of Maryland, College Park",Computer Science,2011
rtr2,Boston College,Economics,2009
rtr2,Columbia University,Analytics,2016
rtr2,University of Pennsylvania,Computer Science,2023
rtran915,Massachusetts Institute of Technology,Computer Science And Engineering And In Mathematics,2018
rtran915,Massachusetts Institute of Technology,Electrical Engineering And Computer Science,2019
rubenburdin,Ecole polytechnique fédérale de Lausanne,Computer Science,2023
rubenburdin,"Universität St. Gallen-Hochschule für Wirtschafts-, Rechts- und Sozialwissenschaften",Business Administration,2020
rubenharris,Southern Adventist University,Business Administration,2010
rubenmayer,Stanford University,Economics,2017
rubentadmor,University of Cambridge,"Biochemistry, Systems Biology",2018
ruby2326,Harvard College,Chemical And Physical Biology,2010
ruby2326,Harvard University,Biological And Biomedical Sciences,2016
rudasi,University of Toronto,Robotics,2016
rudasi,University of Waterloo,Mechatronics,2014
rudrabha_sync,Heritage Institute of Technology,Computer Science,2018
rudrabha_sync,IIIT Hyderabad,"Computer Vision, Deep Learning",2023
ruhman,Harvard University,"Computer Programming, Specific Applications",2012
ruhman,Insper,Computer Engineering,2019
ruhman,Latitud,Entrepreneurship/entrepreneurial Studies,2020
ruhman,"University of California, Berkeley",Computer Engineering And Cognitive Science,2018
ruhman,"University of California, Berkeley","Mechatronics, Robotics, And Automation Engineering",2013
ruilimit,KTH Royal Institute of Technology,Electrical Engineering,2007
ruilimit,Massachusetts Institute of Technology,Electrical Engineering And Computer Science,2015
ruilimit,Nanyang Technological University,Electrical And Electronic Engineering,2008
rumayor,Universidad Nacional Autónoma de Mexico,Finance Law,2017
rumayor,University of Pennsylvania,Economics,2014
runboli,Penn State University,Economics,2014
runboli,University of Toronto,Economics,2016
runelohrhauge,BI Norwegian Business School,Economics,2008
runelohrhauge,Norwegian School of Economics,Economics And Business Administration,2010
runesoerensen,Copenhagen Business School,Business Administration And Philosophy,2009
rupertdodkins,The University of Manchester,Physics With Astrophysics,2014
rupertdodkins,University of Oxford,Astrophysics,2018
rushingcreek,The University of Texas at Austin,Turing Scholars Honors Computer Science,2022
rushshahani,University of Waterloo,Computer Science,2019
russ,"University of California, Davis",Computer Science,2006
russell_h,Oregon State University,Computer Science,2011
rutika87,D.G.Ruparel College,High School,2005
rutika87,IIT Bombay,Electrical Engineering,2010
rwb_1912,University of Melbourne,Psychology,2012
rwbayer,Santa Clara University,Computer Science And Engineering,2017
rwesterdahl,University of Washington,Aeronautical And Astronautical Engineering,2015
rwitoff,Stanford University,Software Systems Engineering,2013
rwitten,Stanford University,"Mathematics, Computer Science",2012
rwu721,Cornell University,Operations Research And Industrial Engineering,2006
rxever,University of Ljubljana,Electrical And Electronics Engineering,2010
ryan,Stanford University,Electrical Engineering,2005
ryan,University of Sydney,Computer Engineering,2002
ryan-nextmv,George Mason University,Operations Research,2018
ryan-nextmv,Thomas Edison State University,Computer Science,2005
ryan-richt,Olin Business School at Washington University in St. Louis,Strategy,2008
ryan-richt,Washington University in St. Louis,Mathematics,2007
ryangallagher,Columbia University,Biomedical Engineering,2012
ryangallagher,Stanford University,Bioengineering,2015
ryangallagher,Stanford University School of Medicine,Medicine,2020
ryanhall,Carnegie Mellon University,"Information Systems, Computer Science",2012
ryanj20021,Harvard Business School,Dropout,2014
ryanj20021,University of Arizona,Economics,2006
ryankicks,Massachusetts Institute of Technology,Entrepreneurship,2012
ryankicks,"University of California, Berkeley",Computer Science,2000
ryanmcgregor6,Princeton University,International Relations And Economics,2020
ryanmickle,"University of California, Berkeley",Economics,2002
ryannielsen,University of Colorado Boulder,Computer Science,2004
ryanphelps,"University of California, Davis",Psychology,2017
ryanphelps,"University of California, San Francisco",Medicine,2022
ryansingh,University of Illinois Urbana-Champaign,Business,2014
ryansingh,Watson University,Social Entrepreneurship,2013
ryanswilliams,"The Wharton School, University of Pennsylvania",Finance,2012
ryanwallace,Algonquin College of Applied Arts and Technology,Electronic Engineering,2002
ryanware,NUS Yong Loo Lin School of Medicine,Medicine,2022
ryanware,Royal College of Surgeons in Ireland,Medicine,2019
ryanwjackson,Massachusetts Institute of Technology,"Electrical Engineering, Computer Science",2011
ryderj,University of Leeds,"Business, Management, Marketing",2016
rygeko,Digipen Institute of Technology,Computer Science,2010
rzendacott,University of Missouri,Computer Science,2015
s_prapat,Mahidol University,Medical Clinical Sciences/graduate Medical Studies,1992
saarons,Columbia Engineering,Computer Science,2014
saasbuyer,Boston College,Accountancy,2008
saasbuyer,College of Charleston,Accountancy,2007
sabafazeli,Lick-Wilmerding High School,High School,2012
sabafazeli,Stanford University,Mechanical Engineering,2016
sabafazeli,"University of California, Berkeley",Mechanical Engineering,2017
sabaimran,University of Illinois Urbana-Champaign,Engineering,2018
sabihmederva,Bard College,English And Philosophy,1997
sabihmederva,Harvard University Graduate School of Design,Urban Design And Architecture,2003
sabihmederva,Tufts University,"Engineering Psychology, English",2000
sabraham1,Stanford University,Management Science And Engineering,2007
sabryotmani,HEC School of Management,Management In Digital Business,2012
sabryotmani,Lycée Louis-le-Grand,Business Schools,2008
sabryotmani,"University of Technology, Sydney",Business Strategy And Administration,2010
sabryotmani,Université Paris Dauphine,Management In New Media And Innovation,2011
sachin,University of Pennsylvania,Engineering Computer Science,2005
sachinjain,IIIT Allahabad,Btech,2012
sachinkesiraju,"University of California, Berkeley","Computer Science, Philosophy",2018
safee,Harvard Business School Online,Strategy And Leadership,2018
safee,Lahore University of Management Sciences,Computer Science,2006
sagarsetu,IIT Kanpur,Aerospace,2020
sagarsoni,Guru Gobind Singh Indraprastha University,Bachelor Of Computer Applications,2019
sagarvr,IIT Madras,"Engineering Physics, Entrepreneurship",2013
sagarvr,Indiana University Bloomington,"Machine Learning, Ai / Data Science",2017
saharshagrawal,"University of California, Berkeley",Electrical Engineering And Computer Science,2021
sahil_kosh,IIT Delhi,Computer Science,2014
sahil_singla,"Birla Institute of Technology and Science, Pilani (BITS Pilani)",Computer Science,2020
sahilhasan85,Carnegie Mellon University,Computer Science,2019
sahilhasan85,"University of California, Berkeley",Computer Science And Electrical Engineering,2018
sahmanovicemir,Virginia Tech,Mechanical Engineering,2017
saifmal,University of Pennsylvania,"Electrical Engineering, Applied Mathematics, Economics",2007
sailon,Georgia Institute of Technology,Aerospace Engineering,2014
saintarian,University of Michigan,Computer Engineering,2002
saip,IIT Kharagpur,Computer Science And Engineering,2008
saip,Stanford University,Electrical Engineering/computer Science,2010
sairamreddyp,"Indian Institute of Management, Bangalore",Management,2009
sairamreddyp,"Indian Institute of Sciences, Bangalore",Plant Biotechnology,2002
sairamreddyp,"National Academy of Law Studies and Research, Hyderabad",Intellectual Property Law,2008
sairamreddyp,"SV University, Tirupati",Plant Biotechnology,1998
sairamreddyp,"University of Delaware, USA",Cell Biology,2004
saisrirampur,"International Institute of Information Technology, Hyderabad (IIIT-Hyderabad)",Computational Linguistics,2014
saisrirampur,"International Institute of Information Technology, Hyderabad (IIIT-Hyderabad)",Computer Science,2013
sajagagarwal,Indiana University - Kelley School of Business,Business Administration / Management,2021
sajithw,Massachusetts Institute of Technology,Computer Science,2012
sajjadk,International School of Choeuifat,Sciences,2005
sajjadk,University of Waterloo,Mathematics / Cs,2010
sajjanonco,Maulana Azad Medical College,Medicine,2007
sajsanghvi,"University of California, Los Angeles",Electrical Engineering And Computer Science,2015
sakalsiz,Bilkent University,Computer Science,2002
sakalsiz,University of Michigan,Global Competitive Strategy,2016
sakibsauro,Bangladesh University of Engineering and Technology,Computer Science,2014
salang,DHBW Karlsruhe,Engineering/industrial Management,2012
salbarran,Bentley University,Finance,2007
salbarran,Stanford University Graduate School of Business,Sloan Fellow,2015
salcalvo,La Salle University,Finance,2014
salcalvo,Stanford University,Management Science And Engineering,2019
salem_erad,CFA Institute,"Finance, General",2019
salem_erad,University of Bath,Accounting And Finance,2018
salmanallana,Imperial College Business School,Master Of Business Administration,2017
salmanallana,The University of British Columbia,Bachelor Of Arts,2011
salmanhirani,Harvard Medical School,Internal Medicine,2016
salmanhirani,Icahn School of Medicine at Mount Sinai,Rehabilitation Medicine,2019
salmanhirani,Johns Hopkins University,Psychology,2009
salmanhirani,MD Anderson Cancer Center,Pain Medicine,2020
salmanhirani,UT Southwestern Medical Center,Doctor Of Medicine,2015
salos,Aalto University,Energy,2021
salvatore_savo,Università degli Studi di Salerno,"Microelectronics, Photonics, Microwaves",2005
sam-at-vouch,Brown Univeristy,Wide Range Of Things,2004
sam-at-vouch,Stanford University,Business/environmental Sciences,2011
sama,Stanford University,Computer Science,2005
samagra14,IIT Roorkee,Computer Science And Engineering,2020
samanthajill,Florida Atlantic University,Chemistry,2015
samanthajill,Wellesley College,Chemistry,2003
samay-jain,Amity School of Engineering Technology,Electronics And Communications Engineering,2018
sambhav-fampay,IIT Roorkee,Civil Engineering,2019
sambhav-fampay,Janta College,Engineering Science,2015
samcrombie,Dartmouth College,Computer Science,2023
samding,University of Washington,Bachelor's Degree,2022
samedkk,Rutgers University,Computer Science,2021
sameershariff,Princeton University,Electrical Engineering,2006
sameershariff,Stanford University,Computer Science,2010
samejr,Arts University Bournemouth,Graphic Design,2005
samejr,University of the Arts London,Communication Design,2007
samhowarth13,The University of Edinburgh,Ma Business Management,2016
samikshro,Cornell University,Computer Science,2022
samir,Massachusetts Institute of Technology,"Electrical Engineering, Computer Science",2004
samirsmajic,Lunds tekniska högskola / The Faculty of Engineering at Lund University,Mechanical Engineering,2009
samisahnoune,McGill University,Computer Science,2019
samlown,Staffordshire University,Computer Science,2004
samlroberts,Case Western Reserve Univeristy,"Mechanical Engineering, Physics, History And Philosophy Of Science",2013
sammville,University of East Anglia,Pharmacy,2014
sammygreenwall,Swarthmore College,Economics And Political Science,2018
sammysidhu,UC Berekeley,Electrical Engineering And Computer Science,2016
samoshay,"The Wharton School, University of Pennsylvania",Economics,2020
samoshay,University of Pennsylvania,Computer Science,2020
samouch1180,European Business School,International Business And Management,2005
samouch1180,Solvay Business School,"Business Administration And Management, General",2013
samplank2,Harvard University,Applied Mathematics And Government,2018
samraaj,Rochester Institute of Technology,Computer Engineering,2017
samrosenblatt,Upstate Medical University,Medicine,2017
samstokes,University of Cambridge,Computer Science,2005
samtuke,ESMT Berlin,Business Administration,2018
samtuke,University College London,Philosophy,2008
samuel_bernard,Sorbonne Université,Computer Science,2010
samuel_bernard,École Normale Supérieure de Lyon,Computer Science,2007
samuelbrin,University Of Maryland,"Computer Science, Physics",2009
samuelsan,University of Waterloo,Software Engineering,2020
samvitmonga,University of Waterloo,Mechatronics Engineering,2016
sanat_gh,IIT Bombay,Materials Science,2011
sanchal,"Indian Institute of Management, Bangalore",Marketing Research,2013
sanchal,National Institute of Technology Karnataka,Metallurgical Engineering,2012
sanchit94,Arizona State University,Computer Software Engineering,2018
sanchit94,SRM University,Computer Science,2016
sand1929,Harvard University,Applied Mathematics,2017
sandeepdave,Northwestern University,Medicine,1999
sandeepdave,Northwestern University - Kellogg School of Management,"Business Administration And Management, General",1999
sandeshgwd,The University of Texas at Arlington,Electrical Engineer,2015
sandromur,Faculty of Mathematics,Mathematics And Statistics,2010
sangramraje,Fergusson College,Science,2004
sangramraje,IIT Bombay,Computer Science And Engineering,2008
sanjeevanahilan,"Gatsby Unit, University College London",Machine Learning,2020
sanjeevanahilan,University College London,Neuroscience,2014
sanjeevanahilan,University of Cambridge,Natural Sciences: Physics,2013
sanjeevbarnwal,IIT Delhi,Electrical Engineering,2012
sankethammr,University of Cincinnati,Information Systems,2012
sankethammr,University of Mumbai,Information Technology,2009
sanketmunjal18,Guru Gobind Singh Indraprastha University,Computer Science Engineering,2010
sanketsaurav,"National Institute of Technology, Jamshedpur",Computer Science And Engineering,2014
sanrights,Northwestern University,Social Policy,2013
santanuqc,IIT Bombay,Mechanical Engineering,2014
santanuqc,IIT Kharagpur,Mechanical Engineering,2011
santiagomezgg,Universidad de Los Andes,Administración De Empresas,2014
santiagomezgg,Universidad de Los Andes,Finance,2018
santisiri,St Brendan's College,High School/secondary Diplomas And Certificates,2001
santmaldonado,Collective Academy,Master In Business And Technology,2021
santmaldonado,Tec de Monterrey,Industrial Engineer,2014
sarah74,Georgia Institute of Technology,Industrial Engineering,2020
sarahsmith,McMaster University,Biomedical And Electrical Engineering,2007
sarahsteinle,Institute for Integrative Nutrition,Holistic Health,2017
sarahsteinle,Middlebury College,Psychology,2013
saramarquart,Technical University of Munich,Food Chemistry,2017
saranaseri,Blackbox Connect Program,Business Development,2012
saranaseri,Egå Gymnasium,"Mathematics, Physics, English",2010
saranaseri,Singularity University,Solve Humanity's Grand Challenges,2012
saranchari,Princeton University,Electrical Engineering,1999
sarang_skill,A.C.C.E.T Karaikudi,Mechanical Engineering,2009
sarang_skill,University of Wisconsin-Madison,Mechanical Engineering,2012
sarangzambare,IIT Bombay,Engineering Physics,2018
sarangzambare,"University of California, Berkeley",Master Of Engineering,2019
saratravi,"University of California, Berkeley",Computer Science,2014
saratravi,"University of California, Berkeley",Electrical Engineering And Computer Science,2013
saroop,University of Guelph,Computer Engineering,2003
sarora123,IIT Delhi,Bachelors Of Technology,2008
sarora27,The Ohio State University,Economics,2013
sarthak_agwl,IIT Bombay,Materials Science And Engineering,2016
sarthakgoel,Massachusetts Institute of Technology,Mit Global Innovation And Entrepreneurship Bootcamp,2018
sarthaks92,"Birla Institute of Technology, Mesra",Mechanical Engineering,2016
sasegovs,UT Austin,Cinematography And Film/video Production,2013
sasham,Tel Aviv University,Business Administration,2021
sasham,Tel Aviv University,Computer Science,2009
satjot,Columbia University,Economics,2008
satorii,SUNY,"Electrical, Electronics And Communications Engineering",2010
satorii,Xi'an Jiaotong University,"Electrical, Electronics And Communications Engineering",2008
saurabh19,IIT Roorkee,Information Technology,2003
saurabh19,"M.I.E.T, Meerut",Computer,2001
saurabh20n,IIT Kanpur,Computer Science And Engineering,2002
saurabh20n,"University of California, Berkeley",Computer Science,2014
saurabh20n,"University of Maryland, College Park",Computer Science,2010
saurabhnangia,IIT Guwahati,Computer Science,2008
saurabhnangia,UIUC,Computer Science,2010
sbaron,Colorado State University,Masters,2022
sbaron,Lehigh University,Bsee,2009
sbartel,Massachusetts Institute of Technology,Computer Science,2010
sbhakdi,Albert-Ludwig University Freiburg,Medicine,2001
sbhakdi,Universitat Autònoma de Barcelona,Public Health,2009
sbharadwaj,Georgetown University,Physiology And Biophysics,2017
sbharadwaj,Stanford University,Epidemiology,2019
sbharadwaj,"University of California, Davis",Neurobiology,2016
sbmcdonald,Memorial University of Newfoundland,Business Administration,2014
sbrodacka,AGH University of Science and Technology,Financial Mathematics,2016
sbrodacka,Jagiellonian University,Materials Science,2010
scanbase,Rhode Island School of Design,Graphic Design,2006
scdoshi,Georgia Institute of Technology,Mechanical Engineering,2010
scdoshi,University of Mumbai,Mechanical Engineering,2007
schauhan,"Shaheed Sukhdev College of Business Studies, Delhi University",Business Administration,2013
schellkenig,Alpen,Computer Science,2013
schellkenig,Alpen-Adria-University Klagenfurt,Computer Science,2013
schlunzi,London School of Economics and Political Science,Social Psychology,1998
schlunzi,Universität der Künste Berlin,Communications,1997
schoenfeld,Harvard University,Economics,2016
schoenfeld,Wharton Business School,Finance,2010
schopra909,Stanford University,Computer Science,2019
scootklein,North Carolina State University,Computer Engineering,2009
scott_liddle,Harvard University,Near And Middle Eastern Studies,2012
scott_liddle,University of Oxford,Classics And Philosophy,2009
scottcara29,Duke University,Computer Science And Mathematics,2014
scotthickmann,Stanford University,Computer Science,2026
scottkabat,University of Pennsylvania,International Relations And History,1994
scottmktn,Northeastern University,"Finance, Computer Science",2020
scottrig,University of Dayton,Computer Engineering,2000
screeley,Rensselaer Polytechnic Institute,Computer Systems And Electrical Engineering,2006
scrombie,"Obafemi Awolowo University,Ile",Computer Engineering,2015
sctt311,Lehigh University,Mechanical Engineering,2006
sctt311,University of Chicago,Finance And Entrepreneurship,2011
sdamashek2,Carnegie Mellon University,Computer Science,2020
sdasari1,Stanford University,Computer Science,2023
sdb85,Yale University,History,2006
sdg3,Princeton University,Electrical Engineering,2022
sdhillon,Stanford University,Computer Science,2010
sdhillon,"University of California, Davis",Computer Engineering,2010
seagull,Yale University,"Computer Science, Applied Mathematics",2017
sean-d-adler,Claremont McKenna College,Computer Science And Economics,2014
sean_lynch,University of Waterloo,Computer Science,2008
seanahrens,Aspen Tech Policy Hub,Technology Policy,2019
seanahrens,"University of California, Berkeley","Business Administration, Computer Science Minor",2009
seanfu,Dalian University of Technology,Computer Science,2008
seanfu,Stanford University,Business Management,2017
seanfu,Tsinghua University,Business Administration And Management,2018
seanhunt1,Massachusetts Institute of Technology,Chemical Engineering Practice,2013
seanhunt1,Massachusetts Institute of Technology,"Chemical Engineering, Finance",2016
seanhunt1,University of Delaware,"Chemical Engineering, Chemistry, Materials Science",2011
seanisom,The University of Texas at Arlington,Studied Computer Science,2013
seanmitchell001,Florida Agricultural and Mechanical University,Business Administration,2009
seanmp,Massachusetts Institute of Technology,Architecture,2018
seanmp,"University of California, Berkeley",Architecture,2012
seanroades2,Harvard University,Computer Science,2023
sebahevia,Pontificia Universidad Católica de Chile,Computer Science,2013
sebastianw,"University of California, Berkeley",Business Administration,2016
sebastien,CY Tech,Computer Science,2004
sebastien,Grenoble Ecole de Management,Management,2005
sebisaacsinflow,"University of California, Berkeley",Economics And Computer Science,2018
seddona,University of Leeds,Electronics And Communications Engineering,2004
sedds,Arizona State University,Economics,2003
segsadeyemi,University of Lagos,Economics,2014
sehwan,Massachusetts Institute of Technology,Mechanical Engineering,2022
sehwan,University of Notre Dame,Mechanical Engineering,2020
seif_amr,IE Business School,Management,2015
seif_amr,The American University in Cairo,Construction Engineering,2014
seizethecheese,Portland State University,Economics,2015
sejunpark,University of Waterloo,Mechanical Engineering,2013
sekay,Clemson University,Industrial Engineering,2016
sekay,Harvard University,Engineering Sciences,2020
selcuk,Koç University,Computer Engineering,2006
selcuk,Politecnico di Milano,Computer Engineering In Communication,2008
selcuk,Rensselaer Polytechnic Institute,"Information Technology, Management Information Systems",2009
semira,Harvard University Graduate School of Education,Technology And Education,2004
semira,Stanford University,Computer Science,2000
sendai7,The University of Texas at Austin,Molecular Biology,2000
sendai7,"University of California, Berkeley",Molecular And Cell Biology,2007
seregine,Stanford University,Computer Science,2002
serena_ge,University of Waterloo,Computer Science,2027
sergefaguet,Cornell University,Economics,2006
sergefaguet,Stanford University Graduate School of Business,Management,2007
sergioprada,Universidad de Los Andes,Chemical Engineering,2012
sergioromo,Université Jean Moulin,Law,2009
serickson,Oberlin College,Computer Science,2008
setpixel,Harvard University,Criminal Justice And Corrections,1980
setpixel,Street and Sidewalks University,Life,2009
severinlandolt,Università della Svizzera italiana (USI) / University of Lugano,Informatics,2023
severinlandolt,Universität St.Gallen (HSG),Business Administration,2019
sfavaro,Università degli Studi di Padova,Computer Science,2014
sfavaro,Università degli Studi di Padova,Scienze Informatiche,2011
sfischme,TU Vienna,Computer Science,2000
sfischme,University of Salzburg,Computer Science,2003
sfo2mnl,"University of California, Berkeley",Political Economy,2004
sfslim,California College of the Arts,Film/video And Photographic Arts,1991
sgirdhar13,Carnegie Mellon University,Computer Science,2022
sgondala_ycapp,Georgia Institute of Technology,Computer Science,2021
sgondala_ycapp,IIT Bombay,Computer Science,2016
sgridelli,Carnegie Mellon University,"Finance, Marketing And Strategy",2012
sgridelli,Università degli Studi di Milano,Computer Science,2007
sguha,Stanford University,Computer Science,2006
shacharz,Handesaim,"Math, Physics, Technology",2002
shacharz,Holon Institute of Technology,Electronics Engineering,2006
shacharz,Tel Aviv University,Computer Science,2012
shad42,EPITECH,Computer Science,2009
shad42,EPITECH - European Institute of Technology,Information Technology,2009
shadyeltohfa,American University in Cairo,Business Administration,2015
shaeqahmed,University of Michigan College of Engineering,Computer Science,2019
shahan312,"University of California, Los Angeles",Bioengineering,2014
shahary,Ha'Universita Ha'Petuha,Computer Science And Business Management,2011
shahbano,Boston College,Computer Science,2009
shahules,Model Engineering College,Computer Science,2020
shahwarraich,McGill University,"Electrical Engineering, Artificial Intelligence, Business Management",2011
shaileshgupta88,IIT Kharagpur,Mechanical Engineering,2012
shaishavparekh,Virginia Tech,Computer Engineering,2013
shaklakhani,University of Waterloo,Nanotechnology Engineering,2017
shamarathi,SUNY Downstate Medical Center,Adult Psychiatry,2016
shanedosch,University of Pittsburgh,Business And Interdisciplinary Studies,1998
shanelleroman,Yale University,Computer Science,2019
shanemoriah,Stanford University,Computer Science,2009
shankarram123,"National Institute of Technology, Trichy",Instrumentation And Control Engineering,2011
shantanugangal,IIT Bombay,Computer Science And Engineering,2009
shantanugangal,University of Pennsylvania,Entrepreneurship/entrepreneurial Studies,2015
shantanulume,New York University,Computer Science,2016
shantanulume,New York University - Leonard N. Stern School of Business,"Business, Concentrations: Statistics, Finance",2016
sharaticku,The University of Texas at Austin,Plan Ii,2010
shardullavekar,BITS Pilani,Economics,2011
sharmaed,University of Waterloo,Mechatronics Engineering,2011
sharpshoot,"Exeter College, Oxford","Biochemistry Biochemistry, Biophysics And Molecular Biology",2005
sharpshoot,Imperial College London,Infectious Disease,2006
sharpshoot,University of Oxford,Biochemistry,2005
shashank,Carnegie Mellon University,Computer Science,2006
shashank,IIT Bombay,Computer Science,2004
shashank_khanna,"University of California, Los Angeles",Computer Science,2018
shashashasha,Danmarks Designskole,Furniture Design Studio,2006
shashashasha,"University of California, Berkeley",Architecture,2007
shashwata,Wharton Business School,"Marketing And Operations, Palmer Scholar",2017
shashwata,Yale University,Mathematics,2012
shath2018,Flockjay,Sales Honors Program,2019
shath2018,Harvard University,Applied Mathematics,2008
shaunmodi,Rhode Island School of Design,Industrial Design,2007
shaunwei,Nanjing University of Science and Technology,Electronic Engineering,2011
shaunwei,Santa Clara University,Electronic Engineering,2014
shawndrost,Punahou School,High School,2002
shawndrost,Terra.do,Climate Change: Learning For Action,2020
shawndrost,University of Southern California,Computer Science,2006
shawnshivdat,Harvard University,Neuroscience,2022
shazow,University of Toronto,Computer Science,2007
shcallaway,Davidson College,History,2016
shcheng,"University of California, Berkeley",Computer Science,2016
shcheng,University of Toronto,Electrical And Computer Engineering,2009
shea256,Princeton University,"Mechanical Engineering, Computer Science",2012
shedd,Penn State University,Information Sciences And Technology,2007
shehbazvirk,"University of California, Berkeley",Biochemistry/molecular And Cell Biology And Public Health,2023
sheinster,IDC Herzliya,Computer Science,2010
shelden,"University of California, Berkeley",Computer Science,2022
shelvinskyi,National Technical University of Ukraine 'Kyiv Polytechnic Institute',Department Of Mathematical Methods In System Analysis,2012
shenberg,Tel Aviv University,Mathematics And Computer Science,2019
sherryliu987,Stanford University,Computer Science,2026
sherwing,Y Combinator,Yc S20,2020
shifald,Yale University,Economics,2016
shiftb,San Jose State University,"Computer Science, Minor Math, Minor Business Administration",2006
shihanwan1,University of Toronto,Computer Science,2016
shivambharuka,University of Illinois Urbana-Champaign,Computer Engineering,2019
shivanicm,University of Illinois Urbana-Champaign,Electrical Engineering,2019
shivbidani,"VIT University, Vellore",Computer Science,2018
shivsak,Columbia University,"Computer Science, Economics",2018
shk,IIT Roorkee,Computer Science,2012
shmackson,University of Southern California,"Bs Arts, Technology And The Business Of Innovation",2019
shnippi,ETH Zurich,Artificial Intelligence,2025
shnippi,Universität  Zürich | University of Zurich,Artificial Intelligence,2021
shnraj,"University of California, Berkeley",Electrical Engineering And Computer Science,2014
shoaibkh,Lahore University of Management Sciences,Mathematics,2009
shobhs123,Tufts University,Biology And Psychology,2016
sholls,Babcock University,Computer Science,2006
shouryalala,Manipal Institute of Technology,Computer Science And Engineering,2018
shousri,"Rutgers, The State University of New Jersey","Computer Science, Economics",2000
shravan,Stanford University,Computer Science,2011
shreyasnag,IIT Bombay,Electrical Engineering,2007
shreyasnag,"Indian Institute of Management, Bangalore","Business Administration And Management, General",2010
shrig94,Massachusetts Institute of Technology,Computer Science,2011
shrig94,Massachusetts Institute of Technology,Mathematics And Computer Science,2012
shrig94,Midwestern State University,"Mathematics, Computer Science",2008
shrimalpreeti,Harvard Business School,General Management,2015
shrimalpreeti,IIT Delhi,Biotechnology,2009
shrisukhani,University of Minnesota,Computer Science,2019
shrutis,Johns Hopkins University,Urban Education,2013
shrutis,University of North Carolina at Chapel Hill,"Political Science, Entrepreneurship",2011
shuangly,Carnegie Mellon University,Computer Science,2016
shubdotroot,"Birla Institute of Technology & Science, Pilani",Chemical Engineering,2016
shubham040592,"Indian Institute of Technology, Ropar",Computer Science,2014
shubham_mittal,IIT Delhi,Computer Science And Engineering,2008
shubhamrana,Indian Institute of Science (IISc),Physics,2020
shubhinigam,University of Pennsylvania,Computer Science And Economics,2012
shuli,Nankai University,Biotechnology,2010
shuli,Penn State University,Plant Biology,2016
shunpang,University of Cambridge,Medicine,2018
shunpang,University of Cambridge,Natural Sciences,2015
shuo888,Stanford University,Management Science And Engineering,2008
shuo888,"University of California, Berkeley","Mechanical Engineering, Materials Science",2007
shuyinz,Stanford University,Biomedical Engineering,2018
shuyinz,"University of Minnesota, Twin Cities",Biomedical Engineering,2015
shykes,EPITECH,Information Technology,2006
shykes,IFIP,Information Technology,2005
siamakfrey,University of Toronto,Computer Science,2015
sibeshk96,BITS Pilani,Physics,2018
sidcidambi,Stanford University,Ba,2012
siddhantujjain,IIT Delhi,Computer Science And Engineering,2013
siddseethepalli,Massachusetts Institute of Technology,Computer Science,2018
sidgarimella,Franklin W. Olin College of Engineering,Computer Science,2020
sidmetaliya,K. K. Wagh Polytechnic,Electronics And Telecommunication,2013
sidmetaliya,Sandip Foundation,Electronics And Telecommunication,2016
sidmetaliya,St Lawrence High School,Secondary School Education,2010
sidneyrema,University of Nairobi,Medicine,2013
sidpremkumar1,Boston University,Computer Science,2020
sidshocker,"Birla Institute of Technology, Mesra",Computer Science,2016
sidshocker,CFA Institute USA,Finance,2019
sidshocker,"Indian School of Business, Hyderabad",Finance And Strategy,2022
sidviswanathan,Carnegie Mellon University,"Mechanical Engineering, Biomedical Engineering",2006
siggelabor,Hyper Island,Frontend Developer,2021
siggi,Virginia Tech,Computer Science,2013
silverrc21,Massachusetts Institute of Technology,"Electrical Engineering And Computer Science, Mathematics",2010
silyfever,Tuck School of Business at Dartmouth,Business Administration,2011
sim_123,Panjab University,Computer Science,2013
simon_ward,University of Cape Town,Mechanical Engineering,1997
simonborrero2,EADA Business School,Strategy,2010
simonborrero2,Massachusetts Institute of Technology,Strategy And Innovation / Execution,2015
simonborrero2,Universidad de Los Andes,Economics,2007
simonedisomma,Università degli Studi di Napoli Federico II,Management Engineering,2008
simonhuang007,Swedish Institute Management Program,Sustainable Business And Leadership,2016
simonkubica,"University of Technology, Sydney",Finance And Economics,2018
simonlind,IT University of Copenhagen,Digital Design And Communication,2016
simonlind,IT University of Copenhagen,Digital Media And Design,2014
simont1,Massachusetts Institute of Technology,Chemical Engineering,2001
simont1,Massachusetts Institute of Technology,Chemical Engineering And Economics,2000
simonvaliu,Savannah College of Art & Design,Industrial Design,2014
simonw,University of Bath,Computer Science,2005
simonwhite87,The Australian National University,Information Systems And Tools For New Media,2009
simplecitizen,Brigham Young University,Accounting,2015
sinalet,University of Alberta,Computer Science,2006
sinalet,University of Alberta,Psychology,2007
sinanismail,University of Science. Malaysia,Applied Mathematics,2003
sinanku,Punjab Engineering College,Electrical,2012
sinaulan,Universitas Pelita Harapan,Informatics,2008
sindhujajeyabal,Birla Institute of Technology and Science,Computer Science,2008
sindhujajeyabal,"University of California, Berkeley",Data Science / Ict For Development,2016
sinoptik,Odessa State Environmental University,Information Management Systems And Technologies,2005
siobhan,University of Washington,Computer Science,2003
sipraladdha,Emory University,Psychiatry,2015
sipraladdha,New York University,History,2007
sipraladdha,State University of New York at Buffalo,Biomedical Sciences,2011
sismanis,The University of British Columbia,Computer Software Engineering,2015
sjakati98,"University of Massachusetts, Amherst",Mathematics And Computer Science,2019
sjanisch,Universität Hamburg,Information Systems,2012
sjanisch,Warwick Business School,Finance And Information Technology,2013
sjbase,Lehigh University,Computer Science And Business,2008
sjhcockrell,Brown University,Literary Arts,2008
sjkoelle,Columbia University,Mathematics,2013
sjkoelle,University of Washington,Statistics,2021
sjsanskar,IIT Bombay,Mechanical Engineering,2018
sjtbrowne,University of Cambridge,"Philosophy, Psychology",2014
skaramchati,International Institute of Information Technology,Computer Science,2016
skarri,"Indian School of Business, Hyderabad",General Management,2012
skarri,"International Institute of Information Technology, Hyderabad",Computer Science,2002
skassam21,University of Toronto,Engineering Science,2018
skcheetah,"University of California, Berkeley",Data Science And Economics,2021
skdoo,Stanford University,Mechanical Engineering,2028
skdoo,"University of California, Berkeley","Mechanical Engineering, Electrical Engineering And Computer Science",2005
skeiru,Jomo Kenyatta University of Agriculture and Technology,Computer Technology,2007
skeiru,SANS Technology Institute,Penetration Testing,2016
skeiru,Strathmore University,Information Systems,2003
skellystudios,Imperial College London,Advanced Computing,2014
skeptrune,The University of Texas at Austin,Computer Science,2022
skeshava1983,Visvesvaraya Technological University,Computer Science Engineering,2006
skierx,Rochester Institute of Technology,Computer Science,2005
skiller3,Tufts University,"Computer Science, Psychology",2009
skin58,Columbia University,Dermatology,1991
skin58,Tel Aviv University,Medicine,1982
skndr,University of Washington,Aeronautics And Astronautics,2009
skndr,University of Washington,Aerospace Engineering,2010
skp1995,IIT Kharagpur,Computer Science And Engineering,2018
skralj,University of Ljubljana,Computer Science,2012
skull8888888,KAIST(Korea Advanced Institute of Science and Technology),Electrical Engineering,2023
skull8888888,The Hong Kong Polytechnic University,Electrical And Electronics Engineering,2018
skwijeratne,University of Ariona,Computer Engineering,2000
skwijeratne,University of Arizona,Computer Engineering,1998
skylander,Carnegie Mellon University,Language And Information Technologies,2016
skylander,Community College of Allegheny County,Aviation,2013
skylander,University of Illinois Urbana-Champaign,Computer Science,2010
slaks,Yeshiva University,"Math, Computer Science",2012
slewis,Virginia Polytechnic Institute and State University,Computer Engineering,2006
slongay,The University of Calgary,Computer Science,2009
slongay,University of Calgary,"Computer Science, Biological Modelling And Visualization",2014
sloughj,Columbia University,Astrophysics,1981
smaddali,NIT Warangal,Electronics And Communications Engineering,1997
smaddali,Stanford University,Computer Science,2006
smalhi,The University of British Columbia,Engineering Physics,2015
smarashlyan,Yerevan State University,Information And Applied Mathematics,2012
smargozzini,Pontificia Universidad Católica de Chile,Ciencias De La Computación,2019
smargozzini,Università di Bologna,Ciencias De La Computación,2018
smarthelio,"Birla Institute of Technology and Science - Pilani, Goa",Physics,2010
smarthelio,Ecole polytechnique fédérale de Lausanne,Civil And Environmental Engineering,2015
smarthelio,Eindhoven University of Technology,Electrical Engineering,2012
smarthelio,KTH Royal Institute of Technology,Energy Systems,2011
smash1213,Stanford University,Biological Sciences,2008
smcbride,Franklin W. Olin College of Engineering,Electrical And Computer Engineering,2007
smeet-theya,IIT Bombay,Civil Engineering And Physics,2012
smehta36,University of Pittsburgh,Bioengineering,2010
smiagkyi,Taras Shevchenko National University of Kyiv,Economics,2012
smilliken,"University of California, Berkeley",Mathematics,2009
smis,Collège des Ingénieurs,Engineering,2018
smis,Maastricht University,Data Science,2017
smis,Universität Bielefeld,Bioinformatics And Biostatistics,2013
smis,Universität Bielefeld,Bioinformatics And Genome Research,2011
smiti,"University of California, Los Angeles",Computer Science,2012
smiti,University of Mumbai,Computer Science,2010
smiti,Y Combinator,S21,2021
smock,"University of California, Berkeley",Physics,2007
smock,University of Cambridge,Philosophy,2003
smock,University of Illinois Urbana-Champaign,Physics,2002
smontgomerie,University of Alberta,Computer Science,2004
smyu03,University of Waterloo,Computer Science,2023
snackbardan,Tufts University,Political Science,2020
snaimi,"University of California, Los Angeles",Political Science And Government,2008
snajmark,Ecole Centrale Paris,"Applied Mathematics, Computing, Physics, Chemistry",2018
snajmark,Lycée Louis-le-Grand,"Mathematics, Computing, Physics, Chemistry",2016
snajmark,Stanford University,"Management Science And Engineering, Computer Science",2020
sneakerfreak,DTU - Technical University of Denmark,Computer Science,2000
sneha_squasher,Yale University,Computer Science,2024
snehaku,University of Pittsburgh - Joseph M. Katz Graduate School of Business,"Logistics, Materials, And Supply Chain Management",2016
snehanshugandhi,IIT Bombay,Metalurgical Engineering And Materials Science,2007
snehanshugandhi,"Indian School of Business, Hyderabad",Finance And Stragegy,2012
snehashethdost,HEC School of Management / HEC Paris,Management,2007
snehashethdost,The University of Texas at Austin,"Plan Ii Honors, Finance",2008
snehashethdost,"University of California, Berkeley, Haas School of Business",Social Entrepreneurship,2016
snehilbuxy,IIT Bombay,Mechanical Engineering,2012
snigdha,Flatiron School,"Web Development, Immersive",2017
snktagarwal,Ecole polytechnique fédérale de Lausanne,Internship,2011
snktagarwal,IIT Kharagpur,Computer Science And Engineering,2012
snowypine,University Of Maryland,Computer Science,2020
snp,Palm Beach Atlantic University,Pharmacy,2007
sobelk2,Rensselaer Polytechnic Institute,Mechanical Engineering,2012
sobellian,Rensselaer Polytechnic Institute,Electrical Engineering / Computer Systems Engineering,2014
sobotka,Harvard Business School,Medical Administration,2000
sobotka,Northwestern University,Cardiovascular Diseases,1986
sobotka,Stanford University,Chemistry,1976
sobotka,University of Illinois College of Medicine,Doctor Of Medicine,1980
sobotka,University of Michigan,Internal Medicine,1983
socha,Hogeschool van Amsterdam,Architecture And Urbanism,2008
sochanger,MIT School of Architecture and Planning,Urban Planning,2010
sochanger,Massachusetts Institute of Technology,Business,2010
sochanger,Northeastern University,Philosophy/african American Studies,2005
socmoth,Georgia Institute of Technology,Eletrical Engineering,2005
sofiachen,The University of Western Ontario,"Business Administration, Management And Operations",2011
sohelrana,Bangladesh University of Engineering and Technology,Urban And Regional Planning,2010
sohelrana,TU Dortmund University,Regional Development Planning And Management,2014
sohelrana,Universidad Austral de Chile,Regional Development Planning And Management,2015
sohil,"University of California, Berkeley",Electrical Engineering And Computer Science,2019
sojanofficial,Nirmala College,Computer Applications,2014
sokrates,Karlsruher Institut für Technologie (KIT),Computer Science,2016
solfox,"University of California, Berkeley","Cognitive Science, Psychology",2004
solonitsyn,Imperial College London,"Entrepreneurship, Venture Capital",2007
solonitsyn,Nizhniy Novgorod State Technical University named after R.Y. Alekseev,Physics,2004
somesaba,"University of California, Berkeley",Bioengineering,2012
somilmathur14,"Bits-Pilani,Dubai",Computer Science,2020
sommohapatra,University of Virginia,"Economics, Computer Science",2023
sonakshinathani,IIIT Hyderabad,Computer Sciennce,2015
sonalipnaik,Colorado School of Mines,Geophysics,2017
sonalipnaik,IIT Kharagpur,Geophysics,2014
sonalipnaik,University of Washington,Applied Mathematics And Data Science,2018
soncojmk,Penn State,Computer Engineering,2015
sonia95sharma,"University of California, Berkeley",Computer Science,2017
sonofabell,California Institute of Technology,Electrical Engineering,2005
sononeashish,IIT Bombay,Computer Science,2015
soohoonchoi,Georgia Institute of Technology,Computer Science And Mathematics,2023
soomgo,Emory University,"Finance, Organization And Management",2007
sootty,National University of Singapore,Lifesciences,2005
sooyungcho82,Carnegie Mellon University,Software Engineering,2009
sooyungcho82,Cornell University,Computer Science,2005
sooyungcho82,Johns Hopkins University,Computer Science,2004
sophienovati,Carnegie Mellon University,Computer Science,2012
sophiesecaf,University of Edinburgh,Politics And Sociology,2012
soraya,University of Southern California,Electrical Engineering,2010
soraya,University of Southern California,Mathematical Finance,2009
sorenberg,Grinnell College,Computer Science,2008
sorent,Danmarks Medie- og Journalisthøjskole,Media Production And Management,2010
sorent,Harvard University,Fabrication Of Microfluidic Devices,2015
sorent,IT,E,2014
sortedAdam,University of Copenhagen,Computer Science,2019
sortedAdam,University of Copenhagen,Economics,2016
sortedFred,DTU - Technical University of Denmark,Network Technology And Computer Science,2017
sortedFred,Københavns Universitet,Computer Science,2020
soteriskin,Harvard Graduate School of Arts and Sciences,Biological Chemistry And Molecular Pharmacology,2010
soteriskin,Stanford University Graduate School of Business,Managing Teams For Innovation And Success,2017
soundandfeury,Belmont University,"Audio Engineering Technology, Mathematics",2009
soundandfeury,Georgia Institute of Technology,Computer Science,2011
sourabh03agr,IIT Bombay,Electrical Engineering,2015
sourabhdeorah,Thapar University,Computer Science And Engineering,2010
sourabhdeorah,"University of California, Los Angeles",Computer Science,2012
sourav9091,National Institute of Technology Tiruchirappalli,Instrumentation And Control Engineering,2013
spacemarine1,Y Combinator,W11 Humble Bundle,2011
spacemarine1,Yale University,Economics,2008
spacemonkey92,National University of Singapore,Iss System Analysis,2015
spacemonkey92,"VIT University, Vellore",Electrical Engineering,2013
spahl,EPITECH,Computer Science,2009
spahl,Université Paris Nanterre,"Economics, English",2004
spaky,McGill University,Electrical And Electronics Engineering,2012
sparcity,Peking University,Mandarin Chinese,2011
sparcity,Stanford University,Computer Science,2014
spbehr,Tufts University,"International Relations, Entrepreneurship",2014
spderosso,Massachusetts Institue of Technology,Computer Science,2020
spencercassidy,Quinnipiac University,Broadcast Journalism And Political Science,2013
spencercassidy,Quinnipiac University,Business Management,2014
spenny2112,Washington University in St. Louis,Computer Engineering,2012
spez,University of Virginia,Computer Science,2005
sphw,The University of Auckland,Computer Science And Physics,2021
spinwang,Cornell University,Physics And Electrical Engineering,2012
spinwang,Massachusetts Institute of Technology,Electrical Engineer And Computer Science,2015
spoor2709,Propulsion Academy Zürich,Full Stack Software Engineering,2019
spoor2709,SIT Academy,Full Stack Software Engineering,2019
spoor2709,SIT Learning,Full Stack Software Engineering,2019
spriha,University of Pennsylvania,Computer Science,2016
squant0,Santa Clara University,Web Development And Computer Science,2015
sradu,Cisco,Networking,2006
srao12,The University of New Mexico,Health/health Care Administration/management,2017
srao12,University of Minnesota,Health/health Care Administration/management,2019
sratner,Stanford University,Electrical Engineering,2008
sratner,University of Sydney,Biochemistry,2003
sraza007,Stanford University,Computer Science,2023
sreeharips,AMRITA VISHWA VIDYAPEETHAM,Computer Science,2006
sreeharips,Bharathiar University,Computer Science,2004
sreejitj,CDAC,Computers,2007
sreejitj,St. Marks Sr. Sec Public School,All,1999
srekhi,Rice University,Engineering,2016
sri-teja,IIIT Hyderabad,Artificial Intelligence,2019
sri-teja,IIIT Hyderabad,Computer Science,2017
sriharsha_g,"University of California, Berkeley",Computer Science,2022
srijankedia,IIT Kharagpur,Computer Science And Engineering,2013
srijankedia,Stanford University,Computer Science,2019
srijankedia,University Of Maryland,Computer Science,2017
srikanth89,Johns Hopkins University,Information Security,2012
srikary,National Institute of Technology Karnataka,Computer Science,2005
srikary,The Ohio State University,Machine Learning,2009
srini,Stanford University,"Computer Science, Economics",2003
srini24,BITS Pilani,Mechanical Engineering,2018
srinivas_reddy,IIT Kharagpur,Electrical,2011
srinivasch,Andhra University,Commerce,1990
srinivasch,MCSD in .Net,Software,2003
srinivasch,SMU,Systems,2005
srinjoym,The University of Texas at Austin,Electrical And Computer Engineering,2019
sriram_sandhya,"Institute of Systems Sciences, National University of Singapore",Project Management,2017
sriram_sandhya,Loyola College,Clinical Laboratory Science/medical Technology/technologist,2006
sriram_sandhya,Nanyang Technological University,Biological Sciences,2013
sriram_sandhya,The Institute of Company Secretaries of India,Company Secretary,2006
sriram_sandhya,University of Madras,Biotechnology,2008
sriram_sandhya,University of Madras,Microbiology,2006
srirambhargavk,IIT Bombay,Computer Science,2013
sriramso,Stanford University,Computer Science,2020
sriramso,University of Southern California,Computer Science,2018
sriyam,"University of California, Davis",Bachelor’s Degree,2019
sriyansh7,NIT Surat,Computer Science,2018
sriyanshraven,Georgia Institute of Technology,Human Computer Interaction,2020
sriyanshraven,NIT Surat,Computer Science,2014
srsinha,Harvard University,Economics,1997
srsinha,Stanford University School of Medicine,"Internal Medicine, Gi",2014
srsinha,"University of California, San Francisco",Medicine,2007
srustagi,"University of California, Santa Cruz",Computer Science And Statistics,2021
srvgandhi,MDI Gurgaon,Mba In Finance,2011
srvgandhi,NIT Kurukshetra,Electronics And Communication,2009
ss9111,Imperial College Business School,Healthcare Management,2015
ss9111,Imperial College London,Medicine,2017
sshb,Moscow State University,Particle Physics,2015
sshivam,University of Michigan,Aerospace Engineering,2019
ssiclait,Columbia University,Computer Science,2018
ssiddhanti,Massachusetts Institute of Technology,Mathematics,2010
ssindhi,Brown University,Mechanical Engineering,2015
sskates,Massachusetts Institute of Technology,Bioengineering,2010
ssoni997,DePaul University,Information Technology,2019
ssteber,Boston University,Mechanical Engineering,2011
ssteber,Stanford University,Mechanical Engineering,2013
sstewart2017,University of New Brunswick,Computer Science,2011
sstewart2017,University of Waterloo,Computer Software Engineering,2018
ssteyer,Harvard University,Applied Mathematics,2011
ssteyer,Stanford University,Computational Mathematics And Engineering,2015
ssubra2000,The University of Texas at Austin,"Electrical And Computer Engineering, Business Administration",2022
ssuds,Iowa State University,Mechanical Engineering,2021
ssuds,University of Illinois Urbana-Champaign,Mechanical Engineering,2017
ssuds,University of Washington,Aeronautics And Astronautics,2017
ssyildirim,Ankara University,Biology,2008
ssyildirim,Ankara University,Biopysics,2010
ssyildirim,Keck Graduate Institute,Business Of Bioscience In Bioprocessing,2013
stalluri,Birla Institute of Technology and Science,Electrical Engineering,2003
stalluri,"Birla Institute of Technology and Science, Pilani",Electrical Engineering,2003
stalluri,Indian Institute of Management Ahmedabad,Strategy And Marketing,2009
stalluri,"Indian Institute of Management, Ahmedabad",Strategy And Marketing,2009
stalluri,The Hong Kong University of Science and Technology,"Finance, General",2008
stangolubchik,Dallas College Richland Campus,Biochemistry And Molecular Biology,2009
stangolubchik,Richland College,Biochemistry And Molecular Biology,2009
stangolubchik,The University of Texas at Dallas,Biochemistry And Molecular Biology,2009
stangolubchik,The University of Texas at Dallas,"Business Administration And Management, General",2011
stangolubchik,Y Combinator,Contraforce,2021
stanleytang,Stanford University,Computer Science,2014
staranjeet,"JSS ACADEMY OF TECHNICAL EDUCATION, NOIDA",Computer Science,2015
stcastle,Davidson College,Mathematics,2015
stcastle,University of Washington,Computer Science And Engineering,2017
steele360,Brigham Young University,"Public Relations, Advertising, Applied Communication",2012
stefanheule,Stanford University,Computer Science,2018
stefaniabje,Háskóli Íslands,Mathematics,2011
stefaniabje,Menntaskólinn á Akureyri,Social Sciences,2006
stefaniabje,Reykjavik University,Computer Science,2012
stefaniabje,University of Iceland,Douple Major: Mathematics / Philosophy,2010
stefankalb,Central Washington University,Mathematics,2005
stefanobernardi,Istituto Massimiliano Massimo,Scientific,2005
stefanobernardi,Universidad Autónoma de Madrid,Computer Engineering,2008
stefanobernardi,Università degli Studi di Roma Tre,"Computer, Software Engineering",2009
stefanraghavan,University of Southern California,Aerospace Engineering,2016
stefanreuther,Technical University of Munich,Electrical Engineering,2018
stefanreuther,University of Amsterdam,Artificial Intelligence,2020
stefanvukcevic,BPP Law School,Law,2014
stefanvukcevic,University College London,French And Russian,2012
steffenmaier,Jönköping University,Strategic Entrepreneurship,2013
steffenmaier,Philipps,Business Administration,2012
steffenmaier,Tongji University,"Business, Economics And Chinese",2010
steffenmaier,University of Tübingen,International Economics And East Asian Studies,2011
stensjoberg,Princeton University,Computer Science,2021
steph_vasquez,Florida State University,Criminology,2010
stephaniemok,McGill University,Chemical Engineering,2021
stephaniemok,Western University,Pathology,2015
stephaniemok,Western University,Pathology And Toxicology,2013
stephaniewongso,Diablo Valley College,"Business Administration And Management, General",2015
stephaniewongso,"University of California, Berkeley, Haas School of Business","Business Administration And Management, General",2017
stephen_revamp,University of Southern California,Computer Science,2021
stephenlchen,University of Michigan,Industrial And Operations Engineering,2006
stephensonsco,University of Michigan,Particle Physics,2014
stephensonsco,University of Michigan,Physics,2012
stephensonsco,University of Missouri,Physics,2010
stephksong,Wellesley College,Political Science And Economics,2020
sterwill,University of Illinois Urbana-Champaign,Computer Science,1998
steve-roger,UC Berekeley,Computer Science,2014
stevedewald,Indiana University,"Finance, Computer Information Systems",2007
stevedomin,Le Mans Université,"Computer Science, Web, Communication",2008
stevedomin,SUPINFO International University,Computer Engineering,2010
stevejpurves,University of Newcastle upon Tyne (UK),Electrical And Electronic Eng,1997
stevepike,"The Wharton School, University of Pennsylvania",Economics,2009
stevepike,University of Pennsylvania,Computer Science,2009
stevesloane,Princeton University,Mechanical And Aerospace Engineering,2012
stewlamke,Loyola University Chicago,"Finance, Economics",2014
sthatipamala,Georgia Institute of Technology,Computer Science,2021
sthatipamala,"University of California, Berkeley",Electrical Engineering And Computer Science,2014
sthaviso,Chulalongkorn University,Computer Engineering,2004
sthaviso,Stanford University,Computer Science,2006
stickyfeet,"University of California, Berkeley",Physics,2002
stickyfeet,"University of California, San Francisco",Biophysics,2009
stilt,Columbia University,Computer Science,2010
stilt,Jaypee Institute of Information Technology University,Computer Science And Engineering,2007
stimmlerjohnson,California Institute of Technology,Electrical Engineering,2000
stivenmart,Y Combinator,Emprendimiento/estudios Sobre Emprendimiento,2020
stivenrodz,Universidad Cooperativa de Colombia,Negocios Internacionales/comercio Internacional,2015
streulpita,Brown University,"Applied Mathematics, Computer Science",2016
stuart8ol,University of Glasgow,Physics,2009
studyedge,University of Florida,Finance,2003
stylebee,Harvard Law School,Corporate Law And Economics,2005
stylebee,LUISS Guido Carli University,Law And Economics,1999
stylebee,SFDR Representative in UK,"Securities And Futures Authority, Uk Financial Derivatives And Futures",2001
stylebee,University College Cork,"Law, Economics, International Trade And Economics",1997
stylebee,Università di Modena,Finance And Accounting,2002
subomi,Landmark University,Accounting And Finance,2015
subomi,University of Lagos,Computer Science,2019
succarde,DePaul University,Business Administration,2011
succarde,Michigan State University,Bachelor Of Science,2006
suchintan,University of Waterloo,Systems Design Engineering,2015
sudhan-raj,Nanyang Technological University,Computer Engineering,2010
sudhindra108,MS Ramaiah Institute of Technology,Computer Science,2004
sudipm,"University of California, Berkeley",Reaction Engineering/applied Math,2003
sudiptafloworks,IIT Kharagpur,"Electrical, Electronics And Communications Engineering",2016
sudizhe,"University of California, Berkeley",Computer Science,2010
sudshekhar,IIIT Hyderabad,Computer Science,2015
suelap,ESMT Berlin,Business Innovation,2022
suelap,University of Tirana,Business Information Systems,2019
suhaimi-pandai,Massachusetts Institute of Technology,Mathematics,2005
sukrit,Princeton University,"Molecular Biology, Applied Mathematics",2011
sukrit,Stanford University,Chemical And Systems Biology,2017
sukrit,"Trinity College, University of Cambridge",Biological Sciences,2012
sukrit,University of Oxford,Biochemistry,2010
sultan1919,University of Virginia,Economics,2011
sultan1919,University of Virginia,"Mathematics, Economics",2001
sumanyusharma,University of Waterloo,Systems Design Engineering,2016
sumit_psp,University of Waterloo,Software Engineering,2013
sumitbmdi,Vellore Institute of Technology,Computer Science,2014
sumitranka,"Dwarkadas J.Sanghvi College Of Engineering,Mumbai",Electronics And Telecommunication,2012
sumitranka,Harvard University,Supply Chain Management And E,2013
sumitranka,"Indian Institute of Management, Ahmedabad",Food Supply Chain Management,2014
sumitranka,Mithibai College of Arts Chauhan Institute of Science and Amrutben Jivanlal College of Commerce and Economics,Science,2008
sundaypancakes,Georgia Institute of Technology,Computer Science,2005
sunnysng,Columbia University,"History, Economics, Statistics",2016
sunnysun515,New York University School of Medicine,Computational Biology,2019
sunnytsang,California College of the Arts,Graphic Design,2007
sunpeter,University of Waterloo,Electrical Engineering,2018
sunxin0524,Macau University of Science and Technology,"Finance, General",2012
sunxin0524,Newcastle University,Emarketing,2013
supanjosh,Ateneo de Davao University,"Business Administration And Management, General",2012
supercodepoet,Missouri Southern State University,"Marketing, Multimedia Design",1999
superkarn,University of Florida,Computer Engineering,2007
superkarn,University of Florida,Computer Science,2003
suprpuneet,IIT Bombay,Aerospace Engineering,2007
sur4js,Dartmouth College,"Computer Science, Computer Engineering",2022
suralil,Georgetown University,Business Administration,2004
suralil,Massachusetts Institute of Technology,Finance And Entrepreneurship,2010
suren,"Jawahar Higher Secondary School, Neyveli",Bio/math,2005
suren,"National Institute of Technology, Tiruchirappalli",Eee,2009
surendersingh,JC Bose University of Science and Technology,Mechanical Engineering,2011
surfacenexus,Harvard University,Engineering Sciences,2020
surfacenexus,University of Illinois Urbana-Champaign,Mechanical Engineering,2012
surgebiswas,Harvard University,Bioinformatics And Integrative Genomics,2020
surgebiswas,University of Cambridge,Plant Sciences,2015
surgebiswas,University of North Carolina at Chapel Hill,Mathematical Decision Sciences,2013
suryao,IIT Madras,Computer Science,2012
susanakc,Instituto Politécnico Nacional,Chemical Engineering,1980
susanakc,"Universidad Iberoamericana, Ciudad de México",Chemical Engineering,1976
susiekeeler,"University of California, Los Angeles",Business Economics,2002
susli,Johns Hopkins University School of Advanced International Studies (SAIS),International Development,2014
susli,"The Wharton School, University of Pennsylvania",Entrepreneurial Management,2014
susli,Yale University,"Economics, Chinese",2005
suzannerenee,"University of Massachusetts, Amherst",Business,2014
svandien,Rice University,Chemical Engineering,1991
svandien,"University of California, Berkeley",Chemical Engineering,1998
sven-adlung,Ernst-Litfaß-Schule OSZ Druck- und Medientechnik,Mediadesign Digital/print,2009
svenwildermann,Freie Universität Berlin,Computer Science,2014
svenwildermann,Uppsala University,Computer Science,2015
svetha,University of Minnesota,Economics And Ba Global Studies,2008
swampthing,University of Washington,Computer Science,2004
swapniljain,IIT Delhi,Computer Science,2012
swaroopfp,Anna University,Electronics And Communications Engineering,2011
swaroopfp,Indian Institute of Management Kozhikode,Marketing,2013
syrusakbary,Universidad Complutense de Madrid,Mathematics,2011
sytse,Universiteit Twente,Management Science,2003
sytse,University of Twente,Engineering Physics/applied Physics,1998
szahid,FOUNDER FUEL,Startup Vanhawks,2013
szahid,Lakehead University,Health/medicine,2012
szahid,York University,Math/biology,2006
ta412,Georgetown University,Technology And International Affairs,2018
ta412,Schwarzman College,Master's Of Management Science,2021
taariqlewis,MIT Sloan School of Management,"Finance, Operations Research, And Entrepreneurship And Innovation",2009
tadmilbourn,Wisconsin School of Business,Management,2006
taiebbennani,HEC Paris,Managment,2022
taiebbennani,Massachusetts Institute of Technology,Business Analytics And Management Science,2024
taiebbennani,University College London,Biomedical Engineering With Machine Learning,2021
taiebbennani,Yale University,Bioinformatics And Computational Biology,2023
tailornova,Y Combinator,Startups,2019
taishi8117,Yale University,Computer Science,2018
taksingwong,Harvard University,Materials Science,2012
taksingwong,The Chinese University of Hong Kong,Robotics And Micro,2003
taksingwong,"University of California, Los Angeles",Mechanical Engineering,2009
tal-slauth,Ben-Gurion University of the Negev,Computer Science,2013
talboren,The Interdisciplinary Center,Entrepreneurship/entrepreneurial Studies,2021
talguire,University of Waterloo,Electrical Engineering,2021
talvinder,IIT Bombay,Aerospace Engineering,2008
taman,Army Institute of Technology,Information Technology,2006
tamarabyte,University of Alberta,Computer Science,2015
tamir_shklaz,University of Cape Town,Electrical And Computer Engineering,2020
tang8330,Wilfrid Laurier University,Computer Science,2015
tangdrew,Northwestern University,Industrial Engineering,2017
tangjeff0,Rice University,Undergraduate,2017
tanmaya_jain,Shiv Nadar University,Computer Science Major,2016
tanmaya_jain,The Shri Ram School,"Isc, Computer Science, 97%",2012
tanmaya_jain,Y Combinator,Summer 2020,2020
tanto,Technische Universität Berlin,Electrical Engineering,2012
tanuj98,The University of Texas at Dallas,Computer Science,2019
tanvisurti1,Bryn Mawr College,Computer Science,2012
tappityapp,Oregon State University,Computer Science,2013
tarajraffi,"University of California, Berkeley",Business Administration,2011
tarunb,IIT Kharagpur,Structural Engineering,2007
tarunb,Indian School of Business,Marketing And Strategy,2011
tarzan,Morehouse College,Computer Science,2011
tashmahalic,Brown University,"Computer Science, Finance, Neuroscience",2000
taurusismysign,Pune Institute of Computer Technology,Computer Science,2002
taurussai,Georgia Institute of Technology,Aerospace Engineering,2007
taurussai,Georgia Institute of Technology,Strategy/operations,2010
taurussai,IIT Madras,Aerospace Engineering,2005
tavozg,Instituto Tecnológico y de Estudios Superiores de Monterrey / ITESM,Industrial Engineering,2010
taydr,California College of the Arts,Interaction Design,2013
taylorbaldwin,Missouri State University,Music,2010
taylorhelgren,Harvard University,Political Science And Government,2011
taylorwcbrown,California College of the Arts,Masters In Business Administration Focused In Design Strategy,2014
tcokoro,Massachusetts Institute of Technology,Computer Science,2014
td_quang,Carleton College,Computer Science,2016
tdaltonc,Lehigh University,Biophysics,2008
tdaltonc,University of Southern California,Neuroscience/economics,2016
tdavis,Miami University,Computer Science,2006
tdeang,Luiss University,Business And Economics,2010
tdemmer,Carnegie Mellon University,Business Administration,2015
tdfirth,University of Oxford,Software Engineering,2024
tdingman,Boston College,"Physics, Philosophy",2008
tdingman,Brown University,Electrical Engineering,2012
tdredd,"University of California, Los Angeles",Political Science,2000
teaBOT,University of Toronto,Autonomous Space Robotics,2020
teaBOT,University of Waterloo,Mechatronics Engineering,2008
team_retrera,Stanford University Graduate School of Business,Mba,2021
techcofounder,University of North Carolina at Chapel Hill,Computer Science,2003
technekate,Massachusetts Institute of Technology,"Mathematics, Computer Science",2009
technovigno,"Birla Institute of Technology and Science, Pilani",Information Systems,2008
technovigno,Stanford University Graduate School of Business,"Innovation, Design Thinking And Entrepreneurship",2014
technovigno,Texas A&M University,Computer Science,2010
ted-michaels,Georgia Institute of Technology,Computer Science,2022
ted-michaels,University Of Maryland,Accounting,2011
teddarific,Dartmouth College,Computer Science,2019
teddyg1,University of Pennsylvania,"Bioengineering / Bse Wharton, Jerome Fisher Program In Management And Technology",2015
tedleng,Bascom Palmer Eye Insitute,Ophthalmology,2009
tedleng,Dartmouth College,Exchange Student,1997
tedleng,Stanford Center for Clinical and Translational Education and Research,Clinical Trial Design And Performance,2011
tedleng,Stanford University,Biological Sciences,2000
tedleng,Stanford University,Philosophy And Biological Sciences,1999
tedleng,Stanford University School of Medicine,Doctor Of Medicine,2005
tedleng,Stanford University School of Medicine,Vitreoretinal Diseases And Surgery,2010
teemingchew,NUS Overseas Colleges,Entrepreneurship/entrepreneurial Studies,2015
teemingchew,National University of Singapore,Computer Science,2016
teemingchew,Stanford University,Entrepreneurship/entrepreneurial Studies,2016
teichman,University of Pennsylvania,Electrical Engineering,2007
tejassun,Massachusetts Institute of Technology,Computer Science,2017
tejasv,National University of Singapore,Computer Science,2008
tejaswi1,Santa Clara University,Computer Science,2016
telivy2021,University of Colorado - Boulder,Economics,2009
temirlan379,KAIST(Korea Advanced Institute of Science and Technology),Computer Science,2021
tendev-liam,University of Limerick,Electronic And Computer Engineering,2023
teng,University of Chicago,Economics,2012
tennisonchan,City University of Hong Kong,Information Systems,2011
teodosy,Cotrugli Business School,International Business,2010
teodosy,Technical University of Varna,Bachelor Communication Technologies,2007
teodosy,"Tokai University

2007",Japanese Managemnet,2007
teodosy,Varna School of Mathematics,Mathematics,2002
terapify,Universidad de Guadalajara,International Business,2018
terrellbm,Harvard Business School Online,Foundations Of Business,2022
terrellbm,"University of California, Santa Barbara",Computer Science,2020
terryds,Bandung Institute of Technology,Engineering Physics,2020
terryds,National University of Singapore,Entrepreneurship/entrepreneurial Studies,2019
teshmbaabu,University of Nairobi,Bsc,2015
teslanewton,University of Washington,Computer Science,2021
tew28,Stanford University,Electrical Engineering,2003
tew28,Stanford University,Electrical Engineering And Software,2001
tew28,University of Chicago Law School,Law,2007
tezclarke,Newcastle University (UK),Renewable Energy,2015
tezclarke,Northumbria University (UK),Architectural Technology,2008
tfbishop,University of Otago,Biochemistry,2012
tfbishop,University of Otago,Genetics,2018
tfeldman300,Purdue University,"Aerospace, Aeronautical And Astronautical Engineering",2013
tg3,University of Notre Dame,Finance,2011
tgalvin13,Massachusetts Institute of Technology,Computer Science And Electrical Engineering,2014
tgaruti,PUC Rio,Engineering,2012
tgauda,University of Missouri,Computer Science,1996
tginart,Stanford University,Electrical Engineering,2022
tginart,Washington University in St Louis,Computer Engineering,2017
tgoldberg,University of Florida,Industrial And Systems Engineering,2012
tgsong,Indiana University Bloomington,Computer Science,2015
tgsong,Y Combinator,Batch W21,2021
tgsong,武汉大学,Remote Sensing Science And Technology,2013
thakim,Colegio de Estudios Superiores de Administración - CESA,Business Administration,2018
thallaran,Columbia University,Anthropology,2016
thanedar,University of Michigan,Cellular And Molecular Biology,2010
thauburger,University of Southern California,"Computer Science, Business Administration",2010
the1024,"University of California, San Diego - Jacobs School of Engineering","Computer Science, Minor In Cognitive Science",2018
the_danny_g,Princeton University,Operations Research,2018
thebent,Virginia Polytechnic Institute and State University,Industrial Design,2001
thebloodrabbit,Moholy-Nagy University of Art and Design,Graphic Design,2014
theblueboss,IESE Business School,Management Improvement Programs,2012
thedanconger,Brigham Young University,Accounting,2013
thedanconger,Brigham Young University,Business Management,2016
thefreybrothers,Georgetown University,"Economics, Mathematics, Business Administration",2014
thejash,University of Pittsburgh,Computer Science,2008
thejo,UC Berkeley School of Information,Masters,2011
thejo,Visvesvaraya Technological University,Electrical And Electronics Engineering,2004
thekeyper,Duke University,Neuroscience,2018
thellimist,Middle East Technical University,Computer Engineering,2015
thelonious,The University of Texas at Austin,Computer Science,1987
themichaelchen,Massachusetts Institute of Technology,Mechanical Engineering W Focus On Intelligent Machines,2024
themichaelchen,Ridgeview High School,International Baccalaureate Program,2020
themitpatel,Auburn University,Mechanical,2021
themkrage,Harvey Mudd College,Computer Science,2021
thenextmkv,IIIT Hyderabad,Computer Science,2020
theobr,Rensselaer Polytechnic Institute,Computer Science,2016
thepenguinco,University of Waterloo,Software Engineering,2022
theposmanjr,University of Benin,Computer Engineering,2014
therealwardo,Columbia University,Computer Science,2010
theresaklaassen,The Culinary Institute of America,Culinary Arts,2004
theresaklaassen,University of Washington,International Studies,2009
theryanchow,Georgia Institute of Technology,Computer Science,2019
theryanchow,University Of Maryland,Mechanical Engineering,2016
thesandlord,University of Richmond,Computer Science,2012
thesandlord,University of Richmond - Robins School of Business,Marketing,2012
thesergie,"University of California, San Diego",Interdisciplinary Computing And The Arts,2009
thestyleup,Bates College,English And Philosophy,2006
thestyleup,MIT Sloan School of Management,Entrepreneurship And Innovation,2013
thet3x,Universidad Católica Santo Toribio de Mogrovejo,Ingeniería De Sistemas Y Computación,2012
thetable,UC Berkeley School of Information,Information Management And Systems,2008
thetli8,University Of Maryland,Finance,2016
thetrentharvey,Southern Illinois University Edwardsville,Management Information Systems,2011
thewaterguy,The University of Manchester,Mathematics,2010
thewaterguy,The University of Manchester 1st,"Computer Science, Mathematics",2006
thewillcole,Rock Health,Crohnology,2011
thewillcole,"University of California, Berkeley",Computer Science And Film Studies,2010
thiagoachatz,Insper,Economics,2018
thiagora,Instituto Tecnológico de Aeronáutica,Computer Engineer,2010
thierry_skoda,Université de Montréal,Software Engineering,2016
thingsilearned,Gustavus Adolphus College,Physics,2004
thingsilearned,University of Minnesota,Electrical Engineering,2007
thingsilearned,University of Minnesota,"Electrical Engineering, Computer Enginering",2006
thinkmorebetter,UCLA Anderson School of Management,Business Administration,2011
thinkmorebetter,"University of California, Berkeley",Computer Science,2004
thirru,MOOCs,"Finance, Engineering, Computer Science, Entrepreneurialism",2013
thisgokeboysef,Draper University,Entrepreneurship,2014
thisgokeboysef,Johns Hopkins University,Engineering/industrial Management,2016
thisgokeboysef,Johns Hopkins Whiting School of Engineering,Engineering/industrial Management,2016
thisgokeboysef,Morgan State University,"Electrical, Electronics And Communications Engineering",2013
thisgokeboysef,Y Combinator,S17 Class,2017
thisismattsun,"University of California, Berkeley, Haas School of Business",Business Administration,2020
thisismattsun,University of Chicago,Computer Science,2015
thomas_carroll,Rice University,Biochemistry And Cell Biology,2016
thomas_carroll,University of Oxford,Clinical Medicine,2021
thomascottin,Ecole polytechnique,Master Of Entrepreneurship,2014
thomascottin,"University of California, Berkeley",Center For Entrepreneurship And Technology,2014
thomasdowling,University of Illinois Urbana-Champaign,"Political Science, History",2018
thomasdowling,University of Oxford,Social Policy,2019
thomashlvt,Columbia University,Data Science,2021
thomashlvt,Universiteit Gent,Computer Science Engineering,2021
thomashornb,University of Iowa,Computer Science,2011
thomasjiang,Singapore Management University,Data Analytics,2018
thomasjiang,Singapore Management University,Economics,2015
thomasmarge,Johns Hopkins University,Applied Mathematics And Statistics,2018
thomaspaulmann,"University of Applied Sciences, Aschaffenburg, Germany",Electronics And Information Technology,2012
thomaspaulmann,"Westphalia University of Applied Sciences, Gelsenkichen, Germany",Computer Science,2015
thomaspun,The University of British Columbia,Computer Engineering,2000
thomasyopes,"University of California, Berkeley",Mathematics And Computer Science,2013
tiagopassinato,Universidade do Vale do Itajaí,Ciências Da Computação,2002
tiami,Cornell University,Biomedical Engineering,2009
tiami,Cornell University,Electrical And Computer Engineering,2008
ticiano,Universidade Federal de São Carlos,Engineering Physics,2011
tife,University of Lagos,Electrical And Electronics Engineering,2019
tiff,Hanseatische Akademie für Marketing und Medien,"User Interface Engineering, Communications, Marketing, Design",2008
tiffani,Howard University,Systems And Computer Science,2008
tiffani,Stanford University Graduate School of Business,Business,2022
tigershen23,Bradfield School of Computer Science,Computer Science,2017
tilek,American University of Central Asia,Software Engineering,2005
tilentravnik,University of Ljubljana,"Food Science And Technology, Biotechnology",2005
tim90,MIT Sloan School of Management,Management,2018
tim90,Massachusetts Institute of Technology,Chemical Engineering,2018
tim90,National Technical University of Athens,Chemical Engineering,2013
timbarat,"University of California, Berkeley",Electrical Engineering And Computer Sciences,2020
timdmacdo,California Institute of Technology,Mechanical Engineering,2013
timdmacdo,Stanford University,Aeronautics And Astronautics,2020
timellis,University of Southern California,Aerospace Engineering,2013
timellis,University of Southern California,"Aerospace, Aeronautical And Astronautical Engineering",2012
timfsu,Stanford University,Electrical Engineering,2008
timfsu,Stanford University,"Electrical Engineering, Computer Science",2007
timgriffin77,"University of Massachusetts, Amherst",English,2012
timhall99,University of Queensland,Mechanical Engineering,2012
timhall99,University of South Australia,Project Management,2015
timherman,Harvard Business School,Mba,2019
timherman,London School of Economics and Political Science,International Trade And Finance,2006
timherman,United States Naval Academy,Economics,2008
timigod,University of Lagos,Bsc Electrical And Electronics Engr,2009
timjdavey,Cardiff University / Prifysgol Caerdydd,Internship Astrophysics,2004
timjdavey,Imperial College London,Theoretical Physics,2008
timjones,University of Michigan,Engineering Computer Science Engineering,2013
timlee128,University Of Warwick,Economics,2011
timoisik,Beuth Hochschule für Technik Berlin (ehemals Technische Fachhochschule Berlin),Media Informatics,2017
timotea,The University of Texas at Austin,Computer Science,2021
timqin,Columbia Engineering,Operations Engineering,2013
timqin,Harvard Business School,General Management,2019
timrein,Eidgenössische Technische Hochschule Zürich,"Mechatronics, Robotics, And Automation Engineering",2022
timrein,Stanford University,Computer Science,2025
timse7,Höhere Technische Bundeslehranstalt Wolfsberg,"Maschinenbau, Automatisierungstechnik",1995
timse7,Universität Klagenfurt,Applied Computer Science,2003
timse7,Universität Klagenfurt,Doktoratsstudium Der Technischen Wissenschaften,2006
timshell,Princeton University,Psychology And Neuroscience,2023
timshell,Swarthmore College,Computer Science And Philosophy,2018
timsher,Carleton University,Honours Chemistry,2014
timsze,University of Toronto,"Quantitative Economics, Mathematics",2007
tinybit_io,"Arab Academy for Science, Technology and Maritime Transport",Computer Engineering,2004
tinybit_io,Virginia Tech,Computer Science,2010
tipjoy,Carnegie Mellon University,Human Computer Interaction,2003
tipjoy,New York University,Computer Science And Philosophy,2002
tiptapsebastian,Mittweida University,Applied Media Economics,2009
tizeti,University of Benin,Electrical And Electronics Engineering,2002
tizeti,University of Victoria,Computer Engineering,2006
tjkandala,University of Florida,Anthropology,2019
tjriley82,University of Bristol,Computer Science,2003
tjs8rj,University of Virginia,"Mathematics, Economics, Minor In Physics",2020
tk90,Georgia Institute of Technology,Industrial Engineering,2012
tkeane,Imperial College London,Bioengineering,2019
tkeane,University of Pittsburgh,Bioengineering,2016
tkeane,University of Pittsburgh Swanson School of Engineering,Chemical Engineering,2011
tkesscloud,Washington University in St. Louis,"Economics, Finance",1984
tkimmel,University of Colorado at Boulder,Philosophy,2004
tknight,Massachusetts Institute of Technology,Biological Engineering,2008
tknight,University of Utah,Computer Science,2002
tlemberg,Harvard University,Computer Science,2014
tlowe11,University of Pittsburgh,"Philosophy, Political Science",2013
tlrobinson,University of Southern California,Computer Engineering And Computer Science,2007
tluthra,"University of California, Berkeley","Electrical Engineering, Computer Science",2013
tmacaulay,Monash University,Biostatics And Health Economics,2012
tmacaulay,Monash University,Pharmacy,2010
tmalloy,University of Southern California,Computer Science And Computer Engineering,2011
tmansour,Massachusetts Institute of Technology,Computer Science And Mathematics,2018
tmazimann,ESCP Europe,Entrepreneurship,2017
tmazimann,IIT Madras,Materials Engineering,2014
tmazimann,INSA Lyon - Institut National des Sciences Appliquées de Lyon,Engineering,2016
tmazimann,Lycée Pasteur,Science,2010
tmcneal,Villanova University,Computer Science,2006
tmeyster,Emory University,Finance,2012
tmolovinsky,Tel Aviv University,National Security Studies,2007
tmolovinsky,The George Washington University,Middle Eastern Studies,2004
tmorgan,Imperial College London,Computing,2005
tmoska,Erasmus University Rotterdam,Economics And Business Economics,2016
tmshapland,"University of California, Davis","Classics And Classical Languages, Literatures, And Linguistics",2007
tmshapland,"University of California, Davis",Horticultural Science,2012
tmwatson100,University Of Warwick,Computer Science,2013
tmychow,Stanford University,Mathematics,2024
tmychow,University of Cambridge,Economics,2022
tnoll12,Stanford University,Management Science And Engineering,2013
tobbecker,Baden-Wuerttemberg Cooperative State University (DHBW),Business Information Systems,2012
tobbecker,The Open University,Business Administration,2012
tobiasmilligan,University of Pennsylvania,Economics,2018
todd_cardash,The Citadel,Business Administration And Management,2000
toddpersen,University of Central Florida,Electrical Engineering,2004
toddpersen,University of Florida,"Business Administration And Management, General",2008
todsul,Charles Sturt University,Software,2002
todsul,Charles Sturt University,Software And Business,2004
todsul,The Australian National University,Finance,2007
togilvie,Yale University,Computer Science,1997
tolmasky,University of Southern California,Computer Engineering Computer Science,2006
tomasHokali,42 Silicon Valley,Computer Science,2019
tomasHokali,EMBA,Music Production,2013
tomas_wallbit,UADE,Licenciatura Administración De Empresas,2018
tomasrb,Duke University,Computer Science,2008
tomdor,"University of Maryland, College Park",Finance,2010
tomdor,University of Michigan Law School,Tax Law,2014
tomerbig,Tel-Aviv University,Economics And Accounting,2016
tomermoshe,HAIFA UNIVERSITY,Computer Science,2011
tomharel,Santa Monica College,Mathematics And Economics,2011
tomharel,"University of California, Berkeley",Economics,2013
tomhoward,Monash University,Business,1998
tomlemon,Yale University,"Math, Philosophy And Ethics, Politics, Economics",2006
tommgurka,Art Institute of California - San Francisco,Interactive Media And Design,2007
tommy_mcclung,Oregon State University,Computer Engineering,2000
tommytsai1984,Stanford University,Electrical Engineering,2006
tomo_genomelink,"University of California, Berkeley",Sutardja Center For Entrepreneurship And Technology,2019
tomo_genomelink,国際基督教大学,Public Policy And Social Research,2013
tomo_genomelink,国際基督教大学,School Of Liberal Arts,2011
tomosit,Brock University,Computer Science,2013
tomosit,Brock University,Neuroscience,2017
tompatton,University of Oregon,International Studies,2014
tompntn,Imperial College London,Computing,2020
tomsharon,Fullstack Academy of Code (S12),Software Engineering Immersive,2016
tomsharon,Wesleyan University,Philosophy And Economics,2015
tomty,The Open University of Israel,Computer Science,2008
tomwbass,University of New South Wales,Environments And Spatial Design,2010
toni_riera,ESADE Business School,Finance,2012
toni_riera,ESADE Business School,Management,2011
toni_riera,National University of Singapore,Finance,2012
tonicorrea,ESADE Business School,Entrepreneurship And Innovation,2014
tonicorrea,Pontificia Universidad Católica de Chile,Industrial Engineering,2011
tonikami,University of Southampton,Computer Science,2017
tonioab,Bocconi University,Economics,2011
tonioab,Ecole polytechnique,"Computer Science, Economics",2010
tonioab,Lycée Sainte Geneviève,Mathematics,2005
tony_francis,Carnegie Mellon University,Cognitive Science,2018
tonykam,"University of California, Berkeley",Electrical Engineering And Computer Science,2023
tonyspiro,University of North Texas,Music,2006
tonyx,Princeton University,"Economics, Computer Science",2012
tonyxu,"University of California, Berkeley",Industrial Engineering And Operations Research,2007
tonyyanga,"University of California, Berkeley",Computer Science And Philosophy,2019
top256,Conservatoire National des Arts et Métiers,Computer Science,2005
torresfabian,INSEAD,Business Administration,2018
torresfabian,Universidad de Los Andes,Chemical Engineering And Industrial Engineering,2013
torrmal,Stanford University,Entrepreneurship/entrepreneurial Studies,2019
torrmal,The Australian National University,", Systems Analysis And Design And Machine Learning",2011
torrmal,"University of California, Berkeley",Machine Learning Automation And Explainability,2019
tortuga42,IE Business School,Management,2017
tortuga42,IE School of Human Sciences and Technology (HST),Business Analytics And Big Data,2018
tortuga42,Università Commerciale 'Luigi Bocconi',"International Economics, Management And Finance",2016
touchandpay,"Baptist Boys High School, Abeokuta Ogun State",Science,2006
touchandpay,Ladoke Akintola University of Technology,Mechanical Engineering,2013
tovacinni,University of Toronto,Computer Science,2024
tovacinni,University of Waterloo,Computer Science,2020
towersben,Rainham Mark Grammar School,"Business, Music And Computing",2015
towersben,Towers Design,Social Media,2017
towersben,Y Combinator,Winter 2022,2022
townsendeb13,Dallas County Community College,General Studies,2011
townsendeb13,Texas A&M University - Commerce,Business And Entrepreneurship,2013
townsendeb13,Texas A&M University - Commerce,Finance,2015
tozza,University of Nairobi,Engineering,2013
tpeck,College of the Holy Cross,Pre,2003
tpeck,New York University School of Medicine,Emergency Medicine,2011
tpennypacker,University of Pennsylvania,Embedded Systems,2021
tpennypacker,University of Pennsylvania,"Physics, Electrical Engineering",2020
tpierceturion,"University of California, Santa Barbara",Business Administration,2020
tpierceturion,University of Washington,Aeronautical And Astronautical Engineering,2014
tpryme,Stanford University,Mathematical And Computational Sciences,2007
tr8norman,Hwa Chong Institution,Sciences,2010
tr8norman,National University of Singapore,Engineering,2015
tradewind,McMaster University,Biology/pharmacology,1995
tradewind,University of Toronto,Cellular And Molecular Biology,2004
tragenanhtuan,Northwestern University,Applied Mathematics,2006
tragenanhtuan,UCLA Anderson School of Management,Business Administration,2015
travisdock,Flatiron School,Web Development,2018
travisdock,University of New Mexico,Business Administration,2015
treardon98,Cornell University,Policy Analysis And Management,2021
tredrex,Massachusetts Institute of Technology,Computer Science,2009
treeform,University of Washington,Computing And Software Systems,2007
trekirkman,Stanford University,Public Policy And African And African American Studies,2016
trevmckendrick,Brigham Young University,Accounting,2010
trevskichan,The University of Calgary,Cellular And Microbiology,2002
trevskichan,University of Albert,Medicine,2008
trevskichan,University of Alberta,Family Medicine,2008
treyben,"University of California, Berkeley",Economics,2023
treyholterman,Stanford University,Computer Science,2021
trinachi,University of Southern Maine,Economics,2007
trip41,Columbia University,Applied Mathematics,2006
trip41,"University of California, Los Angeles",Applied Mathematics,2005
tripledropd,University of Waterloo,Software Engineering,2014
trisherrr,"University of California, Berkeley",Political Science And International Relations,2017
tristankalos,ENSTA ParisTech - École Nationale Supérieure de Techniques Avancées,Applied Mathematics And Computer Science,2019
tristankalos,Ecole polytechnique,Deep Tech,2020
tristankalos,HEC Paris,Entrepreneurship,2020
tristankalos,"University of California, Berkeley",Postgraduate Entrepreneurship Track,2020
tristantao,"University of California, Berkeley",Statistics,2014
troethom,Københavns Universitet,Computer Science,2012
troygoode,Y Combinator,Yc S19,2019
truemetrics,London School of Economics and Political Science,Political Economy,2019
truemetrics,Ruprecht-Karls-Universität Heidelberg,Economics,2017
truemetricsIngo,Technische Universität Hamburg-Harburg,Mechanical Engineering,2012
truemetricsIngo,"University of California, Berkeley",Mechanical Engineering,2010
truemetricsIngo,University of Toronto,State Estimation And Localization,2020
tseelamsetty,High Technology High School,Engineering Magnet School,2015
tseelamsetty,Washington University in St. Louis,Computer Science,2019
tshepom,University of Chicago,Mathematics,2014
tstephens1112,Stanford University,Management Science And Engineering,2016
tsvitek,California Institute of Technology,"Planetary Science, Applied Physics",1991
tsvitek,České vysoké učení technické v Praze,Ee,1984
ttcornel,Saint Louis University,"Biology, General",1989
ttcornel,The George Washington University School of Medicine and Health Sciences,Pediatrics Residency Program/chief Resident,1999
ttcornel,University of Michigan Medical School,Pediatric Critical Care Medicine Fellowship Program,2007
tthumpasery,Harvard College,Applied Mathematics,2018
ttpost,"University of California, Santa Barbara",Physics,2017
ttruett,University of Tennessee,Management And International Business,2009
tulasichintha,JNTUH College of Engineering Hyderabad,Computer Science And Engineering,2003
tuliojimenez,Politecnico grancolombiano,"Marketing/marketing Management, General",2013
tuliojimenez,Universidad Jorge Tadeo Lozano,Marketing And Advertising,2008
tullie,University of Adelaide,Machine Learning,2016
tumultco,Purdue University,Computer Science,2004
tundde,"Lagos Business School, Pan Atlantic University",Advanced Media Management For A Digital Age,2016
tundde,Olabisi Onabanjo University,Biochemistry,2008
tung_marathon,ACCA,Accounting,2006
tung_marathon,Hanoi-Amsterdam High School for the Gifted,High School,2001
tung_marathon,London School of Economics and Political Science,Banking And Finance,2005
turjac,Ryerson University,Computer Science,2023
turre1995,Politecnico di Milano,Ingegneria Informatica,2020
tusharsoni,Drexel University,Computer Science,2016
tutoassad,CEDIM,"Business Administration And Management, General",2014
tutoassad,Tecnologico de Monterrey,"Business Administration And Management, General",2012
tuxebo,Middlesex University,Economics,2003
twosdai,University at Albany,Nanoscale Engineering,2018
tws875,Northwestern University,Industrial Engineering And Economics,2005
tws875,Stanford University Graduate School of Business,General Management,2011
twww,Lycée Berthollet,"Mpsi, Mp*",2008
twww,Universidad Politécnica de Madrid,Redes Y Comunicaciones,2012
twww,École des Mines de Saint-Étienne,Computer Science,2012
tyhoff,Purdue University,Computer Science,2014
tylerAchilleion,Harvard University,Cognitive Science,2007
tylerAchilleion,University of Virginia School of Law,Law,2011
tylerburnam,Dartmouth College,Computer Science,2016
tylerburnam,Universitat de Barcelona,Spanish Language And Literature,2018
tylerekahn,Virginia Tech,Computer Science,2014
tylerlehman,Stanford University,Dropped Out,2023
tylerlehman,"University of California, Berkeley",Economics,2014
tylermenezes,University of Washington,Computer Science,2012
tylerrichie,California State University-Long Beach,Computer Science,2014
tylerrichie,Haverford College,Music,2006
tylerw,Massachusetts Institute of Technology,Electrical Engineering And Computer Sciences,2009
tyoung,California State University,Construction Engineering Management,2007
tyrick,University of Arkansas,Mathematics,2010
tzheng111,Massachusetts Institute of Technology,"Mathematics With Computer Science, Management",2011
tzhenghao,University of Michigan,Computer Engineering,2015
tzier,"University of California, San Diego","Economics, Psychology, Accounting",2010
u_radkevich,Belarusian State University,Computer Security,2017
ucarion,UC Berkeley College of Engineering,Computer Science And Electrical Engineering,2017
ucarrasco,Georgia Institute of Technology,Mechanical Engineering,2017
ucefsaid,Lycée Louis Thuillier,Classes Preparatoires Aux Grandes Ecoles,2008
ucefsaid,Lycée Moulay Youssef (Rabat),Mathematics And Science,2006
ucefsaid,Télécom SudParis,Telecom And Computer Science Engineering,2011
udita,Central University of Jharkhand,Communication,2017
ugolino91,Columbia University,Philosophy,2013
ugolino91,McGill University,Philosophy And Astronomy,2010
uhohlabs,Northwestern University,Biomedical Engineering,2010
uhohlabs,University of Washington,Bioengineering,2016
uilyas,National University of Science and Technology,Mechatronics Engineering,2010
ujeezy,University of Virginia,Computer Engineering,2006
ukaeje,University of Leeds,Innovation,2017
ukaeje,University of Reading,The Future Of Farming,2017
ukd1,Alton College,"Computing, Law, Geograph",1999
ulybu,Ecole Nationale des Mines de Staint-Etienne,Software Engineering,2013
ulyssemizrahi,"Ecole Polytechnique, Paris",Mathematics And Theoretical Physics,2013
ulyssemizrahi,University of Cambridge,Mathematics And Theoretical Physics,2013
umaimahVIDA,Cornell University,Human Development In Human Development,2001
umaimahVIDA,Harvard Business School,General Management,2009
umairsiddique,Lahore University of Management Sciences,Computer Science,2005
umer_adnan,Arizona State University,Electrical Engineering,2013
umer_adnan,Army Burn Hall College,Pre,2005
umer_adnan,National University of Science and Technology,"Mechatronics Systems, Instrumentation And Control Systems, Automation, Embedded Systems, Robotics",2009
umitanuki,Keio Univercity,Policy Management,2005
unclechau,Yale University,"Ethics, Politics And Economics",2000
unignorant,Stanford University,Computer Science,2018
unignorant,University of Virginia,Computer Science,2011
unkrichk,The Ohio State University,Computer Science And Engineering,2019
unnyhog,Flat6Labs Abu Dhabi,"Business Administration, Management And Operations",2015
unnyhog,K-StartUp Grand Challenge,Computer Software Engineering,2016
unnyhog,National Research Nuclear University MEPhI,Computational And Applied Mathematics,2010
unnyhog,Start-Up Chile,Computer Software Engineering,2017
unp,Carnegie Mellon University,Information Systems,2013
upekabee,Carnegie Mellon University,Software Engineering,2007
upekabee,University of London,Computing And Information Systems,2004
upgraded,Hamilton College,Chinese Languages And Government,2009
upgraded,Peking University,Chinese Language,2007
urilopatin,Cornell University,Biology,1994
urilopatin,National Institutes of Health,Id Fellowship,2006
urilopatin,New York University,Internal Medicine Residency Program,2003
urilopatin,University of Medicine and Dentistry of New Jersey -New Jersey Medical School,Medicine,2000
urilopatin,University of Washington School of Medicine,Internship,2001
urs,Columbia University,Computer Science,2016
urskasrsen,Akademija za likovno umetnost in oblikovanje,Fine Arts Sculpture,2010
urskasrsen,Kuvataideakatemia,Fine Arts Sculpture,2012
utdiscant,Danmarks Tekniske Universitet,Mathematics And Technology,2012
utdiscant,Technical University of Denmark,Mathematical Modelling And Computing,2014
utdiscant,University of New South Wales,Mathematics And Computer Science,2012
utkarshtandon,Stanford University,Computer Science,2022
uwjimmyxu,University of Washington,Electrical Engineering,2011
uwjimmyxu,University of Washington,Electrical Engineering Embedded Systems,2008
uzarubin,University of Georgia,Physics,2012
uzarubin,University of Tennessee,Computer Science Incomplete,2014
uzoayo,Beijing Language and Culture University,"Summer Study Abroad, Cultural Studies/critical Theory And Analysis",2015
uzoayo,Duke University,Mechanical Engineering,2017
v1talique,University of Waterloo,Electrical And Computer Engineering,2012
vadman97,University of Southern California,Computer Engineering,2019
vagelis_betterb,"Ecole Polytechnique, Paris",Data Science,2023
vagelis_betterb,HEC School of Management / HEC Paris,Data Science,2023
vagelis_betterb,National Technical University of Athens,Electrical And Computer Engineering,2021
vagostino,London Business School,"Entrepreneurship,entrepreneurial Studies",2007
vagostino,University of Michigan,Environmental Engineering,1997
vahed,Sharif University of Technology,Computer Engineering,2007
vahed,University of Michigan,Computer Science And Engineering,2009
vahed,University of Michigan,"Computer Science, Engineering",2012
vahidfazelrezai,Massachusetts Institute of Technology,Artificial Intelligence,2018
vaibhavverma9,University of Chicago,Computer Science And Economics,2018
vaik,Massachusetts Institute of Technology,Computer Science,2022
vaishant,Georgia Institute of Technology,Computer Science,2023
vakharia,Rice University,Computer Science,2017
valentinbuzea,Faculty of Automatic Control and Computer Science at Politehnica University of Bucharest,Systems Engineering,2018
valentinbuzea,Information Management and Protection at Politehnica University of Bucharest,Information Management And Protection,2020
valentinbuzea,Y Combinator Startup School,Startups,2019
valeriomagliulo,HEC Paris,Finance,2014
valeriomagliulo,Università Bocconi,Economics And Finance,2012
vamseems,IIIT Hyderabad,Computer Science,2017
vamsikc,Stanford University,Computer Science,2018
vamsikc,"University of California, Berkeley",Electrical Engineering And Computer Science,2014
vancanwin,Stanford University,Biophysics,2013
vancanwin,"University of California, Los Angeles","Neuroscience, Psychology",2006
vanslootenn,Brigham Young University,"Economics, Chinese",2022
varenc,Massachusetts Institute of Technology,Computer Science,2011
varsharamesh,Boston College,"Economics, International Studies",2016
varsharamesh,Harvard Business School,General Management,2023
varun0625,Harvard College,Applied Mathematics,2013
varunjain99,Harvard College,Computer Science,2020
varunjain99,Harvard Graduate School of Arts and Sciences,Computer Science,2020
varunpuri,"Mayoor School, Noida",Mathematics And Computer Science,2012
varunpuri,Shiv Nadar University,Computer Science And Engineering,2016
varunsrin,Carnegie Mellon University,Information Systems,2010
varunvummadi,IIT Kharagpur,Electrical Engineering,2023
vasantverma,"O.O.E.H.S, Fujairah, U.A.E",Mathematics And Computer Science,2008
vasco_,Carnegie Mellon University,Language Technologies,2009
vasco_,Universidade de Lisboa,Language And Knowledge Engineering,1999
vayyala,Princeton University,Computer Science,2016
vblumen,Marshall School of Business,"Business Administration, Entrepreneurship",2006
vblumen,University of Southern California,"Entrepreneurship, Business Management",2006
vbordo,Macalester College,Computer Science,2016
vboriah,National Institute of Technology Karnataka,Mechanical Engineering,2007
vboriah,Stanford University,Biodesign Innovation Fellow,2014
vboriah,"University of California, Berkeley",Mechanical Engineering,2008
vecter,Massachusetts Institute of Technology,Computer Science,2008
vecter,Massachusetts Institute of Technology,"Electrical Engineering, Computer Science",2009
vedant_ag,National Institute of Technology Durgapur,Computer Science And Engineering,2014
vedantnair,The University of Texas at Austin,"Management Information Systems, Certificate In Computer Science",2024
vedharaju,Massachusetts Institute of Technology,Computer Science And Engineering,2015
vedharaju,Massachusetts Institute of Techonology,Computer Science And Engineering,2014
veeneck,University of South Florida,"Business, Management Information Systems",2004
vegter,Massachusetts Institute of Technology,Management Science,2011
venavitals,Harvard Business School,General Management,2010
venavitals,"University of California, Berkeley",Electrical Engineering,2004
venavitals,University of Illinois Urbana-Champaign,Electrical Engineering,2002
venkat971,Carnegie Mellon University,School Of Computer Science,2014
venkateshamrut,IIT Bombay,Civil Engineering,2017
vercantez,The University of Texas at Dallas,Computer Science,2018
verlin,Duke University,General Management,2007
verlin,East Carolina University,Finance,2010
verlin,University of Wyoming,Business Administration,2004
vernoxlabs,Sonoma State University,Business Administration Marketing,2007
veronikarie,Center for Digital Technology and Management,Business And Technology,2011
veronikarie,Columbia University,International Business,2010
veronikarie,Technical University Munich,Business And Mechanical Engineering,2010
veronikarie,Technical University of Munich,Business And Mechanical Engineering,2011
vertoc,Cal Poly SLO,Computer Science,2017
vgarridof,ITAM,Economics,2010
vgarridof,Universidad Carlos III de Madrid,Business And Finance,2008
vgurgov,Saint Petersburg State University,Computer Software Engineering,2006
vicentezavarce,Northeastern University,Business Administration,2016
vicki,Columbia University,Computer Science,2013
vicki,"University of California, San Diego",Mathematics,2010
victor96,Bournemouth University,Games Programming,2018
victor_eth,HEC Montréal,Business Studies,2017
victor_eth,Product School,Information Technology,2018
victorcc,Stanford University,Computer Science,2021
victorferrand,Columbia University,Computer Science,2014
victorferrand,Institut Polytechnique de Paris,Engineering,2013
victorub,Universidade de São Paulo (USP),Accounting,2011
vietlong,Columbia University,Statistics And Economics,2015
vietlong,Stanford University,Statistics,2019
viggneshk,Anna University,Information Technology,2008
viggneshk,Illinois Institute of Technology,Computer Science,2010
vignesh_karthik,Columbia University,Applied Mathematics,2026
vigneshrajmohan,Carnegie Mellon University,Electrical And Computer Engineering,2023
vigneshunbound,PSG College of Technology,Computer Science,2013
vigsun,Bits,Mechanical Engineering,2010
vigsun,Carleton University,"Engineering Technology, General",2015
vigsun,DAV Gill nagar Chennai,Computer Science,2006
viguerapablo,University of Chicago,Booth School Of Business,2013
vijay_lavhale,CFA Institute,"Investment Management, Portfolio Management",2019
vijay_lavhale,HEC Paris,Management,2017
vijay_lavhale,IIM Bangalore,Finance,2018
vijay_lavhale,IIT Delhi,Mechanical Engineering,2014
vijayboyapati,The Australian National University,"Science Mathematics, Computer Science",2001
vijaycs42,IIT Bombay,Electrical Engineering/microelectronics,2001
vijaygtav,Carnegie Mellon University,Management Information Systems,2013
vikasch90,IIT Kanpur,Electrical Engineering,2012
vikasch90,Stanford University Graduate School of Business,Management,2022
vikasnair,New York University,Computer Science,2019
vikeshkhanna,IIT Roorkee,Computer Science,2011
vikeshkhanna,Stanford University,Computer Science,2015
vikramark,IIT Bombay,Aerospace Engineering,2020
viktorbenei,Budapest University of Technology and Economics,It,2016
vikul,IIT Guwahati,Mechanical Engineering,2006
vimal8rathore,University of Delhi,Biomedical Sciences,2012
vinarun2014,University of Pennsylvania,Economics,2018
vinayak147,Chalmers University of Technology,Radio Astronomy And Space Sciences,2006
vinayak147,"University of California, Berkeley",Electrical Engineering,2012
vinayak147,University of Pune,Electronics And Telecommunication Engg,2003
vinayramesh,"University of California, Berkeley",Public Policy,2016
vinayshet,Birla Institute of Technology & Science,Computer Science,2001
vinayshet,University Of Maryland,Computer Science,2007
vinayshet,"University of Maryland, College Park",Computer Science,2007
vinceYC,"University of California, Los Angeles",Business Economics And Sociology,2001
vincent-matidor,The University of British Columbia,Computer Engineering,2001
vincent-matidor,University of Ottawa,Master Of Business Administration,2007
vincentalbouy,INSA Lyon - Institut National des Sciences Appliquées de Lyon,Engineering,2016
vincentalbouy,Lycée ambroise croizat,Science And Technology,2011
vincentalbouy,Universitat Politècnica de València (UPV),Polytechnic University Of Valencia,2015
vincentjiang,Harvard University,Engineering,2017
vincentjiang,Massachusetts Institute of Technology,Cross,2017
vincentlp,Ecole polytechnique,Computer Science,2004
vincentw21,University of Washington,Computer Science,2025
vinith23,Y Combinator,Winter 2022,2022
vinny_mei,Harvard Law School,Law,2021
vinny_mei,University of Toronto,Chemical Engineering,2014
virajrai,Columbia University,Computer Science,2019
vishakhhegde,IIT Madras,Physics,2015
vishakhhegde,Stanford University,Computational And Applied Mathematics,2017
vishaldubey01,Duke University,Computer Science,2021
vishjain,Harvard University,Computer Science,2019
vishnumenon,Duke University,Computer Science,2018
vishnuvinjam,IIT Bombay,Computer Science,2014
vislykarl,Umeå University,Human Computer Interaction,2015
vitorhoa,FGV,Project Management,2013
vitorhoa,IFCE (Instituto Federal do Ceará),Civil Engineering Technician,2002
vitorhoa,Instituto Tecnológico de Aeronáutica,Computer Engineering,2008
vivek_codingal,IIT Roorkee,Computer Science,2013
vivekajayshah,Massachusetts Institute of Technology,"Electrical Engineering, Computer Science, Management Science",2007
vivekkumar15,IIIT Hyderabad,Computer Science,2018
viveksudars,Cornell University,Computer Science,2016
viveksudars,Northwestern University,"Economics, Political Science, Integrated Marketing Communications Certificate Program",2012
vivnau,IIT Kharagpur,Electrical Engineering,2012
vj44,Massachusetts Institute of Technology,Computational Neuroscience,2016
vj44,Massachusetts Institute of Technology,Computer Science,2012
vkartik,IIT Delhi,Civil Engineering,1998
vkartik,UIUC,Transporation,2000
vkfmb,"University of California, Santa Barbara",Computer Engineering,2023
vkharat,MIT Sloan School of Management,Business Administration,2019
vkharat,University of Cincinnati,Industrial Engineering,2000
vkharat,University of Mumbai,Mechanical Engineering,1997
vkharat,VJTI,Mechanical Engineering,1994
vklmn,Moscow State School 57,Mathematics,2003
vklmn,Moscow State University,Mathematics,2007
vkmutalik,IIT Bombay,Chemical Engineering,2005
vkmutalik,Karnatak University,"(kle College Of Pharmacy, Jn Medical College, Belgaum)",1995
vkmutalik,University of Mumbai,Bioprocess Technology,1997
vkorshin,University of Washington,Business Administration,2008
vla_hoytrabajas,Escuela Colombiana de Ingeniería 'Julio Garavito',Ingeniería,2010
vla_hoytrabajas,Escuela Colombiana de Ingeniería 'Julio Garavito',Software Development,2013
vla_hoytrabajas,Startup School Online,"Startups, Entrepreneurship",2019
vla_hoytrabajas,ThePowerMBA,Business Expert,2020
vlaurenlee,University of Waterloo,Mechatronics Engineering,2011
vmatsiiako,Cornell University,Operations Research And Information Engineering,2022
vmatsiiako,Dnipro National University,Applied Mathematics,2021
vmatsiiako,Erasmus School of Economics,Econometrics And Operations Research,2021
vmatsiiako,Erasmus Universiteit Rotterdam,Economics And Business Economics,2021
vnavin,The University of Texas,Biochemistry And Molecular Biology,2006
vning93,Peking University,China's Economic Development,2012
vning93,University of Virginia,Computer Science And Economics,2015
vnoguera,Polytechnic University of Catalonia,Industrial Engineering,2005
vnoguera,"University of California, Berkeley, Haas School of Business",Business Administration,2011
volans-i_2016,Ecole nationale supérieure de Techniques avancées,Solar Energy,2011
volans-i_2016,Technical University of Munich,Energy And Process Technology,2012
volans-i_2016,Universidad Politécnica de Madrid,Numerical Fluid Mechanics,2010
vollmarj,Saginaw Valley State University,Computer Information Systems,2011
volthealth,The George Washington University School of Medicine and Health Sciences,Doctor Of Medicine,1991
voska,Northeastern University,"Computer Engineering, Entrepreneurship",2014
vostalgic,Academy of Art University,Computer Arts,1998
vostalgic,"University of California, Berkeley",Computer Science,1996
voxdolo,Tallahassee Community College,Internet Services Technology,2001
voxpoplabs,McMaster University,"Economics, Political Science, Business",2004
voxpoplabs,University of Toronto,Political Science,2018
voxpoplabs,Western University,Journalism,2005
vpribble,Florida Institute of Technology,Space Systems Engineering,2017
vpribble,University of Illinois at Chicago,Mechanical Engineering,2015
vrishank,Crescent Heights High School,N/a,2022
vrishank,University of Chicago,Neuroscience And Computer Science,2026
vsadausk91,Stanford University,Emergency Medicine Residency Program,2021
vsadausk91,University of Illinois,Medicine,2017
vsadausk91,University of Notre Dame,Science Preprofession,2013
vsaladi,Stanford University,Artificial Intelligence,2022
vsaladi,Stanford University,Computer Science,2021
vshah1,"University of Maryland, College Park",Health Policy And Technology,2021
vsprabhakara1,Carnegie Mellon University,"Information Systems, Economics",2002
vsprabhakara1,Harvard Business School,Entrepreneurship/entrepreneurial Studies,2008
vsrivatsa,"University of California, Berkeley",Electrical Engineering And Computer Science,2022
vsulzer,University of Oxford,Mathematics,2019
vusal_dadalov,Azerbaijan State Oil Academy,Computer Mathematics,2010
vvardhana,PSG College of Technology,Software Engineering,2012
vvenkatavijay,California Institute of Technology,Computer Science And Electrical Engineering,2014
vvenkatavijay,IIT Madras,Computer Science And Electrical Engineering,2012
vvipgupta,IIT Kanpur,Electrical Engineering,2016
vvipgupta,"University of California, Bekeley",Machine Learning,2021
vw11223,Massachusetts Institute of Technology,"Artificial Intelligence, Machine Learning",2015
vw11223,Massachusetts Institute of Technology,"Computer Science, Economics",2014
vwa-pat,McGill University,Engineering,2014
vwwan,University of Michigan - Stephen M. Ross School of Business,Business And Mathematics,2015
vyvy3n,Carnegie Mellon University,Computer Science,2020
vyvy3n,Xi'an Jiaotong University,Mathematics,2018
w__w,Queen's University,Engineering Physics,2010
w__w,University of Toronto,Engineering Psychology,2012
waleoyepeju,Anglia Ruskin University,Service Excellence,2015
waleoyepeju,Olabisi Onabanjo University,Computer Science,2006
wallin,The Faculty of Engineering at Lund University,Electrical Engineering,2006
walsallami,Jami'at Babil,Computer Science,2010
walsallami,Texas A&M University,Computer Science,2014
wanaiz,Keio University,Electrical And Electronic Engineering,2016
warrentr,Udacity,React Nano Degree,2017
waseemalim,CFA Institute,Finance,2008
waseemalim,University of Pennsylvania,"Finance, Entrepreneurship",2008
way2nnadi,"University of California, Santa Barbara",Political Science,2013
wayy,UT Austin,Computer Science,2022
wcrosby,Arizona State University,Computer Science,2000
wcrowe,"University of NSW, Australia",Aerospace Engineering,2018
wdanilo,AGH University of Science and Technology,Computer Science,2013
wdanilo,Singularity University San Francisco,Entrepreneurship,2018
wdrevno,"University of California, Berkeley",Industrial Engineering And Operations Research,2013
webmons,The University of Texas at Austin,Computer Science,2010
webwright,Washington College,Psychology,1994
weebro,Jönköping University,"Law, Business And Ecommerce",2004
weebro,Northumbria University,Law,2004
weebro,Northumbria University (UK),Barrister,2003
weebro,University of Cambridge,International Business,2005
weihan,Beijing University of Technology,Computer Science,2002
weihan,University of Toronto,Computer Engineering,2011
weihan,University of Waterloo,Computer Science,2007
weilupku,University of Toronto,Computer Engineering,2013
weitingliu,Stanford University,"Management Science, Engineering",2005
weitingliu,The University of British Columbia,Computer Engineering,2003
wendyproglix,RMIT University,Economics And Finance,2015
wenfeng,University of Science and Technology of China,Computer Science And Technology,2014
wenjing,Huazhong University of Science and Technology,Software Engineering,2010
wenjing,University of Southern California,Computer Science,2013
wenjunzhu,Concordia University,E-commerce,2006
wenjunzhu,Concordia University,Software Engineering,2010
wenkema,Northwestern Polytechnical University,Control Theory And Control Engineering,2019
wentimestwo,University of Cambridge,International Economics Course,2001
wentimestwo,University of Southern California,"Entrepreneurship, Marketing",2009
wentimestwo,Université Paris Dauphine,"International Ecnonomics, Film, Art",2003
westoncolemanl,University of the Philippines Diliman,Industrial Engineering,2015
wferrell,Wesleyan University,Philosophy,2006
wgaynor,Massachusetts Institute of Technology,Materials Science And Engineering,2004
wgaynor,Stanford University,Materials Science And Engineering,2010
wgdomenzain,Universidad Autónoma de Guadalajara,Electronic Engineering,2001
wgdomenzain,University of Cambridge,Electronic Engineering,2007
wgdomenzain,University of Cambridge,Microelectronic Engineering And Semiconductor Physics,2004
wgpatrick,Massachusetts Institute of Technology,Media Arts And Sciences,2015
whadar,Tel Aviv University,Computer Science,2010
whather,University of Washington,Computer Science,2006
whatsupdock96,University of San Francisco,Data Science,2017
whatupdave,University of Canberra,Software,2003
whishroll,Harvard Law School,Dropped Out,2021
whogaurav,Kurukshetra University (Dropout),Entrepreneurial Studies,2020
whogaurav,Y Combinator (W20),Software And Computing,2012
whoisit1118,Stanford University,Aerospace Engineering,2024
whoisit1118,University of Michigan,Aerospace Engineering,2022
whp,Duke University,Registered Nursing/registered Nurse,2012
wikyd,University of Illinois Urbana-Champaign,Computer Science,2006
wil_e,Brigham Young University,Finance / Chemistry,2012
wil_e,Grayson Country College,Biology / Chemistry,2007
wilbo,"MIT Global SCALE Network, Malaysia",Supply Chain Management,2013
wilbo,Massachusetts Institute of Technology,Supply Chain Management,2013
wilbo,"University of California, Berkeley",Industrial Engineering And Operations Research,2009
wilbo,Villanova University,Six Sigma,2011
wilburli,Massachusetts Institute of Technology,Computer Science,2020
wilcoxbr,Purdue University,Mechanical Engineering,2006
wilcoxbr,University of Illinois Urbana-Champaign,Mechanical Engineering,2010
will2746,University of Melbourne,Ai/ml,2024
will2746,University of New Hampshire,Mechanical Engineering,2020
willcanine,NYU Tisch School of Art,Itp,2014
willcanine,Whitman College,Politics,2010
willclem,Lipscomb University,Biochemistry,2001
willclem,University of Alabama at Birmingham,Biomedical Engineering,2008
willclem,University of Michigan,Biomedical Engineering,2002
williamtong852,University of Southern California,Economics,2015
williamzeng0,Carnegie Mellon University,Statistics And Machine Learning,2021
williswee,NYJC,Theoretical And Mathematical Physics,2011
williswee,Singapore Management University,Marketing,2011
willmacaskill,University of Cambridge,Philosophy,2008
willmacaskill,University of Oxford,Philosophy,2010
willstith,Georgia Institute of Technology,Computer Science,2018
willwang77,University of Southern California,Computer Science,2019
willyin,Stanford University,Didn't Finish,2019
willywg,Universidad Nacional Mayor de San Marcos,Bibliotelogía Y Ciencias De La Información,2000
wilson16,University Of Maryland,Finance,2015
wilsonmitchell,Virginia Polytechnic Institute and State University,Mathematics,2014
winslett,University of Alabama at Birmingham,Finance,2009
winslett,University of Montevallo,Management,2004
wintonzheng,Carnegie Mellon University,Mechanical Engineering,2015
wintonzheng,Dalian University of Technology,Mechanical Engineering,2013
withtypes,"Faculty of Electrical Engineering and Computing, University of Zagreb",Computer Science,2013
withtypes,KTH Royal Institute of Technology,Computer Science,2013
wittedhaddock,Harvard University Kennedy School of Government,"Political Economies Of The Mass Media, Propaganda, Surveillance, And Democracy",2016
wittedhaddock,MIT (auditor),Symbolic Ai,2018
wittydeveloper,Teesside University,Computer Science,2012
wittydeveloper,Université d'Orléans,Computer Science,2012
wizardfish323,Ecole polytechnique,Statistics,2015
wizardfish323,Harvard University,Statistics,2014
wizardfish323,Karlsruher Institut für Technologie (KIT),Industrial Engineering,2010
wizardfish323,Universidad Politécnica de Madrid,Industrial Engineering,2012
wizardfish323,Y Combinator,S20,2020
wizwit999,Carnegie Mellon University,Mechanical Engineering,2019
wjbeyer,Nanjing University,"Chinese Language, History, Culture",2007
wjbeyer,Nankai University,Chinese Language And Culture,2010
wjbeyer,University of Wisconsin,International Studies,2010
wjedwards90,University of Wisconsin-Madison,Economics,2012
wkantaros,Brown Univeristy,Applied Math,2018
wkohlberg,Deutsche Sporthochschule Köln,Tourism And Recreation Management,2013
wkohlberg,Fachhochschule Gelsenkirchen,Economics,2009
wkohlberg,Université du Québec à Montréal,Tourism And Travel Services Management,2012
wkoven,Harvey Mudd College,Engineering,2012
wluer,Washington University in St. Louis,Computer Science,2018
wluer,Washington University in St. Louis,Mechanical Engineering,2017
wmahd,Ivey Business School at Western University,Honors Business Administration,2021
wmdukes,Columbia Law School,"Banking, Corporate, Finance, Securities Law",2010
wmdukes,INSEAD,Entrepreneurship/entrepreneurial Studies,2014
wmensah,The City College of New York,Business Administration And Management,2014
wodow,University of Cambridge,Computer Science,2004
wodow,University of Cambridge,Computer Speech Text And Internet Technology,2005
wolffman25,Cal Poly SLO,Business,2007
wonafee,University of Waterloo,Computer Engineering,2006
wooders,Massachusetts Institute of Technology,"Computer Science And Engineering, Math",2019
woogle,Université de Corse Pascal Paoli,"User Interfaces, Algorithmic, Oriented",2009
wruotolo,Stanford University,Mechanical Engineering,2021
wruotolo,University of Virginia,Mechanical Engineering,2016
wshart,Imperial College London,Experimental Solid State Physics,2018
wshart,University Of Warwick,Physics,2014
wstanislaus,University of Aberdeen,Communication Engineering,2005
wstanislaus,University of Madras,Computer Science And Engineering,1999
wuputah,Rensselaer Polytechnic Institute,Computer Science,2004
wusamm,Western University,Honors Business Administration,2017
wuweiweiwu,"University of Minnesota, Twin Cities",Computer Science,2017
wwFlorian,Ecole nationale supérieure de l'Electronique et de ses Applications,"Graduate School Of Electrical Engineering, Computer Science And Telecommunication",2013
wwFlorian,Master MTI - Université Paris-Dauphine - Mines ParisTech - INSTN - ENS Cachan,Management De La Technologie Et De L'innovation,2013
wwhchung,University of Waterloo,Computer Engineering,2005
wxs,University of Toronto,Computer And Electrical Engineering,2011
wxs,University of Toronto,Computer Science,2013
wyattm,Chapman University,Computer Science,2020
wyc,Y Combinator,W21,2021
wynnproglix,Prasetiya Mulya Business School,Economics,2015
wynnproglix,Prasetiya Mulya Business School,"Finance, General",2018
xanderatallah,Stanford University,Computer Science,2014
xanderatallah,University of Oxford,Cyber And Computer Forensics And Counterterrorism,2013
xandercarlson,Brown University,Economics,2020
xelathebela,Stanford University,Bioengineering,2013
xelathebela,Stanford University Graduate School of Business,Stanford Ignite: Powering Innovation And Entrepreneurship,2012
xelathebela,"University of California, San Diego",Bioengineering,2011
xergioalex,Universidad Tecnológica de Pereira,Applied Computer Science,2021
xergioalex,Universidad Tecnológica de Pereira,Computer Science,2014
xiangli91,University of Pennsylvania,Computer Science,2014
xianshou,Harvard University,Engineering Sciences,2020
xianshou,Stanford University,Computer Science,2011
xiaolongmu,New York University,Human Computer Interaction,2016
xiaolongmu,Tsinghua University,Art And Desgin,2012
xiaosongmu,Stanford University,Computer Science,2015
xiaoyao,East China University of Science and Technology,Mechanical Engineering,2010
xiaoyao,University of Illinois Urbana-Champaign,Computer Science,2018
xinaseong,"University of California, Berkeley",Economics,2018
xke,Massachusetts Institute of Technology,Computer Science And Electrical Engineering,2003
xke,Massachusetts Institute of Technology,Computer Science And Engineering,2004
xolubi,Babcock University,Computer Science,2006
xpositivityx,California Institute of the Arts,Experimental Sound Practices,2011
xpositivityx,University of Massachusetts Dartmouth,Music,2008
xregnarpurex,Georgia Institute of Technology,Computer Science Major,2018
xrivatsan,"Birla Institute of Technology and Science, Pilani",Computer Science,2008
yadavsomv,"Army Public School, Delhi Cantt",Mathematics,2012
yadavsomv,Delhi University,Statistics,2015
yadirh,"University of California, Berkeley",Computer Science,2016
yajm,ETH Zürich - Swiss Federal Institute of Technology Zurich,Computer Science,2021
yangli_,University Of Warwick,Sociology,2013
yangli_,University of Oxford,Quantitative Sociology,2014
yangwei,Chongqing University,Opto,1990
yangwei,Cornell University,Computer Science,1993
yangwei,Tsinghua University,Optical Instruments,1987
yanma,University of Waterloo,Mobile Robotics,2011
yanmo,Imperial College London,Chemical Engineering,2015
yanyan_evie,Academy of Art University,Ux/ui Design,2024
yanyan_evie,Zhejiang University,Industrial Design,2020
yanyan_evie,zhejiang university city collega,Industrial Design,2014
yardenhorwitz,Ryerson University,Business Management: Major,2010
yardenshaked,Emory University - Goizueta Business School,Analytic Consulting And Finance,2017
yardenst,Tel Aviv University,Physics,2016
yashburad,IIT Delhi,Mechanical Engineering,2017
yasmindunsky,Stanford University Graduate School of Business,Business Administration,2022
yasmindunsky,The Hebrew University,Computer Science,2020
yatz,Kingston University,Business And Marketing,2023
yawafari,Howard University,Economics And Computer Science,2007
yazinsai,University of Bahrain,Computer Engineering,2007
ybernstein,RMIT University,Computer Science,2006
ybernstein,University of Melbourne,Computer Science,2001
ybrent,University of Florida,Finance,2014
ybycode,Lycée de l'Europe,Classe Préparatoire Aux Grandes Écoles Ptsi/pt,2004
ybycode,Polytech'Savoie,Engineering,2007
ycorvar,Aristotle University Thessaloniki,Mechanical Engineering,2010
ycorvar,Ecole polytechnique fédérale de Lausanne,Biotechnology And Bioengineering,2015
ycorvar,Stanford University,Biodesign Fellowship,2018
ycorvar,Stanford University,Chemical Engineering,2017
ycsn,California State University - East Bay,Computer Science,2004
ycurs,Dartmouth Hitchcock Medical Center,Pediatrics Residency,2016
ycurs,Stanford University,Biodesign Innovation Fellowship,2018
ycurs,Stanford University,Pediatric Critical Care Fellowship,2019
ycurs,Universität Hamburg,Medicine,2011
yeefun,National Taiwan University,Sociology,2019
yekime,Cornell University,Computer Science,2023
yeya,Coursera,Innovation And Economics,2015
yeya,Strathmore University,Software Engineering,2009
yiggydyang,Stanford University,"Engineering, Smart Product Design",2000
yilunc,"University of California, Berkeley",Computer Science,2018
yiming09,Huazhong University of Science and Technology,Mechanical Engineering,2009
yiming09,Massachusetts Institute of Technology,Mechanical Engineering,2012
yiming09,Nanyang Technological University,Leadership Enrichment And Regional Networking,2008
yiming09,National University of Singapore,Management Of Technology,2011
yimmieg1,"University of California, Berkeley",Bioengineering,2002
yimmieg1,"University of California, San Diego",Bioinformatics And Systems Biology,2009
yjallouli,ENSEEIHT - one of the Top French engineering schools,Electrical Engineering And Computer Science,2015
yjx,Smith School of Business at Queen's University,Commerce And Computer Science,2018
ykirichok,"Bogomoletz Institute of Physiology (Kiev, Ukraine), Moscow Institute of Physics and Technology",Biophysics,2000
ykirichok,Moscow Institute of Physics and Technology,Applied Mathematics And Physics,1995
ykirichok,Moscow Institute of Physics and Technology,Biophysics,1997
ylhert,"University of California, San Diego",Economics,2009
yliu,Northwestern University,Computer Science,2006
yliu,"University of California, Berkeley",Information,2008
ylks,Télécom Paris,Applied Mathematics,2010
ylks,University of Oxford,Machine Learning,2016
ylks,University of Oxford,Mathematical And Computational Finance,2010
ymann,"The Wharton School, University of Pennsylvania",Business Analytics,2020
ymann,University of Pennsylvania,Computer Science,2020
ymlanre,"Obafemi Awolowo University,Ile-Ife",Computer Science,2015
ympatel,Princeton University,Health Economics,2018
ymsyed,University of Michigan,Finance,2014
yoamomonstruos,University of the Arts London,Art And Design,2009
yoamomonstruos,University of the Arts London,Graphic Design,2013
yoavcafri,The Open University,Computer Science,2009
yoavgrossman,"University of California, Los Angeles",Business Economics And Management,2009
yoavz_,"University of California, Los Angeles",Computer Science,2016
yoitsu,"University of California, Berkeley",Computer Science,2016
yonajune,"University of California, San Diego",Dropped Out,2016
yongzhao,Northwestern Polytechnical University,Computer Science,2022
yonsoopark,Dartmouth College,"Computer Science, Political Science",2014
yonsoopark,Harvard University,Political Science,2022
yooni0422,Phillips Exeter Academy,Classics Diploma,2010
yooni0422,Princeton University,Woodrow Wilson School Of Public Policy And Intl Affairs,2014
yorex93,University of Benin,Electrical And Electronic Engineering,2014
yossin,Bar-Ilan University,Mathematics,2018
yotamros,Berklee College of Music,Composition,2003
youtnodknoem,"University of California, Davis",Economics,2010
yoyoshibata,University of Tokyo,Economics,2007
ypzhang2,University of Illinois Urbana-Champaign,Computational Bioengineering,2009
ys1715,Beijing Normal University,Film And Communication,2013
ys1715,Hong Kong Baptist University,Cinematography And Film Production,2011
yshuster,The Hebrew University,"Biology, General",2013
yshuster,The Hebrew University,Molecular And Structural Biochemistry,2015
ytchen333,Massachusetts Institute of Technology,Computer Science,2017
ythalo,Federal University of Itajubá,Electrical And Electronics Engineering,2015
ythalo,Technische Universität Carolo-Wilhelmina zu Braunschweig,Electrical And Electronics Engineering,2015
yuhao,Stanford University,Computer Science,2010
yuhao,Stanford University,Electrical Engineering,2009
yuhengwang7,Swarthmore College,Computer Science And Economics,2019
yuhongsun,"University of California, San Diego",Computer Science,2019
yuluna,University of Toronto,Bachelors Of Science,2015
yuluna,University of Toronto,Masters Of Environmental Science,2016
yungookim,University of Toronto,Computer Science,2012
yunyu,Duke University,Computer Science And Economics,2019
yuranlu,Massachusetts Institute of Technology,Electrical Engineering And Computer Science/mathematics,2007
yuriy,Georgia Institute of Technology,Mechanical Engineering,2013
yuriy_zaremba,Ivan Franko National University of Lviv,Law,2012
yurylifshits,California Institute of Technology,Computer Science,2008
yurylifshits,Steklov Institute of Mathematics at St.Petersburg,Theoretical Computer Science,2005
yutamatsuda,The University of Tokyo,Genetics,2013
yutamatsuda,Y Combinator,S21,2021
yuugu,"University of California, Berkeley","Electrical Engineering, Computer Science",2015
yvonnechou,"University of California, Berkeley",Public Health,2018
yvonnetwj,Fordham University,Business Enterprise,2015
yvonnetwj,Shanghai International Studies University,Russian Language And Literature,2014
yyao,University of Toronto,Electrical Engineering,2008
zachglick,Georgia Institute of Technology,Quantum Chemistry,2022
zachglick,Washington University in St. Louis,Chemistry,2018
zachmeza,Stanford University,Artificial Intelligence,2016
zachwdc,Brown University,English,2010
zachyf,Stanford University,Computer Science,2015
zackabb,"University of California, Berkeley",Molecular Biology And Cell Biology,2005
zackabb,University of Michigan,Microbiology And Immunology,2015
zackbrown,University of Washington,Computer Science,2011
zackfield,"University of California, Berkeley",Computer Science,2015
zacwellmer,Michigan State University,Computer Science,2016
zacwellmer,The Hong Kong University of Science and Technology,Artificial Intelligence,2019
zafer,Michigan Technological University,Electrical Engineering Computer Architecture And Microprocessor Design,1996
zafer,Michigan Technological University,Electrical Engineering Computer Engineering,1994
zaggi,Frankfurt University of Applied Sciences,International Business Administration,2020
zaggi,Sanda University,International Economics,2019
zaishi,ETH Zurich,Computer Science,2023
zak,Brown University,Anthropology,2009
zakhomuth,University of Waterloo,Computer Engineering,2007
zallarak,Stanford University,Computer Science,2014
zallarak,University of Michigan,Finance,2011
zan2434,University of Pittsburgh,Neuroscience,2015
zaptrem,Cornell University,Computer Science,2023
zara2,Massachusetts Institue of Technology,Artificial Intelligence,2018
zara2,Massachusetts Institue of Technology,Computer Science,2016
zaveri,University of Virginia,Computer Science,2011
zbrowne,University of Pennsylvania,Finance And Real Estate,2011
zbruhnke,Centenary College of Louisiana,Business/political Science,2008
zdenham,University of Southern California,Computer Science,2018
zds,Columbia University,Political Science,2008
zealoustiger,University of Washington,"Computer Science, Electrical Engineering",2005
zefi,University College London,English,2012
zelandiya,The University of Freiburg,"German Linguistics, Computer Science, Computational Linguistics",2005
zelandiya,The University of Waikato,Computer Science,2009
zellunit,Carnegie Mellon University,Computer Science,2007
zellunit,Carnegie Mellon University,Entrepreneurship,2008
zenorocha,Federal University of the State of Rio de Janeiro,Information Systems,2013
zerzar,Harvard University,Finance,2018
zerzar,University of Toronto,Computer Engineering,2014
zgarman,Virginia Tech,Mechanical Engineering,2014
zhicong,"University of California, Berkeley",Electrical Engineering And Computer Science,2016
zhikangwang,Northwestern Polytechnical University,Thermal Energy And Power Engineering,2016
zhl223,Stanford University,Chemistry,2019
zhl223,"University of California, Santa Barbara",Biochemistry And Molecular Biology,2019
zhongjen000,Harvard University,Mathematics,2019
zhoulijoe,"University of California, Berkeley","Electrical Engineering, Computer Science",2008
zhuyxn,"University of California, Berkeley",Computer Science,2015
zinssmeister,Chamber of Commerce and Industry of Germany,Software Engineering Computer Sciences,2004
zinssmeister,Universität Trier,Computer Science,2010
zitarashyam,California Institute of Technology,Electrical Engineering,2012
ziyadparekh,Cornell University,Mathematics And Economics,2013
zk,University of Chicago,Computer Science And Statistics,2019
zlwaterfield,University of Waterloo,Computer Engineering,2018
zmccormick7,The University of Tennessee Knoxville,Applied Mathematics,2016
zobione,Arts & Metiers ParisTech,Engineering,2012
zobione,Grenoble Ecole de Management,It,2013
zoete,University of Bristol,"Politics, Economics And Philosophy",2003
zohaibr,The University of Texas at Austin,Finance,2006
zreitano,Columbia University,Economics And Creative Writing,2013
zsalim,Harrison Metal,"General Management, Finance And Business Leadership",2015
zsalim,Stanford University,Technology Entrepreneurship,2012
zsalim,University of Michigan,Computer Engineering,2008
zswaff,Stanford University,"Computer Science, Artificial Intelligence Specialization",2017
zswzs,"University of California, Berkeley",Applied Mathematics,2019
zt,Brown University,Applied Math,2009
zt,New York University,Public And Nonprofit Management,2012
zurfer,Duale Hochschule Baden-Württemberg,Computer Science,2015
zurfer,Griffith College Dublin,Computer Science,2015
zurfer,IE Business School,(top 5%),2017
zwarejoncas,Saint Paul Central High School,High School/secondary Diplomas And Certificates,2013
zwarejoncas,St. Olaf College,Biology,2017
zxela,Carleton University,Law,2013
zxela,Lighthouse Labs,Web Development,2018
zxie,"University of California, Berkeley",Electrical Engineering And Computer Sciences,2013
zyro,"Queen Mary, U. of London",Computer Science,2010
zzwitz,Minerva University,Computer Science,2019
0505gonzalez,American Indian Public High School,,2009
10by10,Y Combinator,,2017
10minsquad,Syracuse University,,2013
15mariams,The Harker School,,2015
67mohamed,Columbia University,,2019
747ab,Nichols School,,1996
8en,Yale University,,2003
99minutos,Vista hermosa,,2007
AMIETHKUMAR,Y Combinator,,2021
Adam_MacEachern,Bishop MacDonnell Catholic High School,,2014
Adam_MacEachern,Y Combinator,,2021
Agustinovillo,Universidad Católica de Córdoba,,2020
AlaBattal,Aleppo University,,2011
AlaBattal,Startup School Online,,2019
Alessandra2017,London School of Economics and Political Science,,2015
Alex-Kilobaser,Karl-Franzens-Universität Graz,,2008
AlexNeskin,Y Combinator,,2016
AllanFischMB,Y Combinator,,2021
Allotrope1,Spruce Creek High School,,2000
Amaresh,University College London,,2011
AngelaHoover,Peak to Peak Charter School,,2016
Ankitkhandelwal,IIT Delhi,,2010
AnnaPerdrix,Universitat de Barcelona,,2014
Anuraagy,Thomas Jefferson High School for Science and Technology,,2016
Arctic_fly,Issaquah High School,,2016
ArjunDixit,Carnegie Mellon University,,2026
ArjunDixit,The Harker School,,2022
Arthus_DSC,"Prepa Sainte-Genevieve, France",,2012
Arturdpay,Y Combinator,,2021
AsafAmit-AD,Y Combinator,,2022
Ashishbajaj8,University of Michigan,,2017
Asseta,Newton South High School,,2007
AxelR,"University of California, Irvine",,2017
BL75,ENC Bessières,,2012
BasouKazuma,San Francisco State University,,2016
Benaas2,Panevezys musical school,,2011
Benaas2,Y Combinator,,2021
BharathVarma,Y Combinator,,2020
Biancajcp,Y Combinator,,2021
Bikanta,Southside High School,,2002
Bikanta2,University of Oxford,,2004
Blanca0110,Instituto Tecnológico Autónomo de México,,2007
Blanca0110,Tecnológico de Monterrey,,2014
Blissway,Stanford University,,2013
Bradosaur,Louis Pasteur School of Inquiry and Law,,2000
Bradosaur,Stuyvesant High School,,2004
BrandanUC,Arizona State University,,2012
Brushfire,Kauffman Fellows,,2015
BuzzVastly,Stanford University Graduate School of Business,,2024
CB_Therapeutics,"University of California, San Diego",,2016
ChrisFinneral,Rainham Mark Grammar School,,2005
Christian_Kohrs,LUISS Guido Carli University,,2019
Christina_Czap,Y Combinator,,2021
Christlie,London School Of Public Relations - Jakarta,,2016
Cosmas17,University of Minnesota,,2018
CrunchyJams,Millburn High School,,2005
CyberChris90210,University of Western Ontario,,2007
Cyleux,Gunn High School,,2017
DKuhn,Erweitere Realschule Völklingen I,,2004
DTE,University of Michigan,,2014
DTE,University of North Carolina at Chapel Hill,,2009
DavidFerris,Crescent School,,2014
EMDR-VR,College Rolduc,,2006
Echin6,Groton School,,1999
Eladf87,Tel Aviv University,,2018
ElenaPonte,McGill University,,2012
ElenaPonte,University of Ottawa Law,,2015
ElhamIslam,Victoria Park Collegiate Institute,,2020
Eluan,Y Combinator,,2021
Emilioantun,Universidad Anáhuac México,,2020
EndpointVC,Cornell University,,2009
Enelu,Ecole polytechnique,,2020
Enelu,HEC Paris,,2020
EthanSutin,Creative Destruction Lab,,2018
EthanSutin,University of Missouri,,2003
EthanSutin,University of Virginia,,2007
FSchmidberger,Y Combinator,,2022
Felipese,Novancia Business School,,2012
Folcon,University of Leicester,,2010
G2H,Ecole supérieure des Sciences commerciales d'Angers,,2010
Gal_Aharon,Y Combinator,,2022
GarrettBeck,Tesoro High School,,2006
Gbox4,Iolani School,,2022
GeorgyM,Y Combinator,,2021
Geromaspero,Wyoming Seminary College Preparatory School,,2015
GregVol,Harvard Law School,,2024
Guzba,University of Wisconsin,,2011
HFrank,Università Commerciale 'Luigi Bocconi',,2010
HFrank,Y Combinator,,2021
HammadB,Granite Bay High School,,2013
Hannah_OWID,The University of Edinburgh,,2015
HeatherBrundage,Sea Education Association,,2004
Hendrik_VH,City University of Hong Kong,,2018
Hendriwijaya,Indonesian State College of Accountancy,,2016
Hoya,Kelly school of business(Indiana University),,2023
Hydrick3232,University of Utah,,2004
IfeanyiOkonkwo,The University of Salford,,2008
IgnacioJ,Y Combinator,,2021
Innovein,Menlo School,,2007
Innovein,Northwestern University,,2011
Innovein,"University of California, San Francisco",,2015
InsightX,Stanford University Graduate School of Business,,2016
InsightX,Stanford University School of Medicine,,2016
IsmaelBelghiti,Collège Jean-Baptiste Say,,2006
IsmaelBelghiti,HEC Paris,,2016
IsmaelBelghiti,Lycée Louis-le-Grand,,2011
JLAI913,Emory University,,2009
JMiao,University of Southern California,,2007
JacobHess,AngelPad,,2016
Jasminhume,Stuyvesant High School,,2002
Jenatsoteriskin,Cornell University - Johnson Graduate School of Management,,2021
Jenatsoteriskin,"University of California, Berkeley",,2012
Jennifferre,Y Combinator,,2021
JeremyPOsborne,Y Combinator,,2019
JesseJumpcut,California State University,,2011
Jessee98,Universitat Pompeu Fabra,,2019
JohnAndrz,St. Francis High School,,2021
Jon_Yoo,Dartmouth College,,2017
JulianRC,Thiel Fellowship,,2018
Juliomartinez,IESE Business School,,2011
Juliomartinez,Stanford University Graduate School of Business,,2018
Jvysoky,Charles University in Prague,,2009
Jvysoky,"Gymnazium, Roudnice nad Labem",,2002
KaisBaillargeon,St. Paul's School,,2015
KalamHarshit,"Sheiling House School, Kanpur",,2017
KentonJarvie,Y Combinator,,2020
KhushbooQC,Y Combinator,,2019
Kshroff,University of Toronto,,2011
Kykeon,Y Combinator,,2021
LBorchardt,Universidad de San Andrés,,2013
LGKhasin,Y Combinator,,2020
LSK-Livia,Y Combinator,,2020
LevoMX,"The Wharton School, University of Pennsylvania",,2018
Liza_Velarde,Tecnológico de Monterrey,,2014
Liza_Velarde,"University of California, Berkeley, Haas School of Business",,2012
Liza_Velarde,Y Combinator,,2017
Loonify,"University of California, Berkeley, Haas School of Business",,2016
LouisMutricy,HEC Paris,,2019
Luissia,University of the Philippines Diliman,,2013
MStevensAU,Bond University,,2013
MStevensAU,CPA Australia,,2015
MVeitinger,Y Combinator,,2020
MagnusNM,Gunter High School,,2013
MagnusNM,HTX Skive,,2016
MagnusNM,Sorø Akademi,,2016
MagnusNM,Y Combinator,,2021
MahyadGhassemi,Startup School Online,,2019
MahyadGhassemi,Y Combinator,,2021
Malte_D,Christian-Albrechts-Universität zu Kiel,,2018
Malte_D,Kiel University,,2018
ManvirS,Y Combinator,,2022
MarcelSchmid,Hasso Plattner Institute,,2019
MartinBittner,The University of Freiburg,,2014
MartinBittner,"The Wharton School, University of Pennsylvania",,2025
MattReeves,Queen's School of Business,,2015
MattiaPelissou,Lycée Sainte-Geneviève,,2016
MaxPGreenwald,Princeton University,,2017
MikeAlvarado,Tecnológico de Monterrey,,2019
Mikeevillareal,PAREF Rosehill,,2012
Mikeevillareal,University of Asia and the Pacific,,2016
Milad222,"University of California, Irvine",,2016
MlakarMiha,Škofja Loka Gymnasium,,2005
Moufeed,University of Waterloo,,2015
MoustafaEid,"Arab Academy for Science, Technology and Maritime Transport",,2007
NMannowetz,Hohenstaufen Gymnasium GERMANY,,1994
NOrnitz,Harvard Business School,,2019
NabilOud,INSEAD,,2016
NicoWaterPlan,ORT Argentina,,2006
NicoWaterPlan,Y Combinator,,2021
Nicodonofrio,Instituto Tecnológico de Buenos Aires,,2019
Nik10,IIT Bombay,,2017
Nimble2017,Cornell University,,2010
Nirali_Feige,Y Combinator,,2021
NormanM,CENTRO diseño | cine | televisión,,2011
NormanM,The American School Foundation of Guadalajara,,2004
Nupur,University of Southern California,,2016
OlgaVidisheva,Harvard Business School,,2011
OlgaVidisheva,Wellesley College,,2007
PBishop,Virginia Tech,,2011
PZYXIAN2,stephen leacock,,2005
Pabloorlando,Hult International Business School,,2012
PameVls,Colegio Francés del Pedregal,,2012
Pasito,Vanderbilt University,,2012
Patrickskelly24,University of Michigan,,2019
Qhmckenna,Y Combinator,,2021
RafaelTejeda,The University of Texas at Austin - Red McCombs School of Business and CIMAV,,2010
Ramiro,Tecnologico de Monterrey,,2007
Raoufyousfi,Imperial College London,,2017
RaymundoGzzLeal,International Baccalaureate,,2015
RaymundoGzzLeal,Prepa Tec Monterrey,,2015
Rchoy,Lycee Pierre de Fermat,,2011
Riphyak,Lviv Academic Gymnasium,,2001
RomyLynch,Mount Anville Secondary School,,2013
Rushil,Aayojan School of Architecture,,2019
RyanAmos,Ohio State University,,2009
Ryan_Marien,Marianopolis College,,2003
SRM,Acceleprise,,2014
Santidebedout,Roswell High School,,2009
Saru,Y Combinator,,2021
Sebastianarrow,Y Combinator,,2021
Shahdee,Flat6Labs Abu Dhabi,,2015
Shahdee,K-StartUp Grand Challenge,,2016
Shahdee,Start-Up Chile,,2018
Shevy123,Penn State University,,2019
Shyam_FinKu,University of Cambridge,,2018
Simonga25,BYU,,2020
Skeletor,Stuyvesant High School,,1998
Skeletor,Y Combinator,,2012
Skrypt,DreamIt Ventures,,2014
SohanChoudhury,Fairfield Warde High School,,2017
StaceyLi123,Bedford High School,,2009
Suvitruf,Flat6Labs Abu Dhabi,,2015
Suvitruf,K-Startup Grand Challenge 2016,,2016
Suvitruf,Start-Up Chile,,2017
Suvitruf,Ухтинский Государственный Технический Университет / Ukhta State Technical University,,2011
SvenAl,Founder Institute,,2013
SvenAl,Y Combinator,,2021
Synvaccine,"UC Irvine
Paul Merage Business School program for entrepreneurs",,2014
Synvivia,Universidad de Costa Rica,,2007
Synvivia,"University of California, San Francisco",,2015
TanmaayK,Apeejay School,,2020
Terhorst,University of Washington,,2006
Terhorst,Yakima Valley Community College,,2004
TomNguy,EPITECH,,2016
TomNguy,EPITECH - European Institute of Technology,,2016
TomasCamposRuuf,Pontificia Universidad Católica de Chile,,2015
TomasCamposRuuf,"University of California, Berkeley",,2022
Tommytsai1,Fox Chapel Area High School,,2020
Tonje,Y Combinator,,2022
Torstar13,Tufts University School of Medicine,,2019
TravisEzi,Penn State University,,2013
Tushariitd,Kendriya Vidyalaya,,2009
Undertow10,University of New Orleans,,2005
Uzo0312,Columbia Business School,,2013
Uzo0312,Columbia University,,2006
UzomaAmeelio,Yale Law School,,2022
UzomaAmeelio,Yale School of Management,,2022
ValueClear,Esade,,2020
Valuu,Gordon College,,2013
Vipanchi,Amity International School,,2013
VirgileFiszman,Ningbo University,,2020
Vooshtech,IIT Guwahati,,2013
VrindaGupta,"University of California, Berkeley, Haas School of Business",,2020
YCPSWD99,Huron High School,,2017
Yearend,California Board of Accountancy,,2016
Yee11,Tecnológico de Monterrey,,2015
Yertis,Harvard Business School,,2017
Yertis,Staples High School,,2008
Yisz,Harvard Business School,,2023
YukiWK,Universidade de São Paulo (USP),,2018
ZMcKinney,Chadwick,,2003
ZachMacKap,Foothill College,,2016
ZachMacKap,Sacred Heart Preparatory Atherton,,2012
ZackGray,Horace Mann High School,,2007
__sy__,Stanford University,,2012
a_davis,Stanford University Graduate School of Business,,2009
a_reddy,Y Combinator,,2022
a_sayana,Bellarmine College Preparatory,,2016
a_sayana,Stanford University,,2020
aadvani,University of Georgia,,2007
aagr,St. Columba's School,,2008
aakhil,Tuck School of Business at Dartmouth,,2008
aartitaali,Dhirubhai Ambani International School,,2007
aartitaali,Harvard Business School,,2017
aartitaali,J. B. Petit High School,,2005
aartitaali,University of Pennsylvania,,2011
abaikovitz,Carnegie Mellon University's College of Engineering,,2019
abaikovitz,"Carnegie Mellon University, School of Computer Science",,2021
abali,Pierre Elliott Trudeau High School,,2006
abdullahbak,Y Combinator,,2023
abelr,"Waseda University, Tokyo",,2017
abelsm,Manchester University,,2011
abhiarora7,"University of California, Berkeley",,2015
abhiarora7,University of Cambridge,,2019
abhikp,Lynbrook High School,,2002
abhimonk,"Jawahar Navodaya Vidyalaya, Birauli, Samastipur",,2009
abhinayp,Y Combinator,,2020
abhishekm10,"ST. Joseph's Convent School, Pathankot",,2006
abhisiv,Interlake High School,,2016
aboris26,Crescent School,,2003
aboris26,Strathcona,,1999
aburton,Gordonstoun School,,1990
acbernardes,Colégio Bandeirantes,,2006
adamhooper,Commercial Real Estate,,2008
adamhooper,Penn State University,,2003
adamsharf,Harvard Law School,,2023
adamsharf,The Heiden Institute of Jerusalem,,2019
adamsharf,University of Oregon,,2017
adbrebs,CentraleSupelec,,2013
addcn,Great Valley High School,,2012
addorai,Monta Vista High School,,2009
adenabauer,Acalanes High School,,2013
adeyinka,Garden Institute of Business and Entrepreneurship,,2014
adhsu01,Stanford University,,2012
adi_agarwalla,"Delhi Public School, R.K.Puram, New Delhi",,2012
adi_agarwalla,"St. James' School, Kolkata",,2005
adilmajid,Carnegie Mellon University,,2015
adityaph,INSEAD,,2015
admanrs,Northern Virginia Community College,,2004
aeduardoac,IPADE Business School,,2016
aefeuer,North Hollywood High School,,2009
afeiszli,University of Rochester,,2015
agajews,Columbia University,,2021
agustinf,Universitat Politècnica de Catalunya,,2004
ahaidar,Harvard University Kennedy School of Government,,2021
ahaidar,Stanford University Graduate School of Business,,2021
ahanabanerjee,United World College South East Asia,,2017
ahmedomar701,Y Combinator,,2021
ahoff,University of North Carolina at Chapel Hill,,2002
ahueniken,Chatham Kent Secondary School,,2010
aidanjporter,University of Brighton,,2014
aizatrahim,Stanford University,,2017
aizatrahim,"The Wharton School, University of Pennsylvania",,2017
ajinkyamalasane,Abasaheb Garware Science College,,2009
ajinkyamalasane,"Indian Institute of Technology, Guwahati",,2013
ajm5338,Y Combinator,,2021
ajnene,Lynbrook High School,,2016
ajunge,Colegio AlemÃ¡n de Santiago,,1989
ajunge,Colegio Alemán de Santiago,,1989
ajunge,Colegio Suizo de Santiago,,1992
ak2399,Cornell University,,2018
akash88,Delhi Public School - R. K. Puram,,2005
akash88,"Indian Institute of Management, Ahmedabad",,2012
akash_koshex,Loyola School Jamshedpur,,2009
akash_koshex,Shri Ram College of Commerce,,2012
akashraju1998,Thomas Jefferson High School for Science and Technology,,2016
akaufman05,New York University,,2009
akbar123,Massachusetts Institute of Technology,,2009
akilian,Plano West Senior High School,,2009
akircher,Harvard Business School,,2011
akl01,"Campion School, Bhopal",,2009
akl01,IIT Kharagpur,,2013
akurland,University Of Maryland,,2007
alainmeier,Zurich International School,,2012
alankar111,DAV Public School,,2009
alankar111,St. Anselms School,,2007
aleeshajohn,Mahatma Gandhi University,,2016
alejandrolozano,Bachillerato Ánahuac de Monterrey,,2015
alejandrolozano,Instituto Irlandés de Monterrey,,2012
alejandrolozano,The Hong Kong University of Science and Technology,,2017
alejandropozo,Boston College,,2013
alejandropozo,Colegio Menor,,2009
alejoverlini,Lycée Français Jean Mermoz,,2002
alemcd,Graded School of São Paulo,,2013
alemcd,Y Combinator,,2021
alexalgabio,University of Michigan,,2018
alexandermeek1,Salisbury School,,2003
alexandermeek1,Y Combinator,,2021
alexawahr,Harvard Business School,,2016
alexclapp,"The Wharton School, University of Pennsylvania",,2018
alexhakim,Colegio Nueva Granada,,2013
alexhakim,Colegio de Estudios Superiores de Administración - CESA,,2018
alexkilkka,Duke University,,2011
alexkwan10,UCLA Anderson School of Management,,2016
alexlee611,Columbia University,,2019
alexlin,Lynbrook High School,,2009
alexnaoumidis,Brighton Secondary College,,2013
alexshortt,Bellarmine College Preparatory,,2018
alexshortt,"University of California, Santa Barbara",,2021
alexsolo,University of Waterloo,,2006
alexsrand,Massachusetts Institute of Technology,,2015
alexwg,Great Neck South High School,,1999
alezec,Universidad Argentina de la Empresa (UADE),,2013
alferrante,Y Combinator,,2021
alhill435,Georgetown University,,2016
ali_wetrill,Harvard Business School,,2023
ali_wetrill,Sidwell Friends School,,2015
alicemelocchi,"Liceo Classico ""Paolo Sarpi""",,2005
alicexzhang,Thomas Jefferson High School for Science and Technology,,2006
alihcevik,Ankara Atatürk Lisesi,,2007
alisonjohnston,Stanford University,,2009
alisynm,Indiana University,,2017
alizhd,Mississauga Secondary School,,2011
allangrant,Georgia Institute of Technology,,2006
allantyoung,College of San Mateo,,2002
allantyoung,Harvard Law School,,2003
allforJesse,"University of California, Berkeley",,2017
alobie,The University of Auckland,,2019
alonsoGM,Universidad Panamericana,,2019
alstonl,University of Waterloo,,2020
alusor,Universidad de Guadalajara,,2017
alusor,Y Combinator,,2021
alvarocorrea,The University of Hong Kong,,2016
alvarocorrea,Universida de Navarra,,2017
alxndrmlr,University of Waterloo,,2011
alyang,Harvard Business School,,2020
alyssaatkins,University of Toronto,,2013
alyssaatkins,University of Windsor,,2013
amaleprade,Lycée Louis de Broglie,,2010
amaleprade,École Normale Supérieure Paris,,2016
amaleprade,École Normale Supérieure Paris-Saclay,,2014
amangotchu,Klein Oak High School,,2015
amayans,Davidson College,,2019
amberzyper,Benenden,,2009
amcaskill,Queen's University,,2012
amitsy,IIT Bombay,,2015
amosgewirtz,University of Chicago,,2016
amritr,McMaster University,,2015
anamlakhani_,Columbia University,,2019
ancanaliving,The University of Texas,,2012
andrebrov,Samara International Aerospace Lyceum,,2005
andrejpaule,Columbia University,,2019
andrejpaule,Corvinus University of Budapest,,2014
andresmomento,London School of Economics and Political Science,,2016
andresmomento,St Paul's School,,2014
andresq,The University of Texas,,2010
andrewwalker,St. Michaels College School,,2009
andyjsong,Y Combinator,,2016
andylee024,The Webb Schools,,2011
aneeqdhk,"Delhi Private School, Sharjah",,2011
aneeqdhk,Hansraj Morarji Public School,,2003
aneudecker,Bonita Vista HS,,2001
ang,Designerfund,,2014
ange14,Pleasantville High School,,2010
anikaz,Cypress Ranch High School,,2014
ankitdce,Y Combinator,,2021
anmolarora,S.M.P. School,,2010
annajeteraoa,Boston University,,2012
anoop0773,"National Institute of Technology, Jamshedpur",,2018
ans4175,SMAN 1 Cirebon,,2009
anselparikh,Moravian Academy,,2009
anselparikh,New York University Shanghai,,2011
anselparikh,Y Combinator,,2020
anson,New England Conservatory of Music,,2000
answerly,San Diego State University,,1999
anta81,Indian Institute of Management Ahmedabad,,2005
anteloper,Deerfield Academy,,2015
anthonycrivolio,Conant High School,,2010
antoinec,Stellenbosch University,,2012
antoinec,University of Stellenbosch,,2012
antonckoenig,Newton North High School,,2020
antonsv,Y Combinator,,2020
anubhavmalik,Guru Gobind Singh Indraprastha University,,2019
anujgupta95,Guru Gobind Singh Indraprastha University,,2017
anuraagjain,Carnegie Mellon University,,2012
anuraagn,Stanford University Graduate School of Business,,2019
anurag2006,Summer fields school,,2001
anuragbhatt,"Indian Institute of Management, Ahmedabad",,2012
anvisha,Dhirubhai Ambani International School,,2010
aparnadhinak,Harvard Business School Executive Education,,2018
apoorva_s,IIT Delhi,,2001
apoorva_s,"University of California, Berkeley, Haas School of Business",,2009
apulkit6,Stanford University Graduate School of Business,,2020
apurvgpt,"Indian Institute of Technology (Indian School of Mines), Dhanbad",,2010
aranibatta,Mira Costa High School,,2014
arashf,Massachusetts Institute of Technology,,2007
arbass,Harvard Business School,,2024
architgupta,Delhi Public School - R. K. Puram,,2002
arctech,Stanford University Graduate School of Business,,2021
ardakara,Robert College,,2007
areddyyt,Detroit Country Day High School,,2022
aresecson,Duke University,,2010
arfrank,Techstars,,2014
arfrank,University of Canterbury,,2007
arjunpatel1026,Reforge,,2019
arkieve,IESE Business School,,2012
armandobiondi,Y Combinator,,2021
arnavjoshi21,The Harker School,,2020
aroradivyang,Harvard Business School,,2018
arpit_agarwal,PES University,,2017
artag,Y Combinator,,2018
artem001,Acceleprise,,2019
artem001,Alchemist,,2019
artem001,Toastmasters,,2016
artfuldodger,Beijing Language and Culture University,,2007
artfuldodger,Fudan University,,2008
arunsaigal1,Phillips Academy,,2009
asamil,Self-taught,,2024
aschkan,Università degli Studi di Roma 'La Sapienza',,2003
ashbyf,Wesleyan School,,2007
ashrhazaly,The University of Queensland,,2015
ashur,Georgetown Prep,,2015
aswihart,University of Oxford,,2005
aswinsa,London Business School,,2014
aswinsa,MIT Sloan School of Management,,2013
atifjaved,Stanford Continuing Studies,,2016
atlaschen,Ort Singalovski,,2005
audreydjiya,Stanford University Graduate School of Business,,2023
avedder,Harvard Business School,,2010
aviswanathan,Hebron High School,,2012
awaaz,Birla Vidya Niketan,,1999
awagacha,Stanford University Graduate School of Business,,2018
awagacha,Strathmore University,,2014
awayenberg,StartX,,2017
awfycooper,Speyside High School,,2006
ayalyogev,"University of California, Berkeley",,2014
ayoarikawe,Caleb International College,,2008
ayoarikawe,St Thomas Secondary School Kano,,2004
ayoarikawe,University Of Maryland,,2015
ayoarikawe,University of Lagos,,2016
ayoarikawe,"University of Maryland, College Park",,2015
aytida77,DAV Public School,,2010
aytida77,St. Karen's High School,,2008
ayushajain,Cupertino High School,,2017
azizkag,Asrary High School,,2010
azymnis,Athens College,,2000
babyazn_22,Dublin Jerome High School,,2011
bahmslap,Loyola University Chicago,,2013
balazs,University of South Florida,,2016
bandhunt,Southern Methodist University,,2004
bandhunt,Stanford University,,2011
barbaralolive,"National University of Ireland, Galway",,2018
barbaralolive,Universidade Nova de Lisboa,,2012
bblcla,Princeton University,,2018
bcx,Thomas Jefferson High School for Science and Technology,,2001
bdavidalbers,The Webb Schools,,2016
bdon,"University of California, Berkeley",,2011
bdr,University School of Nashville,,2002
becchapin,Sustainable Building Advisor Institute,,2012
bellttyler,The College of William and Mary,,2018
belly91,Phoenix Country Day School,,2009
benjaminbalazs,Shafston International College,,2008
benjaminf,Harvard University Kennedy School of Government,,2017
benjaminf,Stanford University Graduate School of Business,,2017
benjaminha14,Bellarmine College Preparatory,,2018
benjaminlavin,Bev Facey Community High School,,2010
bennisham,Imperial College London,,2016
bentamin,Columbia University,,2015
benz,Amherst College,,2003
berkcebi,Lycée Saint Joseph,,2005
berkeleysteven,"Stanford University, Graduate School of Business",,2016
berkeleysteven,"UC Berekeley, Haas School of Business",,2014
berreis,Federal University of Ouro Preto,,2017
bfaviero,Boca Raton Community High School,,2011
bfirsh,University Of Warwick,,2011
bhandoko,Alibaba eFounders Fellowship,,2018
bherila,Delbarton School,,2007
bifrost,Drew CPS,,1996
bifrost,"University of California, Santa Cruz",,1997
binkert,Y Combinator,,2012
bircherr,University of Rochester,,2007
birmacher,Budapest University of Technology and Economics,,2012
bjones53,The University of Western Ontario,,2011
bk_mtn_man,University of Arizona,,1999
bkkilaru,Harvard Business School,,2015
bkkilaru,Illinois Mathematics and Science Academy,,2007
bkolko,Oberlin College,,1989
blahblahyaya,Maryville College,,1979
blakemeulmester,Harvard University,,2016
blakemeulmester,Massachusetts Institute of Technology,,2016
blakemeulmester,University of North Carolina,,2009
bluestreak,Y Combinator,,2020
bmcclinton,Harvard Business School,,2014
bmur,"University of California, Los Angeles",,2008
bobcatslayer,Phillips Exeter Academy,,2009
borna,Milton Academy,,1999
boxbag,Wootton High School,,2010
boyd,Dartmouth College,,2008
bpirtle,Turlock High School,,2002
bpirtle,"University of California, Davis",,2010
brendanfalk,Canberra Grammar School,,2015
brendanfalk,Sydney Grammar School,,2010
brendanib,Albany High School,,2005
brentnewhouse,Stanford University Graduate School of Business,,2014
brettcvz,Los Gatos High School,,2008
brian_krejcarek,University of Illinois Urbana-Champaign,,1999
brianforde,London Business School,,2012
brianforde,Tustin High School,,1998
brianforde,"University of California, Los Angeles",,2002
brianjohnpark,San Francisco University High School,,2008
brianliou91,Y-Combinator,,2015
brianmaurer,Peking University,,2012
brianmaurer,Santa Margarita Catholic High School,,2010
brianmaurer,Stanford University,,2017
briones22,Harvard University,,2020
briones22,Massachusetts Institute of Technology,,2010
briones22,Y Combinator,,2021
brp22,University of Oxford,,2016
brsbilgic,İzmir Fen Lisesi,,2006
bruno_,CIEAM,,2012
bruno_supercool,Phillips Exeter Academy,,2014
brunolucas04,MIT Sloan School of Management,,2019
brunolucas04,Y Combinator,,2019
bspringwater,San Francisco University High School,,2004
bstanfield15,Saint Mary's College High School,,2015
bt41,California University,,2005
btittelbach,Military Service,,2000
bukinoshita,CodeSchool,,2015
bukinoshita,MongoDB University,,2015
bukinoshita,"University of California, San Diego",,2015
bulkmro,Campion School,,1998
bulkmro,The Asheville School,,2000
bwallach,Georgetown University Law Center,,2007
bwhang625,"University of California, San Diego",,2017
cafish,The University of Texas Southwestern Medical School,,2012
cafish,University of Washington School of Medicine,,2009
caitlin_leksana,Harvard Business School,,2022
calaniz,Texas A&M University,,2002
calebcross,River Hill High School,,2017
cambioai,Stanford University,,2022
camerony,"University of California, Santa Barbara",,1995
camilosanchez88,Harvard Business School Online,,2019
camilosanchez88,Universidad de Los Andes,,2016
caoxuwen,Raffles Institution,,2007
carissacastro,University of Nebraska-Lincoln,,2008
carlcervone,Columbia University,,2016
carlosmunily,Southern Methodist University,,2016
carlostrevino,The University of Texas at Austin,,2018
carlywp,"The Wharton School, University of Pennsylvania",,2021
casenjo,Santiago College,,2002
catch23,Georgia Institute of Technology,,2001
catdenis,Harvard University Kennedy School of Government,,2014
catdenis,University of Waterloo,,2009
caublestone,Thomas Jefferson High School for Science and Technology,,2010
caydian,Indiana University School of Medicine,,2009
ccheever,Shady Side Academy,,1999
cdevine1,Yale University,,2018
cdturns,Chaparral High School,,2005
ceciliagonzalez,Fashion Institute of Design and Merchandising,,2016
ceelee,Brophy College Preparatory,,2000
cfield,University of Pennsylvania Law School,,2005
cgrinbergs,Universidad de Chile,,2018
chandlercraig,Oakwood Secondary School,,2008
chaos5k,Stanford University School of Medicine,,2011
chiaramcphee,Stanford University Graduate School of Business,,2013
chine,Milton Academy,,2011
chiomapayhippo,"Institute d'Etudes Politique, Paris, France",,2015
chiragm,The University of Chicago Booth School of Business,,2023
chiragm,"University of California, Berkeley",,2014
chris-devtools,Y Combinator,,2022
chriscave,Proctor Academy,,2003
chrisnaoumidis,Melbourne High School,,2015
christianwhite,Michigan State University,,2016
christoffern123,Virum Gymnasium,,2014
christoffern123,Virum Skole,,2010
christophepas,USP,,2012
chrysb,Boston University,,2004
chunsli,Luther College High School,,2006
chunsli,Ying Wa College,,2003
chuvpilo,CFA Institute,,2009
cicekser,Üsküdar Amerikan Lisesi / Üsküdar American Academy,,2012
cierre,Harvard University,,2018
cj,"Techstars, Y Combinator",,2015
cjwinch,Harvard Business School,,2020
ckindl,University of St. Gallen (HSG),,2019
clairethere,Leaders In Tech,,2019
clementbruneau,Intégrale,,2009
clementbruneau,Lycée Saint Louis de Gonzague,,2004
clementbruneau,"Lycée français Vincent Van Gogh, The Hague, the Netherlands",,2007
clementbruneau,Y Combinator,,2022
clementinej,Stanford University,,2014
cloudfalcon,Claremont McKenna College,,2014
cloudfalcon,St Georges (Vancouver),,2011
cmager,Cornell University,,2009
cmager,Culinary Institute of America,,2007
cmager,Harvard Business School,,2015
cmager,Northwestern University,,2005
codypilot,University of Illinois Urbana-Champaign,,2016
coffeebite,Stanford University,,2007
cogunwole,Harvard Business School,,2019
cogunwole,Harvard University Kennedy School of Government,,2019
colemanoates,Y Combinator,,2023
collision,Harvard College,,2010
connor_bidsight,Y Combinator,,2023
conradchan1,Lynbrook High School,,2009
correliabio,"University of California, Berkeley",,2012
costcertified,University of Calgary,,2002
cpihl,The Cleantech Open,,2013
cpodlaski,Homestead Highschool,,2013
craigcannon,New York University,,2011
crrashby,All Saints Catholic High School,,2008
cschreiber,Stanford University,,2018
csmajorfive,The Harker School,,2003
cspa,John A. Rowland High School,,2000
cspence,Stanford University Graduate School of Business,,2013
ctas,Y Combinator,,2021
cteng04,Saratoga High School,,2004
cteng04,"University of California, Berkeley",,2008
cturitzin,Y Combinator,,2015
cusackw,NorthPointe Christian,,2011
cusackw,The Island School,,2010
cvander,Harvard Business School Executive Education,,2018
cvander,INSEAD,,2019
cvander,Stanford University Graduate School of Business,,2017
cvander,Universidad Francisco Marroquín,,2005
cweill,Y Combinator,,2033
cyang08,Miramonte High School,,2004
dadiomov,Redmond High School,,2003
dahmakanChris,HKUST Business School,,2012
dahmakanjess,University College London,,2008
dahmakanjess,University of New South Wales,,2011
damills62,Montana State University-Bozeman,,1982
dan_barabander,Georgetown University Law Center,,2021
dan_barabander,The University of Manchester,,2011
dangoodmanUT,Wilmington Friends School,,2017
daniel_levine,Yale University,,2009
danielakle,Instituto Tecnologico Autonomo de Mexico (ITAM),,2012
danielakle,Stanford University Graduate School of Business,,2018
danielcitron,Harvard University,,2016
danielmazur,"Auburn University, Samuel Ginn College of Engineering",,2021
danilosapad,Y Combinator,,2022
danmaas,Stanford University Graduate School of Business,,2011
dannycastonguay,Massachusetts Institute of Technology,,2013
danpl,Bergen Catholic High School,,2008
daredia,"The Wharton School, University of Pennsylvania",,2006
darraghmckay,Presentation College Bray,,2013
darraghmckay,"Trinity College, Dublin",,2018
darshitac_,IIT Kharagpur,,2017
darshitac_,MIT Sloan School of Management,,2021
dartland,Dartmouth College,,2008
davej,Munster Technical University,,2008
david_t,Tel-Aviv University Secondary School,,2001
davidbrowning,Yale University,,1999
daviddicko,CFA Institute,,2013
davidgreenstein,"The Wharton School, University of Pennsylvania",,2017
davidgreenstein,University of Pennsylvania,,2017
davidhegarty,Northwestern University,,2007
davidpervan,"International Grammar School, Sydney, Australia",,2008
davissp14,YCombinator S11,,2011
davj,Dev Bootcamp,,2012
dawalker,Buena High School,,2020
dayan,Arts High School 190,,2008
dayan,Y Combinator,,2021
dayjah,Kingsbury High School,,2000
dbburton,Harvard Business School,,2013
dbklein6,Harvard Business School,,2020
dbladow,University of San Diego,,2005
dbladow,University of the Sunshine Coast,,2006
dbreezee,Brigham Young University,,2006
dbrush,Romulus High School,,2000
dconrad,Yale University,,2004
dcottrell,McGill University,,2015
deepnotderp,Thiel Fellowship,,2018
delewis,William Penn Charter School,,2003
demetriusg,Madisonville North Hopkins HS,,2006
dereckwpaul,"University of California, San Francisco",,2021
derekchan,Queen's College,,2004
derekwaynehall,Corona del Sol H.S.,,2004
derekwaynehall,Y Combinator,,2022
detente18,The Cathedral and John Connon School,,2015
detente18,United World College South East Asia,,2017
devangvshah,Campion School,,1998
devangvshah,The Asheville School,,2000
devintm,California State University,,2012
dewaart,The Bishop's School,,2015
dfeehrer,Westford Academy,,2014
dggarcia,Harvard Business School,,2022
dgiffin,Lane Community College,,1995
dgrossman314,Andover High School,,2020
dgurson,Kadıköy Anadolu Lisesi ve Maarif Koleji,,1997
dgurson,"University of California, Berkeley, Haas School of Business",,2019
dhaneshkr,IIT Bombay,,2015
dhash,Y Combinator,,2017
dhruv4912,Thomas Jefferson High School for Science and Technology,,2016
diegorey,Palo Alto High School,,2000
digiace,Mayflower Secondary School,,2000
dimeji,"King's College, Lagos",,2008
dimeji,University of Leeds,,2013
dinkman,Harvard Business School,,2013
dkash,Coaches Training Institute,,2009
dkash,Tilt365 Certification,,2015
dkildishev,Bauman Moscow State Technical University,,2017
dli123,University of Washington,,2018
dligotg,"University of California, Berkeley",,2003
dmarcos,Universidad Politécnica de Madrid,,2005
dmor,Y Combinator,,2012
dmungai,emobilis mobile training institute,,2013
dolftax,Y Combinator,,2020
donpansacola,PAREF Southridge,,2006
dontmitch,Bellarmine College Preparatory,,2007
dpolanski,Y Combinator,,2019
drab,Lycée Vauban,,2003
dragosbulugean,"University of Craiova, Faculty of Automatics, Computers and Electronics",,2011
dragosbulugean,Y Combinator,,2021
drchronokatelyn,Stony Brook University,,2008
dreche,The University of Chicago Booth School of Business,,2009
drew8421,Draper University,,2013
drewdurbin,Brown University,,2008
drewdurbin,The Potomac School,,2004
drpp,Maimonides School,,1996
drpp,Newton North High School,,1998
drvanleeuwen,Jakarta Intercultural School,,2000
dstavisky,Lomonosov Moscow University,,1985
dsuchr39,Lexington High School,,2020
dtft,Cate School,,2010
duschang27,University of Washington,,2008
dwiner,Stanford University,,2019
dwurtz,Oyster Bay High School,,2003
dy,University Laboratory High School,,2000
dylmcfar,Crossroads School for Arts & Sciences,,2022
dzung167,Harvard Business School,,2014
eambutu,Newport High School,,2016
earbitscom,Center High School,,1994
eatbuckshot,"University of Maryland, College Park",,2013
ebakan,Bellarmine College Preparatory,,2012
ebakan,Massachusetts Institute of Technology,,2014
echamussy,Université de Caen Basse Normandie,,1999
ecmax,Ecole Lemania,,1995
ed,Boston University,,2007
eddyp,Stanford University,,2017
eeeugin,Universidad Panamericana Preparatoria,,2015
ehe3,West Windsor-Plainsboro High School North,,2014
ehewage,Robert Gordon's College,,2006
einapuri,Novi High School,,2015
eitanfr,Mamram - Basmah,,2011
ejz,Harvard University,,2015
ekvanox,Lunds tekniska högskola,,2028
elgenio117,Stanford University Graduate School of Business,,2024
elham,Victoria Park Collegiate Institute,,2020
elizabethsdavis,California Academy of Mathematics and Science,,2013
elsadany22,Stanford University Graduate School of Business,,2022
emgeee,Thomas Jefferson High School for Science and Technology,,2009
emielvl,Rijnlands Lyceum Oegstgeest,,1998
emiliebuckley,The Hewitt School,,2004
emmabitz2020,Copenhagen Business School,,2021
emmandev,Martingrove Collegiate Institute,,2007
emotenow,Seven Hills,,2000
emyanghas,Newport High School,,2005
enahomurphy,Glory Highschool,,2010
enzoavigo,University of Wisconsin-Madison,,2015
eperezalonso,Massachusetts Institue of Technology,,2001
eperezalonso,"Universidad Iberoamericana, Ciudad de México",,1995
eprom,Phillips Academy,,2008
ericjswu1,Georgetown University,,2017
erikajensen,Y Combinator,,2016
erlenstar,UC Santa Cruz,,1989
ernestipark,West Windsor-Plainsboro High School North,,2008
esonnier,Management Leadership for Tomorrow,,2012
estebancastano,Stanford University Graduate School of Business,,2018
eswardhinak,"University of California, Berkeley",,2017
etai-flycode,Y Combinator,,2022
etcetc,Arcadia High School,,2013
ethanv,Y Combinator,,2021
ethanyu94,Mark Keppel High School,,2012
ethchang,Claremont McKenna College,,2020
ethchang,Stanford University,,2022
etienn,3iL - Ecole d'ingénieurs en informatique - Limoges / Rodez,,2005
evancharles,Stanford University Graduate School of Business,,2013
evanlimanto,Bina Bangsa School,,2014
evolsb,Norwich Free Academy,,2002
ex3ndr,Saint Petersburg State University,,2017
ezhang37,Phillips Academy Andover,,2009
fabiangomez,Colegio Karl C. Parrish,,2006
fabiolm,Y Combinator,,2021
facio,Stanford University Graduate School of Business,,2019
fagerhult,SAE Stockholm,,2007
fahimf,Bronx High School of Science,,2007
faisalkhalid80,Harvard College,,2002
faisaltoukan,Boston College,,2015
falexwolf,Y Combinator,,2022
fastaubone,Eton College,,1987
fedebenavides,Florida State University,,2018
felman,Startup School Online,,2020
femaleinvest,Copenhagen Business School,,2020
femaleinvest,Y Combinator,,2021
femiadebogun,Franklin High School,,2017
femiadebogun,University Of Maryland,,2017
femiiromini,Stanford University Graduate School of Business,,2014
fernandohuerta,UT Austin,,2010
fgoldberg,Instituto Tecnológico de Buenos Aires,,2010
filipt,Dulwich College,,2013
firdevs,Harvard Business School,,2013
firloop,Y Combinator,,2016
florent31,HEC School of Management / HEC Paris,,2014
florent31,University of Louis Pasteur,,2007
flukeoperadora,Universidade de São Paulo (USP),,2018
flyx,International Community School,,2005
fnaderg,Harvard University,,2014
fnaderg,Universidad de Alicante,,2018
fnaderg,Y Combinator,,2021
foodhackerchick,Universidade Estadual de Campinas,,2006
fortefranco,Colegio Schönthal,,2008
fouadmatin,Thiel Fellowship,,2016
fpatino,Universidad de Costa Rica,,2013
fpatino,Y Combinator,,2022
franceschetti,San Diego State University,,2005
franceschetti,Università degli Studi di Ferrara,,2005
franciscopuente,MIT Sloan School of Management,,2019
franciscopuente,Tec de Monterrey,,2011
frk1206,Karachi Grammar School,,1998
fwinokur,Stanford University,,2011
gabaluschi,Yale Law School,,2008
gabaluschi,Yale University,,2005
gaboluque,Y Combinator,,2020
galen211,Columbia University,,2017
garrettlangley,Westminster Schools,,2005
garymlin,Leland High School,,2013
gasposj,Samford University,,2008
gasposj,The University of Alabama,,2005
gasposj,Y Combinator,,2020
gatom55,IESE Business School,,2011
gatsby,Harvard University,,2007
gatsby,MIT Sloan School of Management,,2011
gatsby,Stanford University,,2007
gatsby,Yale University,,2006
gaurav_maken,San Diego State University,,2008
gauravchaubey,"Delhi Public School, Vasant Kunj",,2004
gcarollo,Stanford University,,2012
gdaniele,Northside College Preparatory High School,,2009
gdi2290,State Center Community College District,,2011
geekypete,Tulane University,,2019
geoffschmidt,Massachusetts Institute of Technology,,1998
geoffwoo,Palos Verdes Peninsula High School,,2007
georgedotsmith,University of Canterbury,,2014
georgefoot,Loughborough University,,2013
georgewfraser,The Lawrenceville School,,2001
getsprintai,Indian School of Business,,2015
ggorenstein1,London Business School,,2011
ggreer,Iona College,,2006
giacomoficari,AFS Intercultural Programs USA,,2003
giacomoficari,Instituto Tecnológico Autónomo de México,,2009
gigerbytes,Xavier School,,2013
gillesp,ISTEC Business School,,2007
gilliant,Raffles Junior College,,1999
giveurselfAkudo,IIT Roorkee,,2015
gkaemmer,Concord Academy,,2012
gkoberger,Rochester Institute of Technology,,2010
gmartire,Y Combinator,,2014
gogwilt,Stuyvesant High School,,2006
goldlist,INSEAD,,2011
gordonhw,Spruce Creek High School,,2009
gpayzer,Lakeside School,,2015
gracaninja,Colégio São João de Brito,,1997
greg,University of Ottawa,,2000
gregorypoulin,Dartmouth College,,2016
gregorypoulin,Harvard University,,2013
griffinwheeler,Y Combinator,,2022
grigorecezar,Royal College of Art,,2015
gsavit,University of New South Wales,,2008
gtfarrell,"University of California, Los Angeles",,2019
gtlpanda,"University of Massachusetts, Amherst",,2007
guilhermempinh,Y Combinator,,2021
gurubavan,William Lyon Mackenzie Collegiate Institute,,2008
gwintrob,Harvard-Westlake School,,2008
gwtall,Noble and Greenough School,,2009
gzelerteins,Y Combinator,,2021
hackscience,Brighton College,,2011
hahnbee,Cornell University,,2022
haishanqian,Ivey Business School,,2019
hamiltonchan,Harvard Law School,,1999
hamiltonchan,Harvard-Westlake School,,1991
hamzahc,international school of choueifat,,2005
handheldmouse,Yale University,,2019
hannahla,College Preparatory School,,1998
hannaholson,Boston University,,2017
hanshuo888,Carnegie Mellon University,,2012
harshilmathur,IIT Roorkee,,2013
haslindarasip,MRSM Jasin,,1994
hassanriggs,Columbia University,,2014
hassanriggs,University of Alabama,,2006
hazim-j,The University of Western Australia,,2014
hazim-j,University of Melbourne,,2018
heatherpayne5,Turner Fenton Secondary School,,2005
heddle317,Granite Bay High School,,2006
heidi_b_w,Middlesex School,,1991
heidi_b_w,Stanford University,,2008
helsontaveras18,Columbia University,,2018
helsontaveras18,Milton Academy,,2014
heltonsouza,Rock Health,,2013
hemantv,Y Combinator,,2018
henrino3,Enugu State University of Science and Technology,,2014
henryl,Y Combinator,,2009
hernamesbarbara,Choate Rosemary Hall,,2005
hernamesbarbara,Middlebury College,,2007
hernamesbarbara,"Town School for Boys, San Francisco, CA",,2001
hernamesbarbara,University of Virginia,,2010
hetalshah6,CAE,,2002
hetalshah6,Y Combinator,,2022
hew2406,Virum Gymnasium,,2014
heyzk,Punahou School,,2000
hhg2103,Keck School of Medicine of the University of Southern California,,2016
hichkaker,Carnegie Mellon University,,2014
hichkaker,Higher School of Economics,,2013
hodsonwill,University College School,,2000
hornej,Brigham Young University,,2013
hstolz4,Massachusetts Institute of Technology,,2017
huertasluis123,Y Combinator,,2018
hugginsm,Pierrepont School,,2015
hugotarle,Lycée Gustave Flaubert (Rouen),,2014
hviswanathan,Bharatiya Vidya Bhavan,,2002
hwan,Kelly school of business(Indiana University),,2019
hwan,SKK GSB Sungkyunkwan University,,2019
hxshim,"King's College London, U. of London",,2019
hypeandvice,University of Southern California - Marshall School of Business,,2016
iankraskoff,INSEAD,,2019
iansltx,Colorado School of Mines,,2011
ianstormtaylor,Washington International School,,2008
icanberk,Robert College,,2011
ife_kobo360,Adelphi University,,2008
igino,University of Pennsylvania,,2017
ignacio-alana,Instituto Cumbres de Caracas,,2007
il,Glenbrook South,,2006
ilananasser,Graded - The American School of São Paulo,,2005
ilyakisel,MSLU,,2015
ilyakisel,Y Combinator,,2021
imalex,Bellarmine College Preparatory,,2008
imharkunwar,School of Planning and Architecture Delhi,,2018
immortalloom,Y Combinator (W21),,2021
immortalloom,Y Combinator (W23),,2023
imrankk,Stanford University,,2017
imsamyang,Monta Vista High School,,2019
imsamyang,West Valley College,,2019
imsamyang,Y Combinator,,2020
inmygarage,Beijing Language and Culture University,,2006
inmygarage,Massachusetts Institute of Technology,,2010
innovate,Massachussetts Institute of Technology (MIT),,2023
isaacaderogba,Lambda School,,2020
isaacaderogba,"National University of Ireland, Galway",,2019
ishwargogineni,University of Southern California,,2019
itsjefftong,Sir John A. Macdonald CI,,2009
iudotong,Cinnaminson High School,,2014
ivolo,Massachusetts Institute of Technology,,2012
ivtsy,Pohs Institute,,2011
ivtsy,Stanford University,,2016
ivtsy,Y Combinator,,2021
ivtsy,北海道大学,,2006
iyography,Paxon School For Advanced Studies,,2011
j-lo,YC,,2021
jabella,Universidad del Magdalena,,2005
jackocoins,Universität St.Gallen,,2019
jackross,Gonzaga College High School,,2014
jacopoberlu,Alta Scuola Politecnica,,2018
jacopoberlu,Y Combinator,,2021
jacsamira,"University of California, Irvine",,2008
jahearn,Pace University,,2011
jainamol,Carnegie Mellon University,,2012
jairajs89,University of Waterloo,,2011
jakecorkin,Brigham Young University,,2013
jalehr,Stanford University,,2012
jamesaruben,Harvard University,,2016
jamesbrady,Bury Grammar School,,2002
jamescun,Y-Combinator,,2012
jamesfzhang,Y Combinator,,2017
jamesg,University of Sydney,,2003
jamesschuler,Byram Hills High School,,2012
jameswilsterman,Choate Rosemary Hall,,2005
jamieblueschwab,Stanford University Graduate School of Business,,2022
jamiemarshall,Moses Brown School,,2014
janipasha13,IIT Kharagpur,,2013
jariyakariya,College of DuPage,,1976
jariyakariya,Illinois State University,,1978
jasong,Marc Garneau Collegiate Institute,,2009
jasontan,Leaders In Tech,,2019
jasontan,Mercer Island High School,,2002
jasontraff,Massachusetts Institute of Technology,,2012
jasonwilk,University of International Business and Economics,,2006
jasonyan,"University of California, Davis",,2008
javiergzz,Y Combinator,,2020
jaymeh13,The Ohio State University,,2011
jayrosenkrantz,Boston University,,2006
jbdowney,Kingwood High School,,2002
jbe90066,"University of California, Los Angeles",,2014
jblok,University of Leeds,,2012
jbmtiu,Xavier School,,2010
jbuc4338,Stanford University Graduate School of Business,,2018
jcburnham,Dartmouth College,,2017
jcburnham,Northfield Mount Hermon School,,2011
jckredi,UNAM,,2009
jconley,Atwater High School,,1998
jdorward,Menlo School,,1999
jdorward,"Sacred Heart Schools, Atherton",,1995
jdubey,Mercer Island High School,,2003
jdumazert,Ecole polytechnique,,2013
jechen,International Baccalaureate,,2009
jeeshan,McNally Composite High School,,2000
jeeshan,University of Alberta,,2014
jeevika,INSEAD,,2020
jeff-jenfi,The University of Chicago Booth School of Business,,2013
jeffbarg,Horace Mann,,2013
jeffchuber,Y Combinator,,2015
jeffreyengler,Harvard Business School,,2012
jeffreyz,Amador Valley High School,,2014
jefriyanto08,SD Xaverius 1 Jambi,,2003
jefriyanto08,SMA Xaverius 1 Jambi,,2008
jefriyanto08,SMP Xaverius 1 Jambi,,2005
jenntoda,Carnegie Mellon University,,2005
jenntoda,University of Oxford,,2011
jer_ber,The Lawrenceville School,,2014
jeremymims,Masuk Highschool,,2000
jeremynevans,Egglescliffe School,,2009
jeromegn,Cégep Édouard-Montpetit,,2007
jespertt,Fuglsanggårdsskolen,,2011
jespertt,"ISSP - International School, Peshawar, Pakistan",,2001
jespertt,Virum Gymnasium,,2014
jessemzhang,Newton South High School,,2010
jessezhang,Fairview High School,,2015
jessouyang,Stanford University,,2019
jfudem,Product School,,2017
jhnling,Deerfield Academy,,2013
jhnling,National Yang Ming University,,2012
jhnling,Taipei American School,,2011
jhnling,Tuck School of Business at Dartmouth,,2014
jiglum,500 Startups' Distro Dojo,,2016
jiglum,University Of Warwick,,2018
jiunruh,high school,,2000
jiyannwei,London School of Economics and Political Science,,2006
jjackley,Institute for Shipboard Education,,1999
jkelleyrtp,North Carolina School of Science and Mathematics,,2018
jlm382,Harvard Business School,,2023
jlowe,Y Combinator,,2015
jmarbach,The Hun School of Princeton,,2011
jmbotero,Ingresarios,,2017
jmbotero,Instituto de Expertos,,2018
jmbotero,Startup School Online,,2019
jmbotero,The Landlord Property Management Academy,,2017
jmbotero,Total Potentials,,2015
jmbotero,Universidad Externado de Colombia,,2000
jmerz,Leland High School,,2013
jmerz,Stanford Online High School,,2013
jmilinovich,"University of California, Los Angeles",,2010
jmintz,University of Chicago,,2009
jmo001,The University of Dallas,,2003
jmsetzer,Presbyterian College,,2010
jmsuarez21,"University of California, Davis",,2012
jmw,Massachusetts Institute of Technology,,2007
jnymnz,Vanguard High School,,2011
joaovp,Stanford University Graduate School of Business,,2022
jododown,Auburn High School,,2015
jododown,Southwest Virginia Governor's School,,2015
joelkek,Raffles Institution,,2010
joewaltman,INSEAD,,2003
joeycodes,Stanford University,,2005
johnhemlin,Canyon Crest Academy,,2019
johnptr,Lycée Blaise Pascal (Orsay),,2010
johnyoung,Ateneo de Manila University (dropped out),,2020
jolenam,Castilleja School,,2015
jolewy,HEC Montréal,,2000
jolewy,Y Combinator,,2018
jonahhanig,Highland Park High School,,2013
jonathanmendes,"University of the West Indies, Cave Hill Campus",,2010
jonathanyan,Westlake High School,,2012
jondishotsky,Henry M. Gunn High School,,2002
jonghyuk0605,서울과학고등학교 (Seoul Science High School),,2009
jonkthomas,International School of Brunei,,2008
jonkthomas,Jerudong International School,,2010
jonlee,Rock Health Startup Incubator,,2011
jonmurray,Stanford University,,2004
jontang,Deerfield Academy,,1987
jonzlin,Texas Academy of Mathematics and Science,,2012
jordanbrown,Y Combinator,,2015
jordanlee,Harvard University,,2008
jordanlee,Princeton University,,2012
jordanlee,"University of California, Berkeley",,2005
jordanlee,Yale University,,2009
jordanyaqoob,Stuyvesant High School,,2017
jordn,Massachusetts Institute of Technology,,2012
jorge_silveira,Universidade José do Rosário Vellano,,2008
joseb,The University of Texas at Austin,,2019
josephnsaliba,Harvard Business School,,2008
josuemontano,Y Combinator,,2021
joybot56,West Windsor-Plainsboro High School South,,2017
jperez,Y Combinator,,2021
jpetrucc,Park Tudor High School,,2012
jpetts,University of Pennsylvania Law School,,2007
jpines,Phillips Exeter Academy,,2003
jpines,The College Preparatory School,,2001
jpochtar,Hunter College High School,,2013
jrgoodner,Ransom Everglades,,2003
jrichards27,Jakarta Intercultural School,,2004
jrzhang,Palos Verdes Peninsula High School,,2007
jsherwani,Karachi Grammar School,,1998
jshi,MIT Sloan School of Management,,2009
jsulinski,Techstars Boston,,2009
jsunderland323,Y Combinator,,2021
jtambunt,Brown University,,2017
jtambunt,Johns Hopkins University,,2013
jtambunt,Scarsdale Senior High School,,2012
jtempels521,Hamilton College,,2012
jtempels521,The University of Western Australia,,2010
jtempels521,Trinity Highschool,,2008
jthompson4004,Ridgefield High School,,2017
juancoll,Ecole de communication visuelle,,1998
juanignacio,Stella Maris College,,1998
juanmaldonado,YC,,2013
juansalcedo,Harvard Business School Executive Education,,2018
judegomila,Dr Challoners Grammar,,2002
judegomila,University of Cambridge,,2006
juliantorresgo,Universidad de Los Andes,,2012
juliemecca,New York University School of Law,,2013
justdoggneo,University of Southern California,,2017
justinboogaard,Bonita Vista High School,,2009
justinsb,Eton College,,1996
jwang815,CFA Institute,,2009
jwenig,Columbia University,,2019
jwoodbridge,Columbia University,,2018
k0tkas,Lornsenschule Schleswig,,2013
k0tkas,Tallinna Reaalkool,,2015
kabirnagral,Phillips Academy Andover,,2019
kaikeane,Cornell University,,2014
kamilali,Stanford University Graduate School of Business,,2022
kamiljk,Monta Vista High School,,2018
kapital2021,UNIVERSIDAD IBEROAMERICANA,,2010
karamazov,Stuyvesant High School,,2008
karinaderbez,INSTITUTO TECNOLÓGICO Y DE ESTUDIOS SUPERIORES DE MONTERREY (ITESM),,2012
karinu,Stanford University,,2019
karthikb,Richard Montgomery,,2005
kategleason,Stony Brook University,,2008
kater_rob,William Paterson University of New Jersey,,2014
katherineflo,Ursuline Academy of Dallas,,2014
katiabazzi8,Carnegie Mellon University,,2014
katyhonda,Stanford University,,2015
katyhonda,Stanford University Graduate School of Business,,2020
kbambz,Fox Lane High School,,2006
kelleyk,North Carolina School of Science and Mathematics,,2005
kelsey_pedersen,"University of California, Berkeley",,2013
kemmishtree,University of Arizona,,2008
kenanpulak,Langley High School,,2007
kensukenumakura,Tohoku University,,2014
keonlee15,Ecole Jeannine Manuel,,2013
keonlee15,Y Combinator,,2022
keshavchouksey,Y Combinator,,2021
kev3522,The Harker School,,2016
kevc,Princeton University,,2013
kevinkchan,"University of California, Berkeley",,2012
kevinpetrovic,Princeton High School,,2012
kevlened,North Carolina School of Science and Mathematics,,2006
keysersosa,Harvard University,,2000
khairulll,Purdue University,,2005
khairulll,University of Malaya,,2012
khallil,Meadowridge School,,2011
khanzain,Institute of business administration,,2000
kinkpaula,"University of Wales, Aberystwyth",,2016
kirillzubovsky,Morristown High School,,2005
kirillzubovsky,Y Combinator,,2012
kiwicopple,Y Combinator,,2020
kjerstin,Semester at Sea,,2003
kjerstin,University of Oxford,,2014
kkjcheng,University of Waterloo,,2020
klaukee,"University of California, Berkeley, Haas School of Business",,2020
kmergener,Heidelberg University,,1989
kolnik,Gann Academy,,2010
komal1120,Palo Verde High School,,2008
kopko,Dwight-Englewood School,,2004
kothariy,American School of Bombay,,2011
kozkozkoz,University of Alicante,,2008
krammer,Y Combinator,,2022
krel,Y Combinator,,2021
krel,äº¬éƒ½æ—¥æœ¬èª�æ–‡åŒ–å­¦æ ¡ - Kyoto Institute of Culture & Language,,2009
krel,京都日本語文化学校 - Kyoto Institute of Culture & Language,,2009
kride,Haaga-Helia - University of Applied Sciences,,2006
kristengallogly,Santa Margarita Catholic High School,,2012
ksood,IIT Delhi,,2001
ksood,London School of Economics and Political Science,,2004
kt-fampay,IIT Roorkee,,2019
kul,Eltham College,,2001
kumar_abhirup,Y Combinator,,2024
kurtistryber,Keesler Air Force Base,,2010
kurtistryber,South Medford High school,,2008
kurtistryber,Y Combinator,,2022
kuy,University of Utah,,2007
kylemichelson,University of Southern California,,2010
kylersaunders,Brigham Young University,,2017
l5t,Centrale Lille,,2003
laanuk13,Mission San Jose High School,,2014
laks_srini_hn,Vidya Mandir,,2000
lalushula,University of Cambridge,,2020
lambski1333,University of Pennsylvania Law School,,2017
lanavgraf,Harvard Business School,,2015
lanavgraf,Harvard University,,2012
lanavgraf,Massachusetts Institute of Technology,,2015
lanavgraf,Perm State University (PSU),,2006
landon32,University of Southern California,,2015
langer,Tiffin School,,2004
larryhomie,Y Combinator,,2020
lassekalkar,Y Combinator,,2021
lauraAC47,Yunnan University,,2012
laurencefornari,Plug and Play incubator,,2017
laurenkay,Newark Academy,,2007
lazyprotons,Centennial High School,,2013
lazyprotons,Johns Hopkins University,,2018
lbreen11,Phillips Exeter Academy,,2017
lc_carrier,Lambda School,,2020
legaljargon,Y Combinator,,2020
lejbot,Nielson Norman Group,,2015
lejbot,Seth Godins Alternative MBA (altMBA),,2015
lemiant,Thiel Fellow,,2017
leot77,Universidade Federal de Viçosa,,2004
leveredvlad,Harvard Business School,,2023
levglsh389,Half Hollow Hills High School East,,2022
lewisf,Arcadia High School,,2009
lezorich,Pontificia Universidad Catolica of Chile,,2016
lezorich,Pontificia Universidad Católica of Chile,,2019
liamcollins,"The Wharton School, University of Pennsylvania",,2024
liamuk,West Windsor Plainsboro High School South,,2014
lilbobbytables,Y Combinator,,2021
linaz,"University of California, Berkeley",,2009
liorchen2,Y Combinator,,2021
liseman,Y Combinator,,2014
liuru,Massachusetts Institute of Technology,,2014
liyanchang,Illinois Mathematics and Science Academy,,2008
liztsai,Klein High School,,2007
lizwessel,University of Pennsylvania,,2012
ljanssen,Stanford University,,2016
llara,Escola do Teatro Bolshoi no Brasil,,2013
lmariogarcia3,Y Combinator (W20),,2020
lmarrone88,Harvard Business School,,2017
lmarrone88,Harvard Law School,,2017
lmarrone88,Thomas Jefferson High School for Science and Technology,,2006
lmarrone88,Yale University,,2010
lofton84,"Sammamish High School, Bellevue School District (Washington State)",,2003
logandhead,The University of Montana - College of Business,,2012
logandhead,The University of Montana - School of Business Administration,,2012
loganfrederick,The Ohio State University,,2012
logason,University of Iceland,,2015
londont,Y-Combinator,,2012
louis_wilson,Harvard Business School,,2020
louisbur,EPITA,,2015
louisebayssat,Lycée Sainte-Geneviève,,2015
lss_sam88,Harvard Business School,,2018
lubillas,The University of Michigan - Ross School of Business,,2016
lucasranallo,Bartolomé Mitre Day School,,2013
lucasraskin,Horace Mann School,,2021
ludmilalsp,Instituto Tecncológico de Aeronáutica,,2014
luis_vazquez,Tecnológico de Estudios Superiores de Jilotepec,,2012
luispana,Instituto tecnologico de las Americas (ITLA),,2007
lukasl,International German School of Brussels,,2009
lukekc,Harvard Business School,,2016
luyuanxin1995,Emory University,,2019
lveillard,IMT Atlantique,,2016
lveillard,ISAE-SUPAERO,,2015
lveillard,Telecom Bretagne,,2016
lveillard,Universidad Complutense de Madrid,,2012
lveillard,Universidad Politécnica de Madrid,,2014
lxcid,Qihua Primary School,,1998
lxcid,Woodlands Secondary School,,2002
lyal,The University of British Columbia,,2003
lynnetye,"University of California, San Francisco",,2012
m_busel,Pine Crest School,,2013
maayan_yavne,Stanford University Graduate School of Business,,2014
maayan_yavne,Stanford University Graduate School of Education,,2014
madhuri_gb,Institute of Culinary Education,,2013
madorno,Stanford University School of Medicine,,2014
madorno,Università degli Studi di Padova,,2008
madorno,Università degli Studi di Verona,,2008
madpun,Harvard Business School,,2015
madpun,New York University,,2007
mafferty,Biola University Crowell School of Business,,2020
mahaelrefai,American University of Sharjah,,2007
mahaelrefai,"Edinburgh Business School, Heriot-Watt University",,2015
makemineadouble,The University of Manchester,,2010
makindizzle,duPont Manual High School,,2003
malingling,Duke University School of Law,,2009
malthejorgensen,Nærum Gymnasium,,2008
manhei,ESADE Business School,,2016
manishpal007,Gyan Mandir Public School,,2003
manmeet,University of Toronto,,2017
manthan197,IIT Kharagpur,,2016
marannelson,Plano West Senior High,,2009
marcametz,Copenhagen Business School,,2016
marcametz,LMU Munich,,2014
marcelogdg,Y Combinator,,2021
marcofung,City University of Hong Kong,,2017
mariafilmanovic,University of Oxford,,2013
mariafilmanovic,Università Bocconi,,2012
mariafujihara,Colégio Visconde de Porto Seguro,,2002
marianicolae,ICHB,,2016
marianicolae,King's College London,,2019
marinhogomes,CODE University of Applied Sciences,,2020
markrachapoom,Housatonic Valley Regional High School,,2020
markus_tipgain,Y-Combinator Winter 2012,,2012
maroofahmed1,"Royal Grammar School, Guildford",,2011
marothstein,Techstars,,2014
marothstein,Y Combinator,,2015
marqvision,Harvard Law School,,2021
martaforeros,Pontificia Universidad Javeriana,,2009
martaforeros,Tec de Monterrey,,2012
martaforeros,UBits Learning Solutions,,2018
martinlykkesuhr,KTS,,2008
martinlykkesuhr,VUF Frederiksberg,,2008
martinlykkesuhr,Y Combinator,,2021
martythemaniak,University of Toronto,,2007
mashanurik,Perm State Technical University,,2007
masherrill,Y Combinator,,2008
mateai,Y Combinator,,2024
mateojaramirez,Harvard Business School Online,,2017
mateusfelini,Y Combinator,,2021
mathewpregasen,Trinity Preparatory School,,2014
mathiascg,ITBA (Instituto Tecnologico de Buenos Aires),,2019
matijash,Y Combinator,,2021
matoe,Harvard Business School,,2011
matoe,"University of California, Berkeley",,2006
matskevich,Y Combinator,,2020
matt_hafe,Lycee International de St. Germain-en-Laye,,2013
matthewhuang,Harvard University,,2018
matthewhuang,The Harker School,,2015
mattjoseph,UCLA Anderson School of Management,,2014
mattmaroon,The University of Akron,,1998
mattobrien,Vanderbilt University Law School,,2006
maximabramchuk,Belarussian State University of Informatics and Radioelectronics,,2017
maximabramchuk,Mozyr Liceum,,2013
maxkazak,International Baccalaureate,,2017
maxnuss,Newton North High School,,2008
maxpclarke,Northwestern University,,2009
maxpclarke,University of Michigan Law School,,2014
maxrose,Foothill College,,2007
maxvonwolff,Massachusetts Institue of Technology,,2021
mayankloop,Delhi Public School Pune,,2013
mbignold,Canmore Collegiate,,2005
mcarvin,Haberdashers' Aske's School,,2000
mccraveiro,Instituto SÃ£o JosÃ©,,2010
mccraveiro,Instituto São José,,2010
mceachen,"University of California, Santa Barbara",,1992
mcolyer,Thomas Jefferson High School for Science and Technology,,2003
mdschiller,Curtin University of Technology,,2012
mdschiller,St Joseph's College Hunters Hill,,2005
meenasub,Homestead Highschool,,2010
meganlacy,Boise State University,,2017
meghani,Harvard Business School,,2008
mejiaoneto,University of Minnesota Medical School,,2010
mejiasebas,Stanford University,,2016
melissayu,Farragut High School,,2015
mentioum,Eton College,,2006
mentioum,Summer Fields,,2001
meredithah,Center for Japanese Studies - Nanzan University,,2008
meredithah,Phillips Exeter Academy,,2006
merih,Ahmet Mithat İlköğretim Okulu,,2002
merry_yuan,Harvard Business School,,2012
mgribetz,Columbia University,,2012
mhawk,Y Combinator,,2020
mhtkmr,IIT Madras,,2017
michaelbsimon,University of Michigan Law School,,2008
michaeldwan,Purdue University,,2004
michaelrose1,University Of Warwick,,2014
michelleyou,Tsinghua University,,2006
midas,Marin Academy,,2003
mihail1,Phillips Exeter Academy,,2012
mikaeddy,Stanford University Graduate School of Business,,2022
mikhaill,NYU Stern School of Business,,2013
mildlyclassic,Bishop Cottons boys school,,2009
minglafille,Emory University,,2006
minglafille,Harvard Business School,,2012
minibronco88,Oxford Academy High School,,2009
mioffe99,ACCESS Academy,,2013
mioffe99,Lincoln High School,,2017
mioffe99,Y Combinator,,2020
mishrag,IIT Kanpur,,2011
mittal,"The Wharton School, University of Pennsylvania",,2007
mjamilkowski,Avon Old Farms,,1984
mjthomas,Centennial High School,,2006
mkarakus14,Harvard University Kennedy School of Government,,2018
mkarakus14,Massachusetts Institute of Technology,,2018
mlara,ESADE Business School,,1995
mlara,Thunderbird School of Global Management,,1996
mlchild,Polytechnic School,,2006
mlchild,Stanford University Graduate School of Business,,2013
mlewis_vectrix,Virginia Tech,,2017
mlhogan,Y Combinator,,2021
mmccauley,Shad Valley,,2006
mmccauley,Y Combinator,,2012
mmoone,Pomona College,,2006
mo3011,Y Combinator,,2021
mocsrox,Stanford University,,2006
mohamedmindee,Lycée	  Joffre,,2011
mohamedmindee,Lycée Paul Valery,,2009
mohanarpit,Indian School Al Ghubra,,2002
mojica,Y Combinator,,2020
mooneyc6,Rutgers University,,2007
moralesprado,Tecnológico de Monterrey,,2010
moralesprado,"University of California, Berkeley",,2017
moraveji,Thomas Wootton High School,,1997
morganzysman,Concordia University,,2012
morganzysman,ECE Paris,,2015
morganzysman,"Sunshine beach state high school, QLD, AUS",,2007
mparis,Norfolk Academy,,2011
mpasternack-hn,Stanford Law School,,2010
mperice,Gimnazija Vič,,2006
mr_bojangles,American School in London,,2007
mraziz,Y Combinator,,2020
mriley,The University of Texas at Austin,,2008
mrjingles,Y Combinator,,2010
mrsentify,University College London,,2016
mrstochastic,Royal Norwegian Navy,,2007
mschauff,EDGEWOOD HIGH SCHOOL,,2015
mstaunton7,University of Michigan,,2019
mstroeck,Y Combinator,,2017
mthomasb,"University of California, Berkeley",,2010
mthsense,IIT Bombay,,1995
mthsense,University of Delaware,,1998
mtranzambetti,University of Southern California,,2020
mukundgoenka,University of Pennsylvania,,2006
murillo,Universidade Estadual de Campinas (UNICAMP),,2013
murillo,University of Ribeirão Preto,,2011
mwarshafsky,Queen's University,,2015
mwilkison,University of North Carolina at Chapel Hill,,2010
mxcrbn,CentraleSupelec,,2012
mxcrbn,Ecole Centrale Paris,,2012
myarchoan,Amherst College,,2007
myarchoan,University of Pennsylvania School of Medicine,,2012
mykelolu,Doregos Private Academy,,2008
myoung8,Washington International School,,2005
nadavwiz,Y Combinator,,2023
nadiafadhila,Sciences Po,,2018
nadiafadhila,United World College Hong Kong,,2014
naeemtee,Y Combinator,,2020
nahuelcandia,"Escuela Superior de Comercio ""Carlos Pellegrini""",,2011
nahuelcandia,Y Combinator,,2022
narenst,BVB,,2004
nassur,University of Pennsylvania,,2016
nateblecharczyk,Boston Latin Academy,,2001
nbat,"American Embassy School of New Delhi, India",,2010
nc,"The British School, New Delhi",,2005
ndiao,Phillips Exeter Academy,,2015
nealk,Menlo School,,2011
nectoinc,Y Combinator,,2018
neel_murthy,Huntington Beach High School,,2006
neelm,Y Combinator,,2023
neillock,Forest School,,2002
ngocnv,University of Engineering and Technology,,2011
niamaelbassunie,CFA Institute,,2014
niamaelbassunie,"Casablanca American School, International",,2002
nicholas_manske,Harvard University,,2009
nicholas_manske,INSEAD,,2017
nick517,Augusta Preparatory Day School,,2014
nickeischens,"University of California, Los Angeles",,2019
nickxyang,University of Waterloo,,2017
nicnovak,University School of Nashville,,2006
nicolaspiqueras,CFA Institute,,2013
nikhilmantha,The Hyderabad Public School Ramanthapur - HPS (R),,2005
nikhilmantha,Vidya Mandir Senior Secondary School,,2007
nikhilprabhakar,Faculty of Management Studies,,2011
niklio,Phillips Exeter Academy,,2016
nikolayav1,Northwestern University,,2009
nikswain,Sheffield Hallam University,,1994
nilkanthjp,Don Bosco Preparatory High School,,2007
nimz,"The Wharton School, University of Pennsylvania",,2012
nipunkant,Stanford University,,2010
nipunkant,Yale Law School,,2015
nirkrakowski,Mor Metrowest,,2000
nishantnino,Babson College,,2014
nishantnino,INSEAD,,2019
nlombo,Stanford University Graduate School of Business,,2021
nlukka1,Appleby College,,2005
nmacario,Y Combinator,,2020
nmasters,American Military University,,2012
nmnm,Y Combinator,,2020
noah22,Tufts,,2018
noahanee,Ladoke Akintola University of Technology,,2012
nobalancepalace,Kaunas University of Technology Gymnasium,,2006
nodar-d,London Business School,,2017
nolan_gray,Bishop Miege High School,,2016
norristie,Stanford University Graduate School of Business,,2019
nphatak,Harvard Business School,,2015
nplex,Creative Destruction Lab,,2019
nplex,Y Combinator,,2020
npt4279,Y Combinator,,2013
oakley,Y Combinator,,2006
odim,Stanford University Graduate School of Business,,2017
oguvench,Columbia University Vagelos College of Physicians and Surgeons,,2001
oguvench,Harvard University,,1997
oguvench,The Scripps Research Institute,,2005
ojimabenjay,Federal Government College ugwolawo,,2002
olivierzimmer,Solvay Business School,,2007
olivierzimmer,"University of California, Berkeley",,2017
ollewerme,Kyoto Institute Of Culture & Language,,2009
omarfintual,Massachusetts Institute of Technology,,2011
oncobox,California Institute of Technology,,2013
onelocal,The Woodlands Secondary School,,2005
op3no2,Northwestern University,,2012
op3no2,Texas A&M University,,2009
op3no2,University of North Texas,,2007
oparrott,"University of California, Berkeley",,2014
openquery,The Moraitis School,,2013
orph,YCombinator,,2013
otikings,Y Combinator,,2020
owkhan,MIT Sloan School of Management,,2019
pancomplex,Haas School of Business @ UC Berkeley,,2022
panosv,AlphaLab,,2013
pantharoy,INSEAD,,2015
pantharoy,University of Cambridge,,2014
paras_rajput,IIT Roorkee,,2021
parkerjamie1993,University of Oxford,,2015
pastudan,The Woodlands High School,,2007
patman_h,Sir John A. Macdonald SS,,2009
patrickhogan1,Khalsa Montessori School,,1992
patrickhogan1,"University of California, Hastings College of the Law",,2012
patrickod,Gonzaga College SJ,,2011
patricksli,Graduate Student,,2016
paulgalatis,Northwestern University,,2014
paulobautista,Harvard Business School,,2023
pavanbayyapu,"University of California, Berkeley, Haas School of Business",,2015
pbachelier,Ecole nationale supérieure des Télécommunications / ENST,,2016
pbachelier,"Lycee Thomas Helye, Cherbourg",,2009
pbiggar,Recurse Center,,2016
pbmango,Georgetown University,,2016
pbraswell,The Lawrenceville School,,2007
pc,Massachusetts Institute of Technology,,2010
pchab,Telecom Bretagne,,2012
pclark,BSc Computer Science & Product Design,,2009
pdeem,Phillips Exeter Academy,,1997
pdepoulpiquet,Y Combinator,,2021
pdornier,Brunswick School,,2013
pdwittig,University of Wisconsin,,2010
peadarohaodha,University College London,,2023
pedro380085,University of Sao Paulo,,2015
pedrofintual,Athénée Royal Paul Delvaux,,2000
pedrojahara,Latitud,,2021
pedrojahara,Y Combinator,,2022
pelin,Canakkale Fen Lisesi,,2006
petenixey,Monmouth School,,1997
peterhoang,Harvard Business School,,2019
peterhoang,International Baccalaureate,,2007
peterhoang,Singapore Management University,,2011
peterhoang,University of Warsaw,,2007
peterlzhou,East Brunswick High School,,2015
petermarler,Cornell University,,2008
petermarler,Stanford University Graduate School of Business,,2016
peterpanpan,University of International Business and Economics,,2004
petesmithy,Kimbolton School,,2000
peteturnbull,Sir William Borlase’s Grammar School,,2011
pfletcherhill,McDonogh School,,2011
pfletcherhill,Waldorf School of Baltimore,,2007
pharkle,Hopkins School,,1999
piamancini,Institut d'Etudes politiques de Paris,,2003
piamancini,Universidad Torcuato di Tella,,2004
pieros,Area 51 Training Center,,2014
pieros,Universidad Peruana de Ciencias Aplicadas,,2015
pieros,Y Combinator,,2022
piotrgrudzien,Nicolaus Copernicus High School No.1 in Lodz,,2011
pixelmoth,University of Oxford,,2020
pkelvin,Durham University,,2014
pkelvin,University of Cambridge,,2016
plondon514,Horace Mann School,,2009
podoman,Y Combinator,,2020
popupeyecare,Stuyvesant High School,,2001
pperezo,Instituto Tecnológico Autónomo de México,,2013
pranavmanpuria,St. Joseph's Pre University College,,2013
pranay01,"Indian Institute of Management, Ahmedabad",,2013
pranays,GrowthX,,2021
pranays,Y Combinator,,2020
pransudash,Lynbrook High School,,2016
pratyusharma,IIT Bombay,,2020
preflight,Y Combinator,,2019
premalshah,S.I.E.S. Graduate School of Technology,,1999
primelightworks,Phillips Exeter Academy,,2007
princeghosh,South Brunswick High School,,2015
probe,"The Wharton School, University of Pennsylvania",,2018
probe,Thomas Jefferson High School for Science and Technology,,2014
probe,University of Pennsylvania,,2018
provine,"University of California, Berkeley, Haas School of Business",,2014
prusothman,Methodist Boys Secondary School,,2006
psalehi,Harvard Business School,,2007
psawaya,Boston University,,2008
psawaya,Hampshire College,,2011
pshah817,University of Illinois at Chicago,,2006
pulseactive,Delhi Public School - Vasant Kunj,,1999
pwinter28,University of Cambridge,,2023
pwoodson,University of Texas at Austin,,1993
pwys,Stuyvesant High School,,2011
qfavret,University of Michigan,,2024
qhoang09,Ecole Française Colette,,2003
qixxiq,University of Cape Town,,2011
qiyuxuan96,Rancho Bernardo High School,,2013
r_thambapillai,Bishops Stortford College,,2010
raahilsha,McKinney Boyd High School,,2014
raahilsha,TAG Magnet High School,,2012
raalst,Rythovius College,,2002
rabiatkhan,Concordia University,,2012
rachvodo,New York University School of Law,,2010
radhajain,The Cheltenham Ladies' College,,2015
rafael-gibelli,Business Training Company,,2016
rafael-gibelli,Latitud,,2021
rafael-gibelli,Tera,,2019
rafael-gibelli,The University of Queensland,,2015
rafaelsands,Stanford University Graduate School of Business,,2023
raffaelespot,Massachusetts Institue of Technology,,2011
raghav1605,Delhi Public School - India,,2013
raghav1605,Y Combinator,,2020
rahul_madadi,IIM Lucknow,,2016
rajatsuri,Massachusetts Institute of Technology,,2009
ranharel,Tel Aviv University,,2006
ranharel,University of Missouri,,1997
ranidu,Royal College Colombo,,2000
ranimavram,Duke University,,2014
ranimavram,Lynbrook High School,,2015
raphael-gold,Bilkent University,,2012
raphael-gold,Y Combinator,,2021
rapostol,Microsoft Certified Technology Specialist (MCTS) – .Net Framework 2.0 Windows Applications,,2010
rapostol,Startup School Online by Y Combinator,,2017
raspasov,Babson College,,2011
raspasov,Suffolk University,,2009
ravibala1,International School of Choueifat - Dubai,,2003
ravishnaresh,IIT Bombay,,2011
raysturm,Crespi Carmelite High School,,1999
raysturm,The University of Chicago Booth School of Business,,2007
raysturm,University of Chicago Law School,,2007
raysturm,University of Notre Dame,,2003
raywu,Clifton College,,2001
rbahmed314,Harvard Business School,,2017
rbaron_,Universidad Fidelitas,,2014
rblack44,The University of Texas at Austin,,2012
rbrown,The Lawrenceville School,,2010
realmike33,Hack Reactor,,2015
rebank,London Business School,,2018
reejudatta,IIT Kharagpur,,2013
refundgiant,Cornell University,,2017
refundgiant,Imperial College London,,2019
refundgiant,University of Cambridge,,2018
reneelgrogan,Australian Institute of Business,,2015
resinoptes,San Francisco State University,,2018
reso,University of Waterloo,,2011
rhue,Y Combinator,,2016
rhuynh,Harvard Business School,,2021
rhuynh,The University of Texas at Austin,,2013
riancochran,University of Pittsburgh,,2005
richardwc,Y Combinator,,2019
richtu4n,John Hampden Grammar School,,2009
ridwan_olalere1,federal government academy suleja,,2007
rishi443,The Doon School,,2018
rishsriv,Raffles Institution,,2009
riteshinnov8,Delhi Public School  Mathura Road,,2007
riteshpatel,Forest School,,1998
rithvik_seela,Stanford University,,2020
rithwikpath,Plano West Senior High,,2018
ritikm,Thiel Fellowship,,2014
ritishubhi,Del Norte High School,,2018
rituranjna,Y Combinator,,2021
rmyers,Duke University,,2009
rmyers,University of Oxford,,2007
rob_korrai,Nova Scotia Community College,,2020
robbiet480,Orinda Academy,,2010
robee,University of Waterloo,,2012
robertch,Mission Hills High School,,2016
robertgaal,CSG De Lage Waard,,2003
robertvis,International School of Amsterdam,,2000
robertwiblin,Glenunga International High School,,2005
robinjay,Lincoln High School,,2014
robot_jackie,Tsinghua University,,2010
robynexton,University of Bristol,,2007
robytj,St. Vincent's High School,,1995
rocketman,Greenhill School,,2007
rodrig3,David Geffen School of Medicine at UCLA,,2016
rohankdoshi,Harvard Business School,,2022
rohanprashant12,Harvard-Westlake School,,2017
rohin,Stanford University,,2007
rohitgoyal,IIT Bombay,,2012
rohitrustagi,Academy of Health and Medical Sciences,,2015
rolando,Economics,,2005
rolando,Y-Combinator,,2009
rolstenhouse,University of Florida,,2018
romsearcher,Universidad de Los Andes,,2018
ronni,Hong Kong University,,2018
ronni,INSTITUTO TECNOLOGICO DE ESTUDIOS SUPERIORES DE MONTERREY,,2017
ronni,Jonkoping University,,2016
rosellpol,Y Combinator,,2022
rosiedallas,University of Newcastle,,2015
rosscranwell,Y Combinator,,2021
rotemy,Y Combinator,,2017
rowborg,The Head-Royce School,,1997
rowmoc,Stanford University,,2021
rsivendran,Duke University School of Medicine,,2011
rsivendran,Gettysburg Area High School,,2003
rsivendran,Harvard Business School,,2017
rsmith2,Thacher School,,2006
rtenbrink1,Columbia Business School,,2001
ruhman,Colégio Santa Cruz,,2015
ruhman,Y Combinator,,2021
rujulz,Harvard University,,2012
rumayor,Tecnológico de Monterrey,,2010
runelohrhauge,Duke University,,2010
runesoerensen,Aalborghus Gymnasium,,2004
rutika87,Harvard Business School,,2015
rutika87,Jamnabai Narsee School,,2003
rwalker,Arizona State University,,2006
rwb_1912,Deakin University,,2014
rwb_1912,University of Adelaide,,2016
rwu721,Cornell University - Johnson Graduate School of Management,,2011
rwu721,Joan & Sanford I. Weill Medical College of Cornell University,,2012
rwu721,Y Combinator,,2013
rxever,Gimnazija Vič,,2005
ryanmcgregor6,McCallie School,,2016
ryanmcgregor6,Ransom Everglades School,,2012
ryanswilliams,Columbus Academy,,2008
s_krantz,Boston University,,2012
saasbuyer,Western Reserve Academy,,2003
safee,Emory University,,2016
sailon,Gonzaga College High School,,2009
sajsanghvi,Canyon Crest Academy High School,,2013
salvatore_savo,Università degli Studi di Napoli Federico II,,2009
sambhav-fampay,"BJM Carmel Academy, Chandrapur",,2013
samlroberts,Boston University Academy,,2008
samlroberts,Quantic School of Business and Technology,,2021
samstein3,Harvard University,,2010
sanchal,"Central Academy, Kota, Rajasthan",,2007
sanjeevbarnwal,"DAV JVM Shyamali, Ranchi",,2007
sanketc,University of Southern California,,2016
santiba,Stanford University Graduate School of Business,,2010
sarahahmad20,Northwestern University,,2018
sarahsteinle,Conard High School,,2009
sarahsteinle,"UPCES Charles University, Prague, Czech Republic",,2012
saranaseri,Aarhus University,,2018
saratravi,Solon High School,,2010
saroop,Y Combinator,,2024
saschametz,Fachhochschule Ravensburg-Weingarten - Hochschule für Technik und Sozialwesen,,2019
satyascispotcpo,Y Combinator,,2021
sauravmitra,Imperial College London,,2018
sbharadwaj,Lynbrook High School,,2012
schauhan,CFA Institute,,2015
scottcara29,Harvard Business School,,2021
scottkabat,Harvard Business School,,1999
scottrig,HEC School of Management,,2007
scvalencia,Universidad de Los Andes,,2017
sdamashek2,Thomas Jefferson High School for Science and Technology,,2017
sdb85,Stanford University,,2012
seandoh,Boston University,,2020
seanmp,Massachusetts Institute of Technology,,2017
sedds,Mounds View High School,,1999
sehwan,Singapore American School,,2016
seif_amr,The International School of Choueifat - Cairo,,2009
seizethecheese,Oregon State University,,2010
sekay,Harvard Business School,,2020
sergioregueira,University of Santiago de Compostela,,2013
setpixel,Y Combinator,,2006
sfavaro,Liceo Scientifico,,2008
sferik,Carnegie Mellon University,,2005
sgmagee24,Y Combinator,,2020
shaimagz,Udacity,,2017
shaklakhani,Upper Canada College,,2015
shanedosch,Semester at Sea Study Abroad,,1996
shanemoriah,Hopkins High School,,2005
shantanulume,The Harker School,,2013
sharaticku,Harvard Business School,,2017
sharique_samsu,NIT Jamshedpur,,2016
shath2018,Horace Mann School,,2004
shea256,Secaucus High School,,2008
shelvinskyi,Y Combinator,,2021
shikharag007,IIT Bombay,,2020
shivanicm,Cupertino High School,,2015
shk,"St. Xavier's High School, Patna",,2006
shousri,Massachusetts Institute of Technology,,2006
shrig94,AwesomeMath,,2010
shubham_mittal,Delhi Public School - R. K. Puram,,2004
shubhambansal,Ecole polytechnique fédérale de Lausanne,,2016
shubhambansal,IIT Delhi,,2014
shubhamrana,Indian Institute of Management Kozhikode,,2023
shubhendusharma,IIM Bangalore,,2012
shubhendusharma,Visvesvaraya Technological University,,2007
siddharthmall05,IIT Kharagpur,,2013
siggi,Thomas Jefferson High School for Science and Technology,,2010
simboben,Y Combinator,,2018
simont1,Stanford University Graduate School of Business,,2007
siobhan,Eastlake High School,,1998
sismanis,Torrey Pines High School,,2010
sjaishankar,Duke University,,2022
skiller3,University Laboratory High School,,2004
skylander,Hwa Chong Junior College,,2004
skylander,The Chinese High School,,2002
smehta36,Arizona State University,,2005
smiagkyi,MIT Sloan School of Management,,2018
smushparker,"Concordia University, Montreal",,2011
smushparker,University of Toronto,,2018
snigdha,Harvard Business School,,2017
socha,Politechnika Krakowska im. Tadeusza Kościuszki,,2011
sochanger,Universidad Latina de Costa Rica,,2004
sofia_,Universidade Nova de Lisboa,,2002
sohailprasad,Y Combinator,,2012
sootty,Indian Institute of Management Ahmedabad,,2008
sorent,Singularity University,,2014
sorent,Stanford Continuing Studies,,2012
sp2hari,P.S. Senior Secondary School,,2004
spahl,Lycée Français de Hambourg,,2003
spamross,"University of California, Los Angeles",,2011
sparcity,Tsinghua University,,2010
spbehr,Lycee International de St. Germain,,2010
spenny2112,Stanford StartX,,2013
spezzoni,"University of California, Berkeley, Haas School of Business",,2021
spoon16,Snohomish High School,,2001
spoor2709,Y Combinator,,2033
squant0,Archbishop Mitty High School,,2011
sradu,Politehnica University of Timisoara,,2008
srao12,Maharashtra University of Health Sciences,,2015
sriram_sandhya,A*STAR,,2016
sriram_sandhya,Nanyang Technological University,,2014
sriram_sandhya,National University of Singapore,,2009
srsinha,Stanford University,,2011
srustagi,Gunn High School,,2018
ssaidi,University of St.Gallen,,2015
ssaidi,University of Toronto,,2015
ssiddhanti,HBS,,2015
ssiddhanti,Thomas Jefferson High School for Science and Technology,,2006
ssonneborn22,Claremont McKenna College,,2017
sstur,Y Combinator,,2021
stanleytang,King George V School,,2010
stefankalb,Western Washington University,,2007
stefanstokic,Y Combinator,,2017
stephen_revamp,Thomas Jefferson High School for Science and Technology,,2017
stephenlchen,Harvard Business School,,2011
steve5109,Columbia University,,2016
steve5109,De Anza College,,2012
steve5109,Johns Hopkins University,,2014
stevenklein,North Carolina State University,,2011
stevenliu98,Stanford University,,1998
stevenliu98,Yale University,,1995
stewfortier,Bradfield School of Computer Science,,2018
stewfortier,Y Combinator,,2021
stopachka,Y Combinator,,2022
sumitranka,Hindi Vidya Bhavan (HVB Academy),,2003
sumitranka,R.N Shah High School,,2006
sunpeter,Y Combinator,,2024
sur4js,Calabasas High School,,2018
surendersingh,Stanford University Graduate School of Business,,2018
surfacenexus,Harvard Business School,,2020
sviragi,"University of Maryland, College Park",,2019
swampthing,Harvard Law School,,2008
syou,Massachusetts Institute of Technology,,2007
sysless,EPITECH - European Institute of Technology,,2019
szn21,University of Cambridge,,2010
tashmahalic,West Morris Central,,1996
taylorcooney,University of Waterloo,,2016
taylorwcbrown,Amherst College,,2009
taylorwcbrown,Choate Rosemary Hall,,2005
tdemmer,Grove City College,,2011
tdingman,Lincoln-Sudbury Regional High School,,2007
team_ekeekaran,IIM Indore,,2017
techcofounder,Yonsei University,,2001
tedleng,Stanford StartX,,2019
tedpower,Bowdoin College,,2007
tejassun,North Carolina School of Science and Mathematics,,2013
temmel,Minnesota State University Moorhead,,2003
terryds,Y Combinator,,2021
tfeldman300,Y Combinator,,2021
tgalvin13,Harvard Business School,,2022
tgaruti,CFA Institute,,2013
tgbrunskill,The Australian National University,,2013
thaker,University of Illinois Urbana-Champaign,,2004
thakim,Colegio Nueva Granada,,2013
thangnv77,Hanoi University of Science and Technology,,2010
theblueboss,IAE Business School,,2011
theblueboss,Universidad de Ciencias Empresariales y Sociales,,2007
thelonious,Henry M. Gunn High School,,1985
themanmaran,Georgia Institute of Technology,,2018
themanmaran,Georgia State University,,2015
themanmaran,Southern Polytechnic State University,,2013
themitpatel,Hoover High School,,2017
themitpatel,Y Combinator,,2021
thesandlord,Mission San Jose High School,,2009
thetable,Hochschule für Technik und Wirtschaft Berlin,,2006
thetlinthu1,National University of Singapore,,2011
thewaterguy,Winchmore Secondary School,,2001
thewaterguy,Woodhouse College,,2003
thirru,StartX,,2017
thomascottin,Lycée Louis-le-Grand,,2010
thomaspun,Stanford University,,2006
tilentravnik,Cotrugli Business School,,2012
timmymak,University of Toronto,,2010
timsze,Upper Canada College,,2002
tinhangliu,Politecnico di Torino,,2001
tipjoy,Bridges Graduate School,,2023
tizeti,FGC Warri,,1996
tknight,Massachusetts Institute of Technology,,1983
tlemberg,Cranbrook Kingswood Upper School,,2010
tluthra,Canyon Crest Academy,,2009
tmazimann,Y Combinator,,2022
tnoll12,Stanford University Graduate School of Business,,2017
todd_cardash,University of Southern California,,2014
togilvie,New Canaan High School,,1993
tommaso,University Of Warwick,,2010
tommaso,University of Cambridge,,2011
tommaso,University of Oxford,,2018
tommytsai1984,Canadian International School of Hong Kong,,2002
tomo_genomelink,Y Combinator,,2021
tonyxu,Stanford University,,2013
topealabi,Y Combinator,,2020
tortuga42,Y Combinator,,2021
tow0686,Columbia Business School,,2019
tow0686,University of Texas at Austin,,2009
tpeck,Harvard Medical School,,2014
tpeck,Harvard University Graduate School of Education,,2015
tpeeples,Beijing Language and Culture University,,2014
tpeeples,Harvard University,,2017
tpennypacker,Holliston High School,,2016
tr8norman,Sekolah Pelita Harapan,,2004
tr8norman,Singapore National Academy,,2006
trapfitech,Sam Houston State University,,2012
treardon98,Oliver Ames High School,,2017
treeform,Peninsula College,,2005
trekirkman,Palo Alto High School,,2012
trinachi,Software Engineering Apprentice,,2012
trip,Harvard University,,2006
trivassi,University Of Maryland,,2015
troethom,Aalborg Handelsskole,,2006
troyk,Tacoma Community College,,1996
troyk,Turlock High School,,1991
tstephens1112,Collegiate School,,2011
ttcornel,Southern Illinois University School of Medicine,,1995
ttruong,Stanford University,,2000
turre1995,Y Combinator,,2021
twodotsmax,CMU,,2016
tylerAchilleion,University of Virginia - Darden Graduate School of Business Administration,,2011
tylerdiaz,Manuel Mendez Liciaga,,2010
tylerrichie,Y Combinator,,2021
tyrick,Y Combinator,,2013
tzier,Woodside High School,,2006
ucefsaid,HEC Paris,,2022
ugolino91,North Shore High School,,2009
ukaeje,Covenant University,,2012
ukaeje,Faith Academy,,2008
ukd1,Churcher's College,,1999
ukd1,Staffordshire University,,2003
umer_adnan,Bahria College,,1998
unamashana,IIT Guwahati,,2005
urilopatin,Ramaz,,1989
urs,American School of Dubai,,2008
urs,Phillips Academy,,2012
utkarshtandon,Cupertino High School,,2018
uzoayo,CrawfordSchools South Africa,,2012
uzoayo,Rondebosch Boys High School,,2009
vahurh,University of Tartu,,2015
vamseems,"Delhi Public School, Hyderabad",,2011
vamsikc,Monta Vista High School,,2010
vantran10,Harvard Business School,,2018
varunsrin,The International School Bangalore,,2006
vbordo,Evanston Township High School,,2012
venuswei,Association of Chartered Certified Accountants,,2008
venuswei,CHIJ St.Nicholas Girls' School,,2004
venuswei,St. Andrews Junior College,,2006
vgarridof,Chicago Booth,,2015
vicki,Stanford University,,2011
victor_eth,Stanford University,,2018
victor_eth,Y Combinator,,2021
victor_santosx,"University of California, Berkeley",,2013
victorevector,Northwestern University,,2011
victorevector,The Bishop's School,,2007
victorology,Punahou School,,1999
victorology,University of Illinois Urbana-Champaign,,2003
vietlong,Berkshire School,,2011
vijaycs42,Harvard Business School,,2006
vikeshkhanna,"Delhi Public School, Hardwar",,2007
viktorbenei,Budapest University of Technology and Economics,,2015
vikul,Harvard Business School,,2011
vinayramesh,YCombinator S17,,2017
vinceYC,"ILS Lagos, Nigeria",,1994
vininnz,Harvard Business School Executive Education,,2015
viralbajaria,University of Southern California,,2007
viviensin,University of Chicago,,2013
vj44,Dulwich College,,2009
vmreddy,University of Michigan,,2006
vning93,Langley High School,,2011
vnorby,Hampshire College,,2009
volans-i_2016,Stanford University Graduate School of Business,,2016
volthealth,University of Pennsylvania,,1987
w1ndyx,Nanyang Technological University,,2015
warrentr,Y Combinator,,2021
waxman,Yale University,,2010
weihan,Beijing Number Four High School,,1997
wenkema,Northwestern Polytechnical University,,2018
wesleyzhao,Interlake High School,,2010
westoncolemanl,Xavier School,,2010
wgurzynski,Duke University,,2014
whadar,Hadassim,,2002
whishroll,Northwestern University,,2017
whp,The University of Georgia,,2005
wil_e,Harvard Business School,,2019
will-gs,SUPINFO,,2008
willywg,Y Combinator,,2022
wilozxc,Y Combinator,,2017
winstontri,The University of Texas at Austin,,2016
wittedhaddock,Cambridge Public Library,,2021
wizardfish323,Davis High School,,2008
wkoven,Phillips Academy Andover,,2008
wsul,Y Combinator,,2018
wyattm,Cherry Creek High School,,2016
wyattm,University of Colorado Boulder,,2017
wyattm,Y Combinator,,2021
xanderatallah,Fairview High School,,2010
xiangli91,Hwa Chong Institution,,2009
xiangrunie,University of Illinois Urbana-Champaign,,2015
xianshou,Harvard Business School,,2020
xke,Thomas Jefferson High School for Science and Technology,,1999
yadirh,William G. Enloe High School,,2012
yanyuzhe,Dalian University of Technology,,2009
yanyuzhe,New Mexico State University,,2016
yanyuzhe,Y Combinator,,2021
yaseer,University of Oxford,,2008
yashburad,"Anand Vidya Vihar, Vadodara",,2013
yashwp,"Rajiv Gandhi Proudyogiki Vishwavidhyalaya, Bhopal INDIA",,2017
ybt195,Y Combinator,,2021
yemmy,University of Oxford,,2009
yemmy,Washington University in St. Louis,,2010
yinyinwu,Stanford University,,2011
ylhert,Santa Monica College,,2006
yoavz_,Y Combinator,,2021
yonajune,Thomas Jefferson High School for Science and Technology,,2015
yongzhao,Northwestern Polytechnical University,,2017
yoshyoshi,Johns Hopkins University,,1999
yoshyoshi,Keio University,,2005
yoshyoshi,Peddie School,,2000
yotamros,Rimon School Of Music,,1999
youminkim,KAIST,,2010
yourcousinbilly,"University of California, Los Angeles",,2019
yshirazi,Babson College,,2008
yshirazi,Harvard University,,2013
yshuster,Y Combinator,,2020
yurylifshits,Lyceum 239,,2000
yutamatsuda,Berkeley SkyDeck,,2018
yutamatsuda,StartX,,2020
yuugu,Texas Academy of Mathematics and Science,,2012
zachwdc,Richard Montgomery High School,,2006
zan2434,Downingtown East High School,,2011
zelaya288,Stanford University,,2020
zenorocha,"University of California, Berkeley",,2022
zhicong,Hwa Chong Institution,,2010
ziyadparekh,Karachi Grammar School,,2009
ziyigao,Y Combinator,,2021
zohaibr,Fullstack Academy,,2017
zoyaajani,Harvard University Kennedy School of Government,,2020
zoyaajani,Massachusetts Institute of Technology,,2019
zoyaajani,University of Toronto,,2014
zreitano,Westminster School,,2009
zt,Communications High School,,2004
